ID;AndroidVendaID;Codigo;OrigemVenda;DepositoID;Tabela;TabelaID;Deposito;StatusSistema;Status;Categoria;Validade;Empresa;EmpresaID;ClienteID;Cliente;PessoaID;ClienteCNPJ;ClienteEmail;Vendedor;VendedorID;PlanoDeConta;FormaPagamento;FormaPagamentoID;NumeroParcelas;FreteMeioEnvio;Transportadora;FreteFormaEnvio;DataEnvio;PrevisaoEntrega;DataPostagem;Enviado;ValorFrete;FreteContaEmitente;CodigoRastreio;EnderecoOpcional;ValorSeguro;Descricao;OutrasDespesas;TransacaoCartao;ValorFinal;Finalizado;Lancado;Municipio;CodigoMunicipio;Pais;CEP;UF;UFCodigo;Bairro;Logradouro;LogradouroNumero;LogradouroComplemento;GruposProdutos;Items;Banco;Data;Pagamentos;LancarComissaoVendedor;ValorComissaoVendedor;NumeroNFe;DataFaturamento;ChaveAcessoNFe;DanfeURL;UrlSefaz;OrdemServico;CodigoPedidoCliente;DataAprovacaoPedido;OrigemBanco;ID_UNICO
6abe344ff8094b3cf4b00c1b;;99704952;PDV;65f1ef07ee68912546e82f33;CLUB VANTAGEM BDC;66c8caacba311769cd7ddafd;ESTOQUE FABRICA BDC;Pedido Faturado;;Consumidor Final;2026-10-01T07:22:07.808-03:00;CASA DE SUCO - BARRA DO CORDA;65f1eea0050d165884add5cc;6aa6b126f2529b4e181fbbb1;Kairon Garcia CLUBE;6aa6b126f2529b4e181fbbb1;62116237394;;PDV TRIZIDELA 2;e4ffd0ea-a438-47d7-a753-33fc4d9bc547;Receitas PDV;PIX;635ae864cd43d34b928b24c4;0;0;;;2026-10-01T07:22:07.855-03:00;0001-01-01T00:00:00-02:00;0001-01-01T00:00:00-02:00;False;0.0;False;;False;0.0;Gerado automaticamente através do modulo PDV;0.0;;27.0;True;True;;;Brasil;;;;;;;;"[{""Id"": 1, ""Nome"": ""Grupo de Produtos Padrão - 01""}]";"[{""Codigo"": ""0224"", ""Unidade"": ""UN"", ""Descricao"": ""0224 - SUCO DE LARANJA 2L - COM AÇUCAR"", ""Quantidade"": 1.0, ""ValorUnitario"": 27.0, ""ValorFrete"": 0.0, ""DescontoUnitario"": 0.0, ""ValorTotal"": 27.0, ""PesoKG"": 0.0, ""Comprimento"": 0.0, ""Altura"": 0.0, ""Largura"": 0.0, ""FreteGratis"": false, ""ValorUnitarioFrete"": 1.0, ""PrazoEntregaFrete"": 0, ""ComissaoVendedor"": 0.0, ""Seguro"": 0.0, ""Composicoes"": [], ""Atributos"": null, ""ProductGroupId"": 1, ""Categoria"": ""COM AÇUCAR"", ""CategoriaID"": ""6344371e5b452fbeceeea9ec""}]";;2026-10-01T07:22:07.855-03:00;"[{""FormaPagamento"": ""PIX"", ""DescricaoPagamento"": ""Pagamento recebido em PIX"", ""ValorPagamento"": 27.0, ""BandeiraCartao"": """", ""NumeroTerminal"": null, ""DataTransacao"": ""2026-10-01T03:00:00Z"", ""CredenciadoraCartao"": null, ""CredenciadoraCNPJ"": null, ""CV_NSU"": null, ""TipoIntegracao"": null, ""CondicaoPagamento"": 0, ""Parcelas"": 1, ""PeriodoParcelas"": 30, ""Adiantamento"": 0.0, ""Quitar"": null}]";;0.0;;2026-10-01T07:22:08.886-03:00;;;;;;0001-01-01T00:00:00-02:00;GRUPO_BARRA;GRUPO_BARRA_CASA DE SUCO - BARRA DO CORDA_6abe344ff8094b3cf4b00c1b
6abe3c56b36b21c5cbf97426;;99704970;PDV;65f1ef07ee68912546e82f33;TABELA B2C BDC;65f1f02ae24a6f10a903ebf0;ESTOQUE FABRICA BDC;Pedido Faturado;;Consumidor Final;2026-10-01T07:56:22.043-03:00;CASA DE SUCO - BARRA DO CORDA;65f1eea0050d165884add5cc;69165b623b0b58c521321d3f;DEBORA NASCIMENTO ANDRADE CLUB MIX;69165b623b0b58c521321d3f;07290221613;;PDV TRIZIDELA 2;e4ffd0ea-a438-47d7-a753-33fc4d9bc547;Receitas PDV;Crédito Loja;5b648d993498afae6d5c3641;1;0;;;2026-10-01T07:56:22.106-03:00;0001-01-01T00:00:00-02:00;0001-01-01T00:00:00-02:00;False;0.0;False;;False;0.0;Gerado automaticamente através do modulo PDV;0.0;;5.0;True;True;;;Brasil;;;;;;;;"[{""Id"": 1, ""Nome"": ""Grupo de Produtos Padrão - 01""}]";"[{""Codigo"": ""123213633322768"", ""Unidade"": """", ""Descricao"": ""123213633322768 - IOGURTE DE MORANGO 300 ML"", ""Quantidade"": 1.0, ""ValorUnitario"": 7.0, ""ValorFrete"": 0.0, ""DescontoUnitario"": 1.9999, ""ValorTotal"": 5.0, ""PesoKG"": 0.0, ""Comprimento"": 0.0, ""Altura"": 0.0, ""Largura"": 0.0, ""FreteGratis"": false, ""ValorUnitarioFrete"": 1.0, ""PrazoEntregaFrete"": 0, ""ComissaoVendedor"": 0.0, ""Seguro"": 0.0, ""Composicoes"": [], ""Atributos"": null, ""ProductGroupId"": 1, ""Categoria"": """", ""CategoriaID"": """"}]";;2026-10-01T07:56:22.106-03:00;"[{""FormaPagamento"": ""Crédito Loja"", ""DescricaoPagamento"": null, ""ValorPagamento"": 5.0, ""BandeiraCartao"": null, ""NumeroTerminal"": null, ""DataTransacao"": ""2026-10-31T03:00:00Z"", ""CredenciadoraCartao"": null, ""CredenciadoraCNPJ"": null, ""CV_NSU"": null, ""TipoIntegracao"": null, ""CondicaoPagamento"": 0, ""Parcelas"": 0, ""PeriodoParcelas"": 0, ""Adiantamento"": 0.0, ""Quitar"": null}]";;0.0;;2026-10-01T07:56:22.732-03:00;;;;;;0001-01-01T00:00:00-02:00;GRUPO_BARRA;GRUPO_BARRA_CASA DE SUCO - BARRA DO CORDA_6abe3c56b36b21c5cbf97426
6abcf3e14d7af225f53a093d;;99704275;Venda Direta;65f1ef07ee68912546e82f33;TAB FOOD BDC;65f1f089ee68912546e835a7;ESTOQUE FABRICA BDC;Pedido Faturado;;;2026-09-30T00:00:00-03:00;CASA DE SUCO - BARRA DO CORDA;65f1eea0050d165884add5cc;661d7791d42796fb91fde940;ARIANE MIX;661d7791d42796fb91fde940;85601489300;;Venda ext bdc;b37b3592-9adf-4620-adb5-63db41695826;VENDAS B2B;PIX;635ae864cd43d34b928b24c4;0;0;;PAC;2026-09-30T08:28:00-03:00;0001-01-01T00:00:00-02:00;0001-01-01T00:00:00-02:00;False;0.0;False;;False;0.0;Entregar na Matriz.;0.0;;78.0;True;True;Barra do Corda;2101608;Brasil;65950000;MA;21;Trizidela;Rua Rio Jutaí;250;Pizzaria;"[{""Id"": 1, ""Nome"": ""Grupo de Produtos Padrão - 01""}]";"[{""Codigo"": ""0252"", ""Unidade"": ""UN"", ""Descricao"": ""0252 - SUCO DE MARACUJA 5L - COM AÇUCAR"", ""Quantidade"": 1.0, ""ValorUnitario"": 48.0, ""ValorFrete"": 0.0, ""DescontoUnitario"": 0.0, ""ValorTotal"": 48.0, ""PesoKG"": 0.0, ""Comprimento"": 0.0, ""Altura"": 0.0, ""Largura"": 0.0, ""FreteGratis"": false, ""ValorUnitarioFrete"": 1.0, ""PrazoEntregaFrete"": 0, ""ComissaoVendedor"": 0.0, ""Seguro"": 0.0, ""Composicoes"": [], ""Atributos"": null, ""ProductGroupId"": 1, ""Categoria"": ""COM AÇUCAR"", ""CategoriaID"": ""6344371e5b452fbeceeea9ec""}, {""Codigo"": ""0249"", ""Unidade"": ""UN"", ""Descricao"": ""0249 - SUCO DE GOIABA 5L - COM AÇUCAR"", ""Quantidade"": 1.0, ""ValorUnitario"": 30.0, ""ValorFrete"": 0.0, ""DescontoUnitario"": 0.0, ""ValorTotal"": 30.0, ""PesoKG"": 0.0, ""Comprimento"": 0.0, ""Altura"": 0.0, ""Largura"": 0.0, ""FreteGratis"": false, ""ValorUnitarioFrete"": 1.0, ""PrazoEntregaFrete"": 0, ""ComissaoVendedor"": 0.0, ""Seguro"": 0.0, ""Composicoes"": [], ""Atributos"": null, ""ProductGroupId"": 1, ""Categoria"": ""COM AÇUCAR"", ""CategoriaID"": ""6344371e5b452fbeceeea9ec""}]";;2026-09-30T08:28:00-03:00;"[{""FormaPagamento"": ""PIX"", ""DescricaoPagamento"": null, ""ValorPagamento"": 78.0, ""BandeiraCartao"": null, ""NumeroTerminal"": null, ""DataTransacao"": ""2026-10-01T03:00:00Z"", ""CredenciadoraCartao"": null, ""CredenciadoraCNPJ"": null, ""CV_NSU"": null, ""TipoIntegracao"": null, ""CondicaoPagamento"": 0, ""Parcelas"": 0, ""PeriodoParcelas"": 0, ""Adiantamento"": 0.0, ""Quitar"": null}]";;0.0;;2026-10-01T07:58:20.28-03:00;;;;;;2026-10-01T07:58:09.592-03:00;GRUPO_BARRA;GRUPO_BARRA_CASA DE SUCO - BARRA DO CORDA_6abcf3e14d7af225f53a093d
6abcf43d4d7af225f53a127f;;99704277;Venda Direta;65f1ef07ee68912546e82f33;TAB FOOD BDC;65f1f089ee68912546e835a7;ESTOQUE FABRICA BDC;Pedido Faturado;;;2026-09-30T00:00:00-03:00;CASA DE SUCO - BARRA DO CORDA;65f1eea0050d165884add5cc;661d7791d42796fb91fde940;ARIANE MIX;661d7791d42796fb91fde940;85601489300;;Venda ext bdc;b37b3592-9adf-4620-adb5-63db41695826;VENDAS B2B;PIX;635ae864cd43d34b928b24c4;0;0;;PAC;2026-09-30T08:35:00-03:00;0001-01-01T00:00:00-02:00;0001-01-01T00:00:00-02:00;False;0.0;False;;False;0.0;Entregar na Av.;0.0;;48.0;True;True;Barra do Corda;2101608;Brasil;65950000;MA;21;Trizidela;Rua Rio Jutaí;250;Pizzaria;"[{""Id"": 1, ""Nome"": ""Grupo de Produtos Padrão - 01""}]";"[{""Codigo"": ""0252"", ""Unidade"": ""UN"", ""Descricao"": ""0252 - SUCO DE MARACUJA 5L - COM AÇUCAR"", ""Quantidade"": 1.0, ""ValorUnitario"": 48.0, ""ValorFrete"": 0.0, ""DescontoUnitario"": 0.0, ""ValorTotal"": 48.0, ""PesoKG"": 0.0, ""Comprimento"": 0.0, ""Altura"": 0.0, ""Largura"": 0.0, ""FreteGratis"": false, ""ValorUnitarioFrete"": 1.0, ""PrazoEntregaFrete"": 0, ""ComissaoVendedor"": 0.0, ""Seguro"": 0.0, ""Composicoes"": [], ""Atributos"": null, ""ProductGroupId"": 1, ""Categoria"": ""COM AÇUCAR"", ""CategoriaID"": ""6344371e5b452fbeceeea9ec""}]";;2026-09-30T08:35:00-03:00;"[{""FormaPagamento"": ""PIX"", ""DescricaoPagamento"": null, ""ValorPagamento"": 48.0, ""BandeiraCartao"": null, ""NumeroTerminal"": null, ""DataTransacao"": ""2026-10-01T03:00:00Z"", ""CredenciadoraCartao"": null, ""CredenciadoraCNPJ"": null, ""CV_NSU"": null, ""TipoIntegracao"": null, ""CondicaoPagamento"": 0, ""Parcelas"": 0, ""PeriodoParcelas"": 0, ""Adiantamento"": 0.0, ""Quitar"": null}]";;0.0;;2026-10-01T07:58:59.578-03:00;;;;;;2026-10-01T07:58:51.813-03:00;GRUPO_BARRA;GRUPO_BARRA_CASA DE SUCO - BARRA DO CORDA_6abcf43d4d7af225f53a127f
6abe410dc35bacdcecef013b;;99704983;PDV;65f1ef07ee68912546e82f33;CLUB VANTAGEM BDC;66c8caacba311769cd7ddafd;ESTOQUE FABRICA BDC;Pedido Faturado;;Consumidor Final;2026-10-01T08:16:29.79-03:00;CASA DE SUCO - BARRA DO CORDA;65f1eea0050d165884add5cc;69c67d550f288b5cd1772fa9;Mila Milena Milhomem Andrade CLUBE;69c67d550f288b5cd1772fa9;08720719361;;PDV TRIZIDELA 2;e4ffd0ea-a438-47d7-a753-33fc4d9bc547;Receitas PDV;Dinheiro;5b648d1c3498afae6d5bfd89;0;0;;;2026-10-01T08:16:29.852-03:00;0001-01-01T00:00:00-02:00;0001-01-01T00:00:00-02:00;False;0.0;False;;False;0.0;Gerado automaticamente através do modulo PDV;0.0;;9.0;True;True;;;Brasil;;;;;;;;"[{""Id"": 1, ""Nome"": ""Grupo de Produtos Padrão - 01""}]";"[{""Codigo"": ""123213633323179"", ""Unidade"": """", ""Descricao"": ""123213633323179 - SALGADO FRITO"", ""Quantidade"": 1.0, ""ValorUnitario"": 4.0, ""ValorFrete"": 0.0, ""DescontoUnitario"": 0.0, ""ValorTotal"": 4.0, ""PesoKG"": 0.0, ""Comprimento"": 0.0, ""Altura"": 0.0, ""Largura"": 0.0, ""FreteGratis"": false, ""ValorUnitarioFrete"": 1.0, ""PrazoEntregaFrete"": 0, ""ComissaoVendedor"": 0.0, ""Seguro"": 0.0, ""Composicoes"": [], ""Atributos"": null, ""ProductGroupId"": 1, ""Categoria"": """", ""CategoriaID"": """"}, {""Codigo"": ""0233"", ""Unidade"": ""UN"", ""Descricao"": ""0233 - SUCO DE GOIABA 300ML - COM AÇUCAR"", ""Quantidade"": 1.0, ""ValorUnitario"": 5.0, ""ValorFrete"": 0.0, ""DescontoUnitario"": 0.0, ""ValorTotal"": 5.0, ""PesoKG"": 0.0, ""Comprimento"": 0.0, ""Altura"": 0.0, ""Largura"": 0.0, ""FreteGratis"": false, ""ValorUnitarioFrete"": 1.0, ""PrazoEntregaFrete"": 0, ""ComissaoVendedor"": 0.0, ""Seguro"": 0.0, ""Composicoes"": [], ""Atributos"": null, ""ProductGroupId"": 1, ""Categoria"": ""COM AÇUCAR"", ""CategoriaID"": ""6344371e5b452fbeceeea9ec""}]";;2026-10-01T08:16:29.852-03:00;"[{""FormaPagamento"": ""Dinheiro"", ""DescricaoPagamento"": ""Pagamento recebido em Dinheiro"", ""ValorPagamento"": 20.0, ""BandeiraCartao"": """", ""NumeroTerminal"": null, ""DataTransacao"": ""2026-10-01T03:00:00Z"", ""CredenciadoraCartao"": null, ""CredenciadoraCNPJ"": null, ""CV_NSU"": null, ""TipoIntegracao"": null, ""CondicaoPagamento"": 0, ""Parcelas"": 1, ""PeriodoParcelas"": 30, ""Adiantamento"": 0.0, ""Quitar"": null}]";;0.0;;2026-10-01T08:16:30.994-03:00;;;;;;0001-01-01T00:00:00-02:00;GRUPO_BARRA;GRUPO_BARRA_CASA DE SUCO - BARRA DO CORDA_6abe410dc35bacdcecef013b
6abe42b4c35bacdcecef1e71;;99704994;PDV;65f1ef07ee68912546e82f33;CLUB VANTAGEM BDC;66c8caacba311769cd7ddafd;ESTOQUE FABRICA BDC;Pedido Faturado;;Consumidor Final;2026-10-01T08:23:32.094-03:00;CASA DE SUCO - BARRA DO CORDA;65f1eea0050d165884add5cc;69886638d82c97959b198eab;Maria Oneide Barbosa CLUBE;69886638d82c97959b198eab;79192238300;;PDV TRIZIDELA 2;e4ffd0ea-a438-47d7-a753-33fc4d9bc547;Receitas PDV;Dinheiro;5b648d1c3498afae6d5bfd89;0;0;;;2026-10-01T08:23:32.157-03:00;0001-01-01T00:00:00-02:00;0001-01-01T00:00:00-02:00;False;0.0;False;;False;0.0;Gerado automaticamente através do modulo PDV;0.0;;14.0;True;True;;;Brasil;;;;;;;;"[{""Id"": 1, ""Nome"": ""Grupo de Produtos Padrão - 01""}]";"[{""Codigo"": ""0204"", ""Unidade"": ""UN"", ""Descricao"": ""0204 - SUCO DE CAJA 1L - COM AÇUCAR"", ""Quantidade"": 1.0, ""ValorUnitario"": 14.0, ""ValorFrete"": 0.0, ""DescontoUnitario"": 0.0, ""ValorTotal"": 14.0, ""PesoKG"": 0.0, ""Comprimento"": 0.0, ""Altura"": 0.0, ""Largura"": 0.0, ""FreteGratis"": false, ""ValorUnitarioFrete"": 1.0, ""PrazoEntregaFrete"": 0, ""ComissaoVendedor"": 0.0, ""Seguro"": 0.0, ""Composicoes"": [], ""Atributos"": null, ""ProductGroupId"": 1, ""Categoria"": ""COM AÇUCAR"", ""CategoriaID"": ""6344371e5b452fbeceeea9ec""}]";;2026-10-01T08:23:32.157-03:00;"[{""FormaPagamento"": ""Dinheiro"", ""DescricaoPagamento"": ""Pagamento recebido em Dinheiro"", ""ValorPagamento"": 14.0, ""BandeiraCartao"": """", ""NumeroTerminal"": null, ""DataTransacao"": ""2026-10-01T03:00:00Z"", ""CredenciadoraCartao"": null, ""CredenciadoraCNPJ"": null, ""CV_NSU"": null, ""TipoIntegracao"": null, ""CondicaoPagamento"": 0, ""Parcelas"": 1, ""PeriodoParcelas"": 30, ""Adiantamento"": 0.0, ""Quitar"": null}]";;0.0;;2026-10-01T08:23:32.845-03:00;;;;;;0001-01-01T00:00:00-02:00;GRUPO_BARRA;GRUPO_BARRA_CASA DE SUCO - BARRA DO CORDA_6abe42b4c35bacdcecef1e71
6abd0f169f6e8a00efdb4e5f;;99704352;Venda Direta;65f1ef07ee68912546e82f33;REVENDEDORES BDC;6757808bcf756b084c8948e7;ESTOQUE FABRICA BDC;Pedido Faturado;;Pedido;2026-09-30T00:00:00-03:00;CASA DE SUCO - BARRA DO CORDA;65f1eea0050d165884add5cc;6927429b495f86455190f5d4;IR NUTRI / JOAO PAULO;6927429b495f86455190f5d4;51356119000132;irnunutri@gmail.com;Venda ext bdc;b37b3592-9adf-4620-adb5-63db41695826;VENDAS B2B;PIX;635ae864cd43d34b928b24c4;0;0;;PAC;2026-09-30T10:26:00-03:00;0001-01-01T00:00:00-02:00;0001-01-01T00:00:00-02:00;False;0.0;False;;False;0.0;;0.0;;529.85;True;True;Grajaú;2104800;Brasil;65940000;MA;21;Canoeiro;Avenida Brasil;176;;"[{""Id"": 1, ""Nome"": ""Grupo de Produtos Padrão - 01""}]";"[{""Codigo"": ""0202"", ""Unidade"": ""UN"", ""Descricao"": ""0202 - SUCO DE ACEROLA 1L - COM AÇUCAR"", ""Quantidade"": 3.0, ""ValorUnitario"": 13.0, ""ValorFrete"": 0.0, ""DescontoUnitario"": 0.0, ""ValorTotal"": 39.0, ""PesoKG"": 0.0, ""Comprimento"": 0.0, ""Altura"": 0.0, ""Largura"": 0.0, ""FreteGratis"": false, ""ValorUnitarioFrete"": 1.0, ""PrazoEntregaFrete"": 0, ""ComissaoVendedor"": 0.0, ""Seguro"": 0.0, ""Composicoes"": [], ""Atributos"": null, ""ProductGroupId"": 1, ""Categoria"": ""COM AÇUCAR"", ""CategoriaID"": ""6344371e5b452fbeceeea9ec""}, {""Codigo"": ""0224"", ""Unidade"": ""UN"", ""Descricao"": ""0224 - SUCO DE LARANJA 2L - COM AÇUCAR"", ""Quantidade"": 3.0, ""ValorUnitario"": 22.0, ""ValorFrete"": 0.0, ""DescontoUnitario"": 0.0, ""ValorTotal"": 66.0, ""PesoKG"": 0.0, ""Comprimento"": 0.0, ""Altura"": 0.0, ""Largura"": 0.0, ""FreteGratis"": false, ""ValorUnitarioFrete"": 1.0, ""PrazoEntregaFrete"": 0, ""ComissaoVendedor"": 0.0, ""Seguro"": 0.0, ""Composicoes"": [], ""Atributos"": null, ""ProductGroupId"": 1, ""Categoria"": ""COM AÇUCAR"", ""CategoriaID"": ""6344371e5b452fbeceeea9ec""}, {""Codigo"": ""0237"", ""Unidade"": ""UN"", ""Descricao"": ""0237 - SUCO DE MARACUJA 300ML - COM AÇUCAR"", ""Quantidade"": 3.0, ""ValorUnitario"": 4.6, ""ValorFrete"": 0.0, ""DescontoUnitario"": 0.0, ""ValorTotal"": 13.8, ""PesoKG"": 0.0, ""Comprimento"": 0.0, ""Altura"": 0.0, ""Largura"": 0.0, ""FreteGratis"": false, ""ValorUnitarioFrete"": 1.0, ""PrazoEntregaFrete"": 0, ""ComissaoVendedor"": 0.0, ""Seguro"": 0.0, ""Composicoes"": [], ""Atributos"": null, ""ProductGroupId"": 1, ""Categoria"": ""COM AÇUCAR"", ""CategoriaID"": ""6344371e5b452fbeceeea9ec""}, {""Codigo"": ""0208"", ""Unidade"": ""UN"", ""Descricao"": ""0208 - SUCO DE GRAVIOLA 1L - COM AÇUCAR"", ""Quantidade"": 2.0, ""ValorUnitario"": 14.0, ""ValorFrete"": 0.0, ""DescontoUnitario"": 0.0, ""ValorTotal"": 28.0, ""PesoKG"": 0.0, ""Comprimento"": 0.0, ""Altura"": 0.0, ""Largura"": 0.0, ""FreteGratis"": false, ""ValorUnitarioFrete"": 1.0, ""PrazoEntregaFrete"": 0, ""ComissaoVendedor"": 0.0, ""Seguro"": 0.0, ""Composicoes"": [], ""Atributos"": null, ""ProductGroupId"": 1, ""Categoria"": """", ""CategoriaID"": """"}, {""Codigo"": ""0209"", ""Unidade"": ""UN"", ""Descricao"": ""0209 - SUCO DE LARANJA 1L - COM AÇUCAR"", ""Quantidade"": 3.0, ""ValorUnitario"": 12.0, ""ValorFrete"": 0.0, ""DescontoUnitario"": 0.0, ""ValorTotal"": 36.0, ""PesoKG"": 0.0, ""Comprimento"": 0.0, ""Altura"": 0.0, ""Largura"": 0.0, ""FreteGratis"": false, ""ValorUnitarioFrete"": 1.0, ""PrazoEntregaFrete"": 0, ""ComissaoVendedor"": 0.0, ""Seguro"": 0.0, ""Composicoes"": [], ""Atributos"": null, ""ProductGroupId"": 1, ""Categoria"": ""COM AÇUCAR"", ""CategoriaID"": ""6344371e5b452fbeceeea9ec""}, {""Codigo"": ""0324"", ""Unidade"": ""UN"", ""Descricao"": ""0324 - SUCO DE LARANJA 2L - SEM AÇUCAR"", ""Quantidade"": 2.0, ""ValorUnitario"": 22.0, ""ValorFrete"": 0.0, ""DescontoUnitario"": 0.0, ""ValorTotal"": 44.0, ""PesoKG"": 0.0, ""Comprimento"": 0.0, ""Altura"": 0.0, ""Largura"": 0.0, ""FreteGratis"": false, ""ValorUnitarioFrete"": 1.0, ""PrazoEntregaFrete"": 0, ""ComissaoVendedor"": 0.0, ""Seguro"": 0.0, ""Composicoes"": [], ""Atributos"": null, ""ProductGroupId"": 1, ""Categoria"": ""SEM AÇUCAR"", ""CategoriaID"": ""6525b5fade6325a32c55386b""}, {""Codigo"": ""0207"", ""Unidade"": ""UN"", ""Descricao"": ""0207 - SUCO DE GOIABA 1L - COM AÇUCAR"", ""Quantidade"": 3.0, ""ValorUnitario"": 10.0, ""ValorFrete"": 0.0, ""DescontoUnitario"": 0.0, ""ValorTotal"": 30.0, ""PesoKG"": 0.0, ""Comprimento"": 0.0, ""Altura"": 0.0, ""Largura"": 0.0, ""FreteGratis"": false, ""ValorUnitarioFrete"": 1.0, ""PrazoEntregaFrete"": 0, ""ComissaoVendedor"": 0.0, ""Seguro"": 0.0, ""Composicoes"": [], ""Atributos"": null, ""ProductGroupId"": 1, ""Categoria"": ""COM AÇUCAR"", ""CategoriaID"": ""6344371e5b452fbeceeea9ec""}, {""Codigo"": ""0225"", ""Unidade"": ""UN"", ""Descricao"": ""0225 - SUCO DE MARACUJA 2L - COM AÇUCAR"", ""Quantidade"": 3.0, ""ValorUnitario"": 22.0, ""ValorFrete"": 0.0, ""DescontoUnitario"": 0.0, ""ValorTotal"": 66.0, ""PesoKG"": 0.0, ""Comprimento"": 0.0, ""Altura"": 0.0, ""Largura"": 0.0, ""FreteGratis"": false, ""ValorUnitarioFrete"": 1.0, ""PrazoEntregaFrete"": 0, ""ComissaoVendedor"": 0.0, ""Seguro"": 0.0, ""Composicoes"": [], ""Atributos"": null, ""ProductGroupId"": 1, ""Categoria"": ""COM AÇUCAR"", ""CategoriaID"": ""6344371e5b452fbeceeea9ec""}, {""Codigo"": ""0211"", ""Unidade"": ""UN"", ""Descricao"": ""0211 - SUCO DE MARACUJA 1L - COM AÇUCAR"", ""Quantidade"": 2.0, ""ValorUnitario"": 12.0, ""ValorFrete"": 0.0, ""DescontoUnitario"": 0.0, ""ValorTotal"": 24.0, ""PesoKG"": 0.0, ""Comprimento"": 0.0, ""Altura"": 0.0, ""Largura"": 0.0, ""FreteGratis"": false, ""ValorUnitarioFrete"": 1.0, ""PrazoEntregaFrete"": 0, ""ComissaoVendedor"": 0.0, ""Seguro"": 0.0, ""Composicoes"": [], ""Atributos"": null, ""ProductGroupId"": 1, ""Categoria"": ""COM AÇUCAR"", ""CategoriaID"": ""6344371e5b452fbeceeea9ec""}, {""Codigo"": ""0309"", ""Unidade"": ""UN"", ""Descricao"": ""0309 - SUCO DE LARANJA 1L - SEM AÇUCAR"", ""Quantidade"": 2.0, ""ValorUnitario"": 12.0, ""ValorFrete"": 0.0, ""DescontoUnitario"": 0.0, ""ValorTotal"": 24.0, ""PesoKG"": 0.0, ""Comprimento"": 0.0, ""Altura"": 0.0, ""Largura"": 0.0, ""FreteGratis"": false, ""ValorUnitarioFrete"": 1.0, ""PrazoEntregaFrete"": 0, ""ComissaoVendedor"": 0.0, ""Seguro"": 0.0, ""Composicoes"": [], ""Atributos"": null, ""ProductGroupId"": 1, ""Categoria"": ""SEM AÇUCAR"", ""CategoriaID"": ""6525b5fade6325a32c55386b""}, {""Codigo"": ""0229"", ""Unidade"": ""UN"", ""Descricao"": ""0229 - SUCO DE ACEROLA 300ML - COM AÇUCAR"", ""Quantidade"": 3.0, ""ValorUnitario"": 4.35, ""ValorFrete"": 0.0, ""DescontoUnitario"": 0.0, ""ValorTotal"": 13.05, ""PesoKG"": 0.0, ""Comprimento"": 0.0, ""Altura"": 0.0, ""Largura"": 0.0, ""FreteGratis"": false, ""ValorUnitarioFrete"": 1.0, ""PrazoEntregaFrete"": 0, ""ComissaoVendedor"": 0.0, ""Seguro"": 0.0, ""Composicoes"": [], ""Atributos"": null, ""ProductGroupId"": 1, ""Categoria"": ""COM AÇUCAR"", ""CategoriaID"": ""6344371e5b452fbeceeea9ec""}, {""Codigo"": ""0216"", ""Unidade"": ""UN"", ""Descricao"": ""0216 - SUCO DE ACEROLA 2L - COM AÇUCAR"", ""Quantidade"": 3.0, ""ValorUnitario"": 23.5, ""ValorFrete"": 0.0, ""DescontoUnitario"": 0.0, ""ValorTotal"": 70.5, ""PesoKG"": 0.0, ""Comprimento"": 0.0, ""Altura"": 0.0, ""Largura"": 0.0, ""FreteGratis"": false, ""ValorUnitarioFrete"": 1.0, ""PrazoEntregaFrete"": 0, ""ComissaoVendedor"": 0.0, ""Seguro"": 0.0, ""Composicoes"": [], ""Atributos"": null, ""ProductGroupId"": 1, ""Categoria"": ""COM AÇUCAR"", ""CategoriaID"": ""6344371e5b452fbeceeea9ec""}, {""Codigo"": ""0236"", ""Unidade"": ""UN"", ""Descricao"": ""0236 - SUCO DE LARANJA 300ML - COM AÇUCAR"", ""Quantidade"": 3.0, ""ValorUnitario"": 4.0, ""ValorFrete"": 0.0, ""DescontoUnitario"": 0.0, ""ValorTotal"": 12.0, ""PesoKG"": 0.0, ""Comprimento"": 0.0, ""Altura"": 0.0, ""Largura"": 0.0, ""FreteGratis"": false, ""ValorUnitarioFrete"": 1.0, ""PrazoEntregaFrete"": 0, ""ComissaoVendedor"": 0.0, ""Seguro"": 0.0, ""Composicoes"": [], ""Atributos"": null, ""ProductGroupId"": 1, ""Categoria"": ""COM AÇUCAR"", ""CategoriaID"": ""6344371e5b452fbeceeea9ec""}, {""Codigo"": ""0233"", ""Unidade"": ""UN"", ""Descricao"": ""0233 - SUCO DE GOIABA 300ML - COM AÇUCAR"", ""Quantidade"": 3.0, ""ValorUnitario"": 3.5, ""ValorFrete"": 0.0, ""DescontoUnitario"": 0.0, ""ValorTotal"": 10.5, ""PesoKG"": 0.0, ""Comprimento"": 0.0, ""Altura"": 0.0, ""Largura"": 0.0, ""FreteGratis"": false, ""ValorUnitarioFrete"": 1.0, ""PrazoEntregaFrete"": 0, ""ComissaoVendedor"": 0.0, ""Seguro"": 0.0, ""Composicoes"": [], ""Atributos"": null, ""ProductGroupId"": 1, ""Categoria"": ""COM AÇUCAR"", ""CategoriaID"": ""6344371e5b452fbeceeea9ec""}, {""Codigo"": ""0222"", ""Unidade"": ""UN"", ""Descricao"": ""0222 - SUCO DE GOIABA 2L - COM AÇUCAR"", ""Quantidade"": 2.0, ""ValorUnitario"": 18.0, ""ValorFrete"": 0.0, ""DescontoUnitario"": 0.0, ""ValorTotal"": 36.0, ""PesoKG"": 0.0, ""Comprimento"": 0.0, ""Altura"": 0.0, ""Largura"": 0.0, ""FreteGratis"": false, ""ValorUnitarioFrete"": 1.0, ""PrazoEntregaFrete"": 0, ""ComissaoVendedor"": 0.0, ""Seguro"": 0.0, ""Composicoes"": [], ""Atributos"": null, ""ProductGroupId"": 1, ""Categoria"": ""COM AÇUCAR"", ""CategoriaID"": ""6344371e5b452fbeceeea9ec""}, {""Codigo"": ""0235"", ""Unidade"": ""UN"", ""Descricao"": ""0235 - SUCO DE GRAVIOLA 300ML - COM AÇUCAR"", ""Quantidade"": 2.0, ""ValorUnitario"": 4.5, ""ValorFrete"": 0.0, ""DescontoUnitario"": 0.0, ""ValorTotal"": 9.0, ""PesoKG"": 0.0, ""Comprimento"": 0.0, ""Altura"": 0.0, ""Largura"": 0.0, ""FreteGratis"": false, ""ValorUnitarioFrete"": 1.0, ""PrazoEntregaFrete"": 0, ""ComissaoVendedor"": 0.0, ""Seguro"": 0.0, ""Composicoes"": [], ""Atributos"": null, ""ProductGroupId"": 1, ""Categoria"": """", ""CategoriaID"": """"}, {""Codigo"": ""0336"", ""Unidade"": ""UN"", ""Descricao"": ""0336 - SUCO DE LARANJA 300ML - SEM AÇUCAR"", ""Quantidade"": 2.0, ""ValorUnitario"": 4.0, ""ValorFrete"": 0.0, ""DescontoUnitario"": 0.0, ""ValorTotal"": 8.0, ""PesoKG"": 0.0, ""Comprimento"": 0.0, ""Altura"": 0.0, ""Largura"": 0.0, ""FreteGratis"": false, ""ValorUnitarioFrete"": 1.0, ""PrazoEntregaFrete"": 0, ""ComissaoVendedor"": 0.0, ""Seguro"": 0.0, ""Composicoes"": [], ""Atributos"": null, ""ProductGroupId"": 1, ""Categoria"": ""SEM AÇUCAR"", ""CategoriaID"": ""6525b5fade6325a32c55386b""}]";;2026-09-30T10:26:00-03:00;"[{""FormaPagamento"": ""PIX"", ""DescricaoPagamento"": null, ""ValorPagamento"": 529.85, ""BandeiraCartao"": null, ""NumeroTerminal"": null, ""DataTransacao"": ""2026-10-02T03:00:00Z"", ""CredenciadoraCartao"": null, ""CredenciadoraCNPJ"": null, ""CV_NSU"": null, ""TipoIntegracao"": null, ""CondicaoPagamento"": 0, ""Parcelas"": 0, ""PeriodoParcelas"": 0, ""Adiantamento"": 0.0, ""Quitar"": null}]";;0.0;;2026-10-01T08:26:15.138-03:00;;;;;;2026-10-01T08:26:02-03:00;GRUPO_BARRA;GRUPO_BARRA_CASA DE SUCO - BARRA DO CORDA_6abd0f169f6e8a00efdb4e5f
6abe436fc35bacdcecef2b50;;99704998;PDV;65f1ef07ee68912546e82f33;TABELA B2C BDC;65f1f02ae24a6f10a903ebf0;ESTOQUE FABRICA BDC;Pedido Faturado;;Consumidor Final;2026-10-01T08:26:39.452-03:00;CASA DE SUCO - BARRA DO CORDA;65f1eea0050d165884add5cc;6a4b94c2b0383f28eb020933;MATHEUS AUGUSTO PEREIRA DOS SANTOS;6a4b94c2b0383f28eb020933;;;PDV TRIZIDELA 2;e4ffd0ea-a438-47d7-a753-33fc4d9bc547;Receitas PDV;Crédito Loja;5b648d993498afae6d5c3641;1;0;;;2026-10-01T08:26:39.514-03:00;0001-01-01T00:00:00-02:00;0001-01-01T00:00:00-02:00;False;0.0;False;;False;0.0;Gerado automaticamente através do modulo PDV;0.0;;5.0;True;True;;;Brasil;;;;;;;;"[{""Id"": 1, ""Nome"": ""Grupo de Produtos Padrão - 01""}]";"[{""Codigo"": ""123213633322782"", ""Unidade"": """", ""Descricao"": ""123213633322782 - IOGURTE DE AVEIA E CHIA 300ML"", ""Quantidade"": 1.0, ""ValorUnitario"": 7.0, ""ValorFrete"": 0.0, ""DescontoUnitario"": 1.9999, ""ValorTotal"": 5.0, ""PesoKG"": 0.0, ""Comprimento"": 0.0, ""Altura"": 0.0, ""Largura"": 0.0, ""FreteGratis"": false, ""ValorUnitarioFrete"": 1.0, ""PrazoEntregaFrete"": 0, ""ComissaoVendedor"": 0.0, ""Seguro"": 0.0, ""Composicoes"": [], ""Atributos"": null, ""ProductGroupId"": 1, ""Categoria"": """", ""CategoriaID"": """"}]";;2026-10-01T08:26:39.514-03:00;"[{""FormaPagamento"": ""Crédito Loja"", ""DescricaoPagamento"": null, ""ValorPagamento"": 5.0, ""BandeiraCartao"": null, ""NumeroTerminal"": null, ""DataTransacao"": ""2026-10-31T03:00:00Z"", ""CredenciadoraCartao"": null, ""CredenciadoraCNPJ"": null, ""CV_NSU"": null, ""TipoIntegracao"": null, ""CondicaoPagamento"": 0, ""Parcelas"": 0, ""PeriodoParcelas"": 0, ""Adiantamento"": 0.0, ""Quitar"": null}]";;0.0;;2026-10-01T08:26:40.063-03:00;;;;;;0001-01-01T00:00:00-02:00;GRUPO_BARRA;GRUPO_BARRA_CASA DE SUCO - BARRA DO CORDA_6abe436fc35bacdcecef2b50
6abbdb100d68f3866b7886a5;;99703698;Venda Direta;65f1ef07ee68912546e82f33;VENDA ESP B2B;68aeea8a3f1a46d41fc5640b;ESTOQUE FABRICA BDC;Pedido Faturado;;Pedido;2026-09-29T00:00:00-03:00;CASA DE SUCO - BARRA DO CORDA;65f1eea0050d165884add5cc;6a577ef9ea0ab582d2ca7bbc;Restaurante do Zuqui;6a577ef9ea0ab582d2ca7bbc;02766629629;;Venda ext bdc;b37b3592-9adf-4620-adb5-63db41695826;VENDAS B2B;A Prazo;663e2c99993e71a10f3bad2e;0;0;;PAC;2026-09-29T12:34:00-03:00;0001-01-01T00:00:00-02:00;0001-01-01T00:00:00-02:00;False;0.0;False;;False;0.0;30/09;0.0;;86.0;True;True;GRAJAÚ;;Brasil;;MA;21;;;;;"[{""Id"": 1, ""Nome"": ""Grupo de Produtos Padrão - 01""}]";"[{""Codigo"": ""0237"", ""Unidade"": ""UN"", ""Descricao"": ""0237 - SUCO DE MARACUJA 300ML - COM AÇUCAR"", ""Quantidade"": 5.0, ""ValorUnitario"": 4.8, ""ValorFrete"": 0.0, ""DescontoUnitario"": 0.0, ""ValorTotal"": 24.0, ""PesoKG"": 0.0, ""Comprimento"": 0.0, ""Altura"": 0.0, ""Largura"": 0.0, ""FreteGratis"": false, ""ValorUnitarioFrete"": 1.0, ""PrazoEntregaFrete"": 0, ""ComissaoVendedor"": 0.0, ""Seguro"": 0.0, ""Composicoes"": [], ""Atributos"": null, ""ProductGroupId"": 1, ""Categoria"": ""COM AÇUCAR"", ""CategoriaID"": ""6344371e5b452fbeceeea9ec""}, {""Codigo"": ""0229"", ""Unidade"": ""UN"", ""Descricao"": ""0229 - SUCO DE ACEROLA 300ML - COM AÇUCAR"", ""Quantidade"": 5.0, ""ValorUnitario"": 4.8, ""ValorFrete"": 0.0, ""DescontoUnitario"": 0.0, ""ValorTotal"": 24.0, ""PesoKG"": 0.0, ""Comprimento"": 0.0, ""Altura"": 0.0, ""Largura"": 0.0, ""FreteGratis"": false, ""ValorUnitarioFrete"": 1.0, ""PrazoEntregaFrete"": 0, ""ComissaoVendedor"": 0.0, ""Seguro"": 0.0, ""Composicoes"": [], ""Atributos"": null, ""ProductGroupId"": 1, ""Categoria"": ""COM AÇUCAR"", ""CategoriaID"": ""6344371e5b452fbeceeea9ec""}, {""Codigo"": ""0235"", ""Unidade"": ""UN"", ""Descricao"": ""0235 - SUCO DE GRAVIOLA 300ML - COM AÇUCAR"", ""Quantidade"": 5.0, ""ValorUnitario"": 5.0, ""ValorFrete"": 0.0, ""DescontoUnitario"": 0.0, ""ValorTotal"": 25.0, ""PesoKG"": 0.0, ""Comprimento"": 0.0, ""Altura"": 0.0, ""Largura"": 0.0, ""FreteGratis"": false, ""ValorUnitarioFrete"": 1.0, ""PrazoEntregaFrete"": 0, ""ComissaoVendedor"": 0.0, ""Seguro"": 0.0, ""Composicoes"": [], ""Atributos"": null, ""ProductGroupId"": 1, ""Categoria"": """", ""CategoriaID"": """"}, {""Codigo"": ""0213"", ""Unidade"": ""UN"", ""Descricao"": ""0213 - SUCO DE TAMARINDO 1L - COM AÇUCAR"", ""Quantidade"": 1.0, ""ValorUnitario"": 13.0, ""ValorFrete"": 0.0, ""DescontoUnitario"": 0.0, ""ValorTotal"": 13.0, ""PesoKG"": 0.0, ""Comprimento"": 0.0, ""Altura"": 0.0, ""Largura"": 0.0, ""FreteGratis"": false, ""ValorUnitarioFrete"": 1.0, ""PrazoEntregaFrete"": 0, ""ComissaoVendedor"": 0.0, ""Seguro"": 0.0, ""Composicoes"": [], ""Atributos"": null, ""ProductGroupId"": 1, ""Categoria"": ""COM AÇUCAR"", ""CategoriaID"": ""6344371e5b452fbeceeea9ec""}]";;2026-09-29T12:34:00-03:00;"[{""FormaPagamento"": ""Duplicata"", ""DescricaoPagamento"": null, ""ValorPagamento"": 86.0, ""BandeiraCartao"": null, ""NumeroTerminal"": null, ""DataTransacao"": ""2026-10-02T03:00:00Z"", ""CredenciadoraCartao"": null, ""CredenciadoraCNPJ"": null, ""CV_NSU"": null, ""TipoIntegracao"": null, ""CondicaoPagamento"": 0, ""Parcelas"": 0, ""PeriodoParcelas"": 0, ""Adiantamento"": 0.0, ""Quitar"": null}]";;0.0;;2026-10-01T08:27:16.689-03:00;;;;;;2026-10-01T08:26:40.111-03:00;GRUPO_BARRA;GRUPO_BARRA_CASA DE SUCO - BARRA DO CORDA_6abbdb100d68f3866b7886a5
6abcfe2906143f02c9ae71d9;;99704319;Venda Direta;65f1ef07ee68912546e82f33;VENDA ESP B2B;68aeea8a3f1a46d41fc5640b;ESTOQUE FABRICA BDC;Pedido Faturado;;;2026-09-30T00:00:00-03:00;CASA DE SUCO - BARRA DO CORDA;65f1eea0050d165884add5cc;69c1ba1ce32bde4172f12636;ESPETINHO S.A GRAJAÚ ( SILVANA );69c1ba1ce32bde4172f12636;02941814310;;VENDA EXTERNA - RAVANELE;a6f4851a-290e-4fff-917d-0c1374f02362;VENDAS B2B;Dinheiro;5b648d1c3498afae6d5bfd89;0;0;;PAC;2026-09-30T09:16:00-03:00;0001-01-01T00:00:00-02:00;0001-01-01T00:00:00-02:00;False;0.0;False;;False;0.0;30/09;0.0;;279.8;True;True;Grajaú ;;;;;;centro;próx a ponte;;rua Salomão barros;"[{""Id"": 1, ""Nome"": ""Grupo de Produtos Padrão - 01""}]";"[{""Codigo"": ""0237"", ""Unidade"": ""UN"", ""Descricao"": ""0237 - SUCO DE MARACUJA 300ML - COM AÇUCAR"", ""Quantidade"": 10.0, ""ValorUnitario"": 4.8, ""ValorFrete"": 0.0, ""DescontoUnitario"": 0.0, ""ValorTotal"": 48.0, ""PesoKG"": 0.0, ""Comprimento"": 0.0, ""Altura"": 0.0, ""Largura"": 0.0, ""FreteGratis"": false, ""ValorUnitarioFrete"": 1.0, ""PrazoEntregaFrete"": 0, ""ComissaoVendedor"": 0.0, ""Seguro"": 0.0, ""Composicoes"": [], ""Atributos"": null, ""ProductGroupId"": 1, ""Categoria"": ""COM AÇUCAR"", ""CategoriaID"": ""6344371e5b452fbeceeea9ec""}, {""Codigo"": ""0211"", ""Unidade"": ""UN"", ""Descricao"": ""0211 - SUCO DE MARACUJA 1L - COM AÇUCAR"", ""Quantidade"": 8.0, ""ValorUnitario"": 14.0, ""ValorFrete"": 0.0, ""DescontoUnitario"": 0.0, ""ValorTotal"": 112.0, ""PesoKG"": 0.0, ""Comprimento"": 0.0, ""Altura"": 0.0, ""Largura"": 0.0, ""FreteGratis"": false, ""ValorUnitarioFrete"": 1.0, ""PrazoEntregaFrete"": 0, ""ComissaoVendedor"": 0.0, ""Seguro"": 0.0, ""Composicoes"": [], ""Atributos"": null, ""ProductGroupId"": 1, ""Categoria"": ""COM AÇUCAR"", ""CategoriaID"": ""6344371e5b452fbeceeea9ec""}, {""Codigo"": ""0207"", ""Unidade"": ""UN"", ""Descricao"": ""0207 - SUCO DE GOIABA 1L - COM AÇUCAR"", ""Quantidade"": 1.0, ""ValorUnitario"": 13.0, ""ValorFrete"": 0.0, ""DescontoUnitario"": 0.0, ""ValorTotal"": 13.0, ""PesoKG"": 0.0, ""Comprimento"": 0.0, ""Altura"": 0.0, ""Largura"": 0.0, ""FreteGratis"": false, ""ValorUnitarioFrete"": 1.0, ""PrazoEntregaFrete"": 0, ""ComissaoVendedor"": 0.0, ""Seguro"": 0.0, ""Composicoes"": [], ""Atributos"": null, ""ProductGroupId"": 1, ""Categoria"": ""COM AÇUCAR"", ""CategoriaID"": ""6344371e5b452fbeceeea9ec""}, {""Codigo"": ""0229"", ""Unidade"": ""UN"", ""Descricao"": ""0229 - SUCO DE ACEROLA 300ML - COM AÇUCAR"", ""Quantidade"": 6.0, ""ValorUnitario"": 4.8, ""ValorFrete"": 0.0, ""DescontoUnitario"": 0.0, ""ValorTotal"": 28.8, ""PesoKG"": 0.0, ""Comprimento"": 0.0, ""Altura"": 0.0, ""Largura"": 0.0, ""FreteGratis"": false, ""ValorUnitarioFrete"": 1.0, ""PrazoEntregaFrete"": 0, ""ComissaoVendedor"": 0.0, ""Seguro"": 0.0, ""Composicoes"": [], ""Atributos"": null, ""ProductGroupId"": 1, ""Categoria"": ""COM AÇUCAR"", ""CategoriaID"": ""6344371e5b452fbeceeea9ec""}, {""Codigo"": ""0202"", ""Unidade"": ""UN"", ""Descricao"": ""0202 - SUCO DE ACEROLA 1L - COM AÇUCAR"", ""Quantidade"": 6.0, ""ValorUnitario"": 13.0, ""ValorFrete"": 0.0, ""DescontoUnitario"": 0.0, ""ValorTotal"": 78.0, ""PesoKG"": 0.0, ""Comprimento"": 0.0, ""Altura"": 0.0, ""Largura"": 0.0, ""FreteGratis"": false, ""ValorUnitarioFrete"": 1.0, ""PrazoEntregaFrete"": 0, ""ComissaoVendedor"": 0.0, ""Seguro"": 0.0, ""Composicoes"": [], ""Atributos"": null, ""ProductGroupId"": 1, ""Categoria"": ""COM AÇUCAR"", ""CategoriaID"": ""6344371e5b452fbeceeea9ec""}]";;2026-09-30T09:16:00-03:00;"[{""FormaPagamento"": ""Duplicata"", ""DescricaoPagamento"": null, ""ValorPagamento"": 279.8, ""BandeiraCartao"": null, ""NumeroTerminal"": null, ""DataTransacao"": ""2026-10-02T03:00:00Z"", ""CredenciadoraCartao"": null, ""CredenciadoraCNPJ"": null, ""CV_NSU"": null, ""TipoIntegracao"": null, ""CondicaoPagamento"": 0, ""Parcelas"": 0, ""PeriodoParcelas"": 0, ""Adiantamento"": 0.0, ""Quitar"": null}]";;0.0;;2026-10-01T08:28:02.518-03:00;;;;;;2026-10-01T08:27:42.458-03:00;GRUPO_BARRA;GRUPO_BARRA_CASA DE SUCO - BARRA DO CORDA_6abcfe2906143f02c9ae71d9
6abbd9261e15aaac8d82bef4;;99703687;Venda Direta;65f1ef07ee68912546e82f33;VENDA ESP B2B;68aeea8a3f1a46d41fc5640b;ESTOQUE FABRICA BDC;Pedido Faturado;;;2026-09-29T00:00:00-03:00;CASA DE SUCO - BARRA DO CORDA;65f1eea0050d165884add5cc;69ab34f751211d54c74c19dd;ELLIFARMA;69ab34f751211d54c74c19dd;24282871000103;accontcontabilidade@hotmail.com;VENDA EXTERNA - RAVANELE;a6f4851a-290e-4fff-917d-0c1374f02362;VENDAS B2B;A Prazo;663e2c99993e71a10f3bad2e;0;0;;PAC;2026-09-29T12:26:00-03:00;0001-01-01T00:00:00-02:00;0001-01-01T00:00:00-02:00;False;0.0;False;;False;0.0;30/09;0.0;;326.6;True;True;GRAJAU;;Brasil;65940000;MA;;ALTO BRASIL;AV GETULIO VARGAS;50;;"[{""Id"": 1, ""Nome"": ""Grupo de Produtos Padrão - 01""}]";"[{""Codigo"": ""0209"", ""Unidade"": ""UN"", ""Descricao"": ""0209 - SUCO DE LARANJA 1L - COM AÇUCAR"", ""Quantidade"": 6.0, ""ValorUnitario"": 14.0, ""ValorFrete"": 0.0, ""DescontoUnitario"": 0.0, ""ValorTotal"": 84.0, ""PesoKG"": 0.0, ""Comprimento"": 0.0, ""Altura"": 0.0, ""Largura"": 0.0, ""FreteGratis"": false, ""ValorUnitarioFrete"": 1.0, ""PrazoEntregaFrete"": 0, ""ComissaoVendedor"": 0.0, ""Seguro"": 0.0, ""Composicoes"": [], ""Atributos"": null, ""ProductGroupId"": 1, ""Categoria"": ""COM AÇUCAR"", ""CategoriaID"": ""6344371e5b452fbeceeea9ec""}, {""Codigo"": ""0236"", ""Unidade"": ""UN"", ""Descricao"": ""0236 - SUCO DE LARANJA 300ML - COM AÇUCAR"", ""Quantidade"": 6.0, ""ValorUnitario"": 4.5, ""ValorFrete"": 0.0, ""DescontoUnitario"": 0.0, ""ValorTotal"": 27.0, ""PesoKG"": 0.0, ""Comprimento"": 0.0, ""Altura"": 0.0, ""Largura"": 0.0, ""FreteGratis"": false, ""ValorUnitarioFrete"": 1.0, ""PrazoEntregaFrete"": 0, ""ComissaoVendedor"": 0.0, ""Seguro"": 0.0, ""Composicoes"": [], ""Atributos"": null, ""ProductGroupId"": 1, ""Categoria"": ""COM AÇUCAR"", ""CategoriaID"": ""6344371e5b452fbeceeea9ec""}, {""Codigo"": ""0237"", ""Unidade"": ""UN"", ""Descricao"": ""0237 - SUCO DE MARACUJA 300ML - COM AÇUCAR"", ""Quantidade"": 6.0, ""ValorUnitario"": 4.8, ""ValorFrete"": 0.0, ""DescontoUnitario"": 0.0, ""ValorTotal"": 28.8, ""PesoKG"": 0.0, ""Comprimento"": 0.0, ""Altura"": 0.0, ""Largura"": 0.0, ""FreteGratis"": false, ""ValorUnitarioFrete"": 1.0, ""PrazoEntregaFrete"": 0, ""ComissaoVendedor"": 0.0, ""Seguro"": 0.0, ""Composicoes"": [], ""Atributos"": null, ""ProductGroupId"": 1, ""Categoria"": ""COM AÇUCAR"", ""CategoriaID"": ""6344371e5b452fbeceeea9ec""}, {""Codigo"": ""0213"", ""Unidade"": ""UN"", ""Descricao"": ""0213 - SUCO DE TAMARINDO 1L - COM AÇUCAR"", ""Quantidade"": 3.0, ""ValorUnitario"": 13.0, ""ValorFrete"": 0.0, ""DescontoUnitario"": 0.0, ""ValorTotal"": 39.0, ""PesoKG"": 0.0, ""Comprimento"": 0.0, ""Altura"": 0.0, ""Largura"": 0.0, ""FreteGratis"": false, ""ValorUnitarioFrete"": 1.0, ""PrazoEntregaFrete"": 0, ""ComissaoVendedor"": 0.0, ""Seguro"": 0.0, ""Composicoes"": [], ""Atributos"": null, ""ProductGroupId"": 1, ""Categoria"": ""COM AÇUCAR"", ""CategoriaID"": ""6344371e5b452fbeceeea9ec""}, {""Codigo"": ""0211"", ""Unidade"": ""UN"", ""Descricao"": ""0211 - SUCO DE MARACUJA 1L - COM AÇUCAR"", ""Quantidade"": 4.0, ""ValorUnitario"": 14.0, ""ValorFrete"": 0.0, ""DescontoUnitario"": 0.0, ""ValorTotal"": 56.0, ""PesoKG"": 0.0, ""Comprimento"": 0.0, ""Altura"": 0.0, ""Largura"": 0.0, ""FreteGratis"": false, ""ValorUnitarioFrete"": 1.0, ""PrazoEntregaFrete"": 0, ""ComissaoVendedor"": 0.0, ""Seguro"": 0.0, ""Composicoes"": [], ""Atributos"": null, ""ProductGroupId"": 1, ""Categoria"": ""COM AÇUCAR"", ""CategoriaID"": ""6344371e5b452fbeceeea9ec""}, {""Codigo"": ""0207"", ""Unidade"": ""UN"", ""Descricao"": ""0207 - SUCO DE GOIABA 1L - COM AÇUCAR"", ""Quantidade"": 3.0, ""ValorUnitario"": 13.0, ""ValorFrete"": 0.0, ""DescontoUnitario"": 0.0, ""ValorTotal"": 39.0, ""PesoKG"": 0.0, ""Comprimento"": 0.0, ""Altura"": 0.0, ""Largura"": 0.0, ""FreteGratis"": false, ""ValorUnitarioFrete"": 1.0, ""PrazoEntregaFrete"": 0, ""ComissaoVendedor"": 0.0, ""Seguro"": 0.0, ""Composicoes"": [], ""Atributos"": null, ""ProductGroupId"": 1, ""Categoria"": ""COM AÇUCAR"", ""CategoriaID"": ""6344371e5b452fbeceeea9ec""}, {""Codigo"": ""0233"", ""Unidade"": ""UN"", ""Descricao"": ""0233 - SUCO DE GOIABA 300ML - COM AÇUCAR"", ""Quantidade"": 6.0, ""ValorUnitario"": 4.0, ""ValorFrete"": 0.0, ""DescontoUnitario"": 0.0, ""ValorTotal"": 24.0, ""PesoKG"": 0.0, ""Comprimento"": 0.0, ""Altura"": 0.0, ""Largura"": 0.0, ""FreteGratis"": false, ""ValorUnitarioFrete"": 1.0, ""PrazoEntregaFrete"": 0, ""ComissaoVendedor"": 0.0, ""Seguro"": 0.0, ""Composicoes"": [], ""Atributos"": null, ""ProductGroupId"": 1, ""Categoria"": ""COM AÇUCAR"", ""CategoriaID"": ""6344371e5b452fbeceeea9ec""}, {""Codigo"": ""0229"", ""Unidade"": ""UN"", ""Descricao"": ""0229 - SUCO DE ACEROLA 300ML - COM AÇUCAR"", ""Quantidade"": 6.0, ""ValorUnitario"": 4.8, ""ValorFrete"": 0.0, ""DescontoUnitario"": 0.0, ""ValorTotal"": 28.8, ""PesoKG"": 0.0, ""Comprimento"": 0.0, ""Altura"": 0.0, ""Largura"": 0.0, ""FreteGratis"": false, ""ValorUnitarioFrete"": 1.0, ""PrazoEntregaFrete"": 0, ""ComissaoVendedor"": 0.0, ""Seguro"": 0.0, ""Composicoes"": [], ""Atributos"": null, ""ProductGroupId"": 1, ""Categoria"": ""COM AÇUCAR"", ""CategoriaID"": ""6344371e5b452fbeceeea9ec""}]";;2026-09-29T12:26:00-03:00;"[{""FormaPagamento"": ""Duplicata"", ""DescricaoPagamento"": null, ""ValorPagamento"": 326.6, ""BandeiraCartao"": null, ""NumeroTerminal"": null, ""DataTransacao"": ""2026-10-02T03:00:00Z"", ""CredenciadoraCartao"": null, ""CredenciadoraCNPJ"": null, ""CV_NSU"": null, ""TipoIntegracao"": null, ""CondicaoPagamento"": 0, ""Parcelas"": 0, ""PeriodoParcelas"": 0, ""Adiantamento"": 0.0, ""Quitar"": null}]";;0.0;;2026-10-01T08:29:08.061-03:00;;;;;;2026-10-01T08:28:56.211-03:00;GRUPO_BARRA;GRUPO_BARRA_CASA DE SUCO - BARRA DO CORDA_6abbd9261e15aaac8d82bef4
6abbdbb50d68f3866b7894ff;;99703701;Venda Direta;65f1ef07ee68912546e82f33;VENDA ESP B2B;68aeea8a3f1a46d41fc5640b;ESTOQUE FABRICA BDC;Pedido Faturado;;;2026-09-29T00:00:00-03:00;CASA DE SUCO - BARRA DO CORDA;65f1eea0050d165884add5cc;69b9b260754bf48448b21df7;CASA DO PÃO GRAJAÚ (elissan);69b9b260754bf48448b21df7;71568239149;;VENDA EXTERNA - RAVANELE;a6f4851a-290e-4fff-917d-0c1374f02362;VENDAS B2B;A Prazo;663e2c99993e71a10f3bad2e;0;0;;PAC;2026-09-29T12:37:00-03:00;0001-01-01T00:00:00-02:00;0001-01-01T00:00:00-02:00;False;0.0;False;;False;0.0;30/09;0.0;;754.8;True;True;GRAJAÚ ;;;;MA;;Canoeiro;;;;"[{""Id"": 1, ""Nome"": ""Grupo de Produtos Padrão - 01""}]";"[{""Codigo"": ""0209"", ""Unidade"": ""UN"", ""Descricao"": ""0209 - SUCO DE LARANJA 1L - COM AÇUCAR"", ""Quantidade"": 15.0, ""ValorUnitario"": 14.0, ""ValorFrete"": 0.0, ""DescontoUnitario"": 0.0, ""ValorTotal"": 210.0, ""PesoKG"": 0.0, ""Comprimento"": 0.0, ""Altura"": 0.0, ""Largura"": 0.0, ""FreteGratis"": false, ""ValorUnitarioFrete"": 1.0, ""PrazoEntregaFrete"": 0, ""ComissaoVendedor"": 0.0, ""Seguro"": 0.0, ""Composicoes"": [], ""Atributos"": null, ""ProductGroupId"": 1, ""Categoria"": ""COM AÇUCAR"", ""CategoriaID"": ""6344371e5b452fbeceeea9ec""}, {""Codigo"": ""0236"", ""Unidade"": ""UN"", ""Descricao"": ""0236 - SUCO DE LARANJA 300ML - COM AÇUCAR"", ""Quantidade"": 8.0, ""ValorUnitario"": 4.5, ""ValorFrete"": 0.0, ""DescontoUnitario"": 0.0, ""ValorTotal"": 36.0, ""PesoKG"": 0.0, ""Comprimento"": 0.0, ""Altura"": 0.0, ""Largura"": 0.0, ""FreteGratis"": false, ""ValorUnitarioFrete"": 1.0, ""PrazoEntregaFrete"": 0, ""ComissaoVendedor"": 0.0, ""Seguro"": 0.0, ""Composicoes"": [], ""Atributos"": null, ""ProductGroupId"": 1, ""Categoria"": ""COM AÇUCAR"", ""CategoriaID"": ""6344371e5b452fbeceeea9ec""}, {""Codigo"": ""0211"", ""Unidade"": ""UN"", ""Descricao"": ""0211 - SUCO DE MARACUJA 1L - COM AÇUCAR"", ""Quantidade"": 10.0, ""ValorUnitario"": 14.0, ""ValorFrete"": 0.0, ""DescontoUnitario"": 0.0, ""ValorTotal"": 140.0, ""PesoKG"": 0.0, ""Comprimento"": 0.0, ""Altura"": 0.0, ""Largura"": 0.0, ""FreteGratis"": false, ""ValorUnitarioFrete"": 1.0, ""PrazoEntregaFrete"": 0, ""ComissaoVendedor"": 0.0, ""Seguro"": 0.0, ""Composicoes"": [], ""Atributos"": null, ""ProductGroupId"": 1, ""Categoria"": ""COM AÇUCAR"", ""CategoriaID"": ""6344371e5b452fbeceeea9ec""}, {""Codigo"": ""0229"", ""Unidade"": ""UN"", ""Descricao"": ""0229 - SUCO DE ACEROLA 300ML - COM AÇUCAR"", ""Quantidade"": 8.0, ""ValorUnitario"": 4.8, ""ValorFrete"": 0.0, ""DescontoUnitario"": 0.0, ""ValorTotal"": 38.4, ""PesoKG"": 0.0, ""Comprimento"": 0.0, ""Altura"": 0.0, ""Largura"": 0.0, ""FreteGratis"": false, ""ValorUnitarioFrete"": 1.0, ""PrazoEntregaFrete"": 0, ""ComissaoVendedor"": 0.0, ""Seguro"": 0.0, ""Composicoes"": [], ""Atributos"": null, ""ProductGroupId"": 1, ""Categoria"": ""COM AÇUCAR"", ""CategoriaID"": ""6344371e5b452fbeceeea9ec""}, {""Codigo"": ""0202"", ""Unidade"": ""UN"", ""Descricao"": ""0202 - SUCO DE ACEROLA 1L - COM AÇUCAR"", ""Quantidade"": 10.0, ""ValorUnitario"": 13.0, ""ValorFrete"": 0.0, ""DescontoUnitario"": 0.0, ""ValorTotal"": 130.0, ""PesoKG"": 0.0, ""Comprimento"": 0.0, ""Altura"": 0.0, ""Largura"": 0.0, ""FreteGratis"": false, ""ValorUnitarioFrete"": 1.0, ""PrazoEntregaFrete"": 0, ""ComissaoVendedor"": 0.0, ""Seguro"": 0.0, ""Composicoes"": [], ""Atributos"": null, ""ProductGroupId"": 1, ""Categoria"": ""COM AÇUCAR"", ""CategoriaID"": ""6344371e5b452fbeceeea9ec""}, {""Codigo"": ""0237"", ""Unidade"": ""UN"", ""Descricao"": ""0237 - SUCO DE MARACUJA 300ML - COM AÇUCAR"", ""Quantidade"": 8.0, ""ValorUnitario"": 4.8, ""ValorFrete"": 0.0, ""DescontoUnitario"": 0.0, ""ValorTotal"": 38.4, ""PesoKG"": 0.0, ""Comprimento"": 0.0, ""Altura"": 0.0, ""Largura"": 0.0, ""FreteGratis"": false, ""ValorUnitarioFrete"": 1.0, ""PrazoEntregaFrete"": 0, ""ComissaoVendedor"": 0.0, ""Seguro"": 0.0, ""Composicoes"": [], ""Atributos"": null, ""ProductGroupId"": 1, ""Categoria"": ""COM AÇUCAR"", ""CategoriaID"": ""6344371e5b452fbeceeea9ec""}, {""Codigo"": ""0207"", ""Unidade"": ""UN"", ""Descricao"": ""0207 - SUCO DE GOIABA 1L - COM AÇUCAR"", ""Quantidade"": 10.0, ""ValorUnitario"": 13.0, ""ValorFrete"": 0.0, ""DescontoUnitario"": 0.0, ""ValorTotal"": 130.0, ""PesoKG"": 0.0, ""Comprimento"": 0.0, ""Altura"": 0.0, ""Largura"": 0.0, ""FreteGratis"": false, ""ValorUnitarioFrete"": 1.0, ""PrazoEntregaFrete"": 0, ""ComissaoVendedor"": 0.0, ""Seguro"": 0.0, ""Composicoes"": [], ""Atributos"": null, ""ProductGroupId"": 1, ""Categoria"": ""COM AÇUCAR"", ""CategoriaID"": ""6344371e5b452fbeceeea9ec""}, {""Codigo"": ""0233"", ""Unidade"": ""UN"", ""Descricao"": ""0233 - SUCO DE GOIABA 300ML - COM AÇUCAR"", ""Quantidade"": 8.0, ""ValorUnitario"": 4.0, ""ValorFrete"": 0.0, ""DescontoUnitario"": 0.0, ""ValorTotal"": 32.0, ""PesoKG"": 0.0, ""Comprimento"": 0.0, ""Altura"": 0.0, ""Largura"": 0.0, ""FreteGratis"": false, ""ValorUnitarioFrete"": 1.0, ""PrazoEntregaFrete"": 0, ""ComissaoVendedor"": 0.0, ""Seguro"": 0.0, ""Composicoes"": [], ""Atributos"": null, ""ProductGroupId"": 1, ""Categoria"": ""COM AÇUCAR"", ""CategoriaID"": ""6344371e5b452fbeceeea9ec""}]";;2026-09-29T12:37:00-03:00;"[{""FormaPagamento"": ""Duplicata"", ""DescricaoPagamento"": null, ""ValorPagamento"": 754.8, ""BandeiraCartao"": null, ""NumeroTerminal"": null, ""DataTransacao"": ""2026-10-02T03:00:00Z"", ""CredenciadoraCartao"": null, ""CredenciadoraCNPJ"": null, ""CV_NSU"": null, ""TipoIntegracao"": null, ""CondicaoPagamento"": 0, ""Parcelas"": 0, ""PeriodoParcelas"": 0, ""Adiantamento"": 0.0, ""Quitar"": null}]";;0.0;;2026-10-01T08:29:53.076-03:00;;;;;;2026-10-01T08:29:36.177-03:00;GRUPO_BARRA;GRUPO_BARRA_CASA DE SUCO - BARRA DO CORDA_6abbdbb50d68f3866b7894ff
6abbda731e15aaac8d82dfc1;;99703696;Venda Direta;65f1ef07ee68912546e82f33;VENDA ESP B2B;68aeea8a3f1a46d41fc5640b;ESTOQUE FABRICA BDC;Pedido Faturado;;;2026-09-29T00:00:00-03:00;CASA DE SUCO - BARRA DO CORDA;65f1eea0050d165884add5cc;69b9c46e7dff4242f0ca8e3a;RESTAURANTE E LANCHONETE DA BAIXINHA;69b9c46e7dff4242f0ca8e3a;18678501000197;accontcontabilidade@hotmail.com;VENDA EXTERNA - RAVANELE;a6f4851a-290e-4fff-917d-0c1374f02362;VENDAS B2B;A Prazo;663e2c99993e71a10f3bad2e;0;0;;PAC;2026-09-29T12:33:00-03:00;0001-01-01T00:00:00-02:00;0001-01-01T00:00:00-02:00;False;0.0;False;;False;0.0;30/09;0.0;;125.0;True;True;GRAJAU;;Brasil;65940000;MA;;EXTREMA;RUA JOSE DATIVO LACERDA;202;;"[{""Id"": 1, ""Nome"": ""Grupo de Produtos Padrão - 01""}]";"[{""Codigo"": ""0243"", ""Unidade"": ""UN"", ""Descricao"": ""0243 - SUCO DE ACEROLA 5L - COM AÇUCAR"", ""Quantidade"": 1.0, ""ValorUnitario"": 60.0, ""ValorFrete"": 0.0, ""DescontoUnitario"": 0.0, ""ValorTotal"": 60.0, ""PesoKG"": 0.0, ""Comprimento"": 0.0, ""Altura"": 0.0, ""Largura"": 0.0, ""FreteGratis"": false, ""ValorUnitarioFrete"": 1.0, ""PrazoEntregaFrete"": 0, ""ComissaoVendedor"": 0.0, ""Seguro"": 0.0, ""Composicoes"": [], ""Atributos"": null, ""ProductGroupId"": 1, ""Categoria"": ""COM AÇUCAR"", ""CategoriaID"": ""6344371e5b452fbeceeea9ec""}, {""Codigo"": ""0252"", ""Unidade"": ""UN"", ""Descricao"": ""0252 - SUCO DE MARACUJA 5L - COM AÇUCAR"", ""Quantidade"": 1.0, ""ValorUnitario"": 65.0, ""ValorFrete"": 0.0, ""DescontoUnitario"": 0.0, ""ValorTotal"": 65.0, ""PesoKG"": 0.0, ""Comprimento"": 0.0, ""Altura"": 0.0, ""Largura"": 0.0, ""FreteGratis"": false, ""ValorUnitarioFrete"": 1.0, ""PrazoEntregaFrete"": 0, ""ComissaoVendedor"": 0.0, ""Seguro"": 0.0, ""Composicoes"": [], ""Atributos"": null, ""ProductGroupId"": 1, ""Categoria"": ""COM AÇUCAR"", ""CategoriaID"": ""6344371e5b452fbeceeea9ec""}]";;2026-09-29T12:33:00-03:00;"[{""FormaPagamento"": ""Duplicata"", ""DescricaoPagamento"": null, ""ValorPagamento"": 125.0, ""BandeiraCartao"": null, ""NumeroTerminal"": null, ""DataTransacao"": ""2026-10-02T03:00:00Z"", ""CredenciadoraCartao"": null, ""CredenciadoraCNPJ"": null, ""CV_NSU"": null, ""TipoIntegracao"": null, ""CondicaoPagamento"": 0, ""Parcelas"": 0, ""PeriodoParcelas"": 0, ""Adiantamento"": 0.0, ""Quitar"": null}]";;0.0;;2026-10-01T08:31:04.198-03:00;;;;;;2026-10-01T08:30:47.672-03:00;GRUPO_BARRA;GRUPO_BARRA_CASA DE SUCO - BARRA DO CORDA_6abbda731e15aaac8d82dfc1
6abbd7cf17789668c43d571d;;99703673;Venda Direta;65f1ef07ee68912546e82f33;VENDA ESP B2B;68aeea8a3f1a46d41fc5640b;ESTOQUE FABRICA BDC;Pedido Faturado;;;2026-09-29T00:00:00-03:00;CASA DE SUCO - BARRA DO CORDA;65f1eea0050d165884add5cc;69cc2bf2df54432aef97f4f3;PONTO DO BURGUER WESLEY GRAJAÚ ;69cc2bf2df54432aef97f4f3;57049329000164;pontodoburguer99@gmail.com;VENDA EXTERNA - RAVANELE;a6f4851a-290e-4fff-917d-0c1374f02362;VENDAS B2B;A Prazo;663e2c99993e71a10f3bad2e;0;0;;PAC;2026-09-29T12:21:00-03:00;0001-01-01T00:00:00-02:00;0001-01-01T00:00:00-02:00;False;0.0;False;;False;0.0;30/09;0.0;;216.0;True;True;GRAJAU;2104800;Brasil;65940000;MA;21;CANOEIRO;RUA RAIMUNDO JORGE;164;FUNDOSRUA TIRADENTES;"[{""Id"": 1, ""Nome"": ""Grupo de Produtos Padrão - 01""}]";"[{""Codigo"": ""0237"", ""Unidade"": ""UN"", ""Descricao"": ""0237 - SUCO DE MARACUJA 300ML - COM AÇUCAR"", ""Quantidade"": 30.0, ""ValorUnitario"": 4.8, ""ValorFrete"": 0.0, ""DescontoUnitario"": 0.0, ""ValorTotal"": 144.0, ""PesoKG"": 0.0, ""Comprimento"": 0.0, ""Altura"": 0.0, ""Largura"": 0.0, ""FreteGratis"": false, ""ValorUnitarioFrete"": 1.0, ""PrazoEntregaFrete"": 0, ""ComissaoVendedor"": 0.0, ""Seguro"": 0.0, ""Composicoes"": [], ""Atributos"": null, ""ProductGroupId"": 1, ""Categoria"": ""COM AÇUCAR"", ""CategoriaID"": ""6344371e5b452fbeceeea9ec""}, {""Codigo"": ""0229"", ""Unidade"": ""UN"", ""Descricao"": ""0229 - SUCO DE ACEROLA 300ML - COM AÇUCAR"", ""Quantidade"": 15.0, ""ValorUnitario"": 4.8, ""ValorFrete"": 0.0, ""DescontoUnitario"": 0.0, ""ValorTotal"": 72.0, ""PesoKG"": 0.0, ""Comprimento"": 0.0, ""Altura"": 0.0, ""Largura"": 0.0, ""FreteGratis"": false, ""ValorUnitarioFrete"": 1.0, ""PrazoEntregaFrete"": 0, ""ComissaoVendedor"": 0.0, ""Seguro"": 0.0, ""Composicoes"": [], ""Atributos"": null, ""ProductGroupId"": 1, ""Categoria"": ""COM AÇUCAR"", ""CategoriaID"": ""6344371e5b452fbeceeea9ec""}]";;2026-09-29T12:21:00-03:00;"[{""FormaPagamento"": ""Duplicata"", ""DescricaoPagamento"": null, ""ValorPagamento"": 216.0, ""BandeiraCartao"": null, ""NumeroTerminal"": null, ""DataTransacao"": ""2026-10-02T03:00:00Z"", ""CredenciadoraCartao"": null, ""CredenciadoraCNPJ"": null, ""CV_NSU"": null, ""TipoIntegracao"": null, ""CondicaoPagamento"": 0, ""Parcelas"": 0, ""PeriodoParcelas"": 0, ""Adiantamento"": 0.0, ""Quitar"": null}]";;0.0;;2026-10-01T08:32:10.626-03:00;;;;;;2026-10-01T08:31:54.284-03:00;GRUPO_BARRA;GRUPO_BARRA_CASA DE SUCO - BARRA DO CORDA_6abbd7cf17789668c43d571d
6abcfe9b9f6e8a00efd9e142;;99704321;Venda Direta;65f1ef07ee68912546e82f33;VENDA ESP B2B;68aeea8a3f1a46d41fc5640b;ESTOQUE FABRICA BDC;Pedido Faturado;;;2026-09-30T00:00:00-03:00;CASA DE SUCO - BARRA DO CORDA;65f1eea0050d165884add5cc;69ba910f763ad0e0557386eb;LANCHONETE POSTO CANOEIRO GRAJAÚ ;69ba910f763ad0e0557386eb;58545164000184;mariaconsuelocruz19@gmail.com;VENDA EXTERNA - RAVANELE;a6f4851a-290e-4fff-917d-0c1374f02362;VENDAS B2B;Dinheiro;5b648d1c3498afae6d5bfd89;0;0;;PAC;2026-09-30T09:19:00-03:00;0001-01-01T00:00:00-02:00;0001-01-01T00:00:00-02:00;False;0.0;False;;False;0.0;30/09;0.0;;100.0;True;True;GRAJAU;;Brasil;65940000;MA;;CANOEIRO;RODOVIA BR 226;1529;SALA 02;"[{""Id"": 1, ""Nome"": ""Grupo de Produtos Padrão - 01""}]";"[{""Codigo"": ""0251"", ""Unidade"": ""UN"", ""Descricao"": ""0251 - SUCO DE LARANJA 5L - COM AÇUCAR"", ""Quantidade"": 1.0, ""ValorUnitario"": 60.0, ""ValorFrete"": 0.0, ""DescontoUnitario"": 0.0, ""ValorTotal"": 60.0, ""PesoKG"": 0.0, ""Comprimento"": 0.0, ""Altura"": 0.0, ""Largura"": 0.0, ""FreteGratis"": false, ""ValorUnitarioFrete"": 1.0, ""PrazoEntregaFrete"": 0, ""ComissaoVendedor"": 0.0, ""Seguro"": 0.0, ""Composicoes"": [], ""Atributos"": null, ""ProductGroupId"": 1, ""Categoria"": ""COM AÇUCAR"", ""CategoriaID"": ""6344371e5b452fbeceeea9ec""}, {""Codigo"": ""0249"", ""Unidade"": ""UN"", ""Descricao"": ""0249 - SUCO DE GOIABA 5L - COM AÇUCAR"", ""Quantidade"": 1.0, ""ValorUnitario"": 40.0, ""ValorFrete"": 0.0, ""DescontoUnitario"": 0.0, ""ValorTotal"": 40.0, ""PesoKG"": 0.0, ""Comprimento"": 0.0, ""Altura"": 0.0, ""Largura"": 0.0, ""FreteGratis"": false, ""ValorUnitarioFrete"": 1.0, ""PrazoEntregaFrete"": 0, ""ComissaoVendedor"": 0.0, ""Seguro"": 0.0, ""Composicoes"": [], ""Atributos"": null, ""ProductGroupId"": 1, ""Categoria"": ""COM AÇUCAR"", ""CategoriaID"": ""6344371e5b452fbeceeea9ec""}]";;2026-09-30T09:19:00-03:00;"[{""FormaPagamento"": ""Duplicata"", ""DescricaoPagamento"": null, ""ValorPagamento"": 100.0, ""BandeiraCartao"": null, ""NumeroTerminal"": null, ""DataTransacao"": ""2026-10-02T03:00:00Z"", ""CredenciadoraCartao"": null, ""CredenciadoraCNPJ"": null, ""CV_NSU"": null, ""TipoIntegracao"": null, ""CondicaoPagamento"": 0, ""Parcelas"": 0, ""PeriodoParcelas"": 0, ""Adiantamento"": 0.0, ""Quitar"": null}]";;0.0;;2026-10-01T08:50:10.902-03:00;;;;;;2026-10-01T08:49:42.283-03:00;GRUPO_BARRA;GRUPO_BARRA_CASA DE SUCO - BARRA DO CORDA_6abcfe9b9f6e8a00efd9e142
6abd144e224f8142ae4200da;;99704369;Venda Direta;65f1ef07ee68912546e82f33;VENDA ESP B2B;68aeea8a3f1a46d41fc5640b;ESTOQUE FABRICA BDC;Pedido Faturado;;;2026-09-30T00:00:00-03:00;CASA DE SUCO - BARRA DO CORDA;65f1eea0050d165884add5cc;69b1c7d8b293e20a4e27abf1;avulso Grajaú ;69b1c7d8b293e20a4e27abf1;04198696381;;VENDA EXTERNA - RAVANELE;a6f4851a-290e-4fff-917d-0c1374f02362;VENDAS B2B;Dinheiro;5b648d1c3498afae6d5bfd89;0;0;;PAC;2026-09-30T10:48:00-03:00;0001-01-01T00:00:00-02:00;0001-01-01T00:00:00-02:00;False;0.0;False;;False;0.0;30/09;0.0;;93.0;True;True;Grajaú ;;;;MA;;;;;;"[{""Id"": 1, ""Nome"": ""Grupo de Produtos Padrão - 01""}]";"[{""Codigo"": ""0237"", ""Unidade"": ""UN"", ""Descricao"": ""0237 - SUCO DE MARACUJA 300ML - COM AÇUCAR"", ""Quantidade"": 5.0, ""ValorUnitario"": 4.8, ""ValorFrete"": 0.0, ""DescontoUnitario"": 0.0, ""ValorTotal"": 24.0, ""PesoKG"": 0.0, ""Comprimento"": 0.0, ""Altura"": 0.0, ""Largura"": 0.0, ""FreteGratis"": false, ""ValorUnitarioFrete"": 1.0, ""PrazoEntregaFrete"": 0, ""ComissaoVendedor"": 0.0, ""Seguro"": 0.0, ""Composicoes"": [], ""Atributos"": null, ""ProductGroupId"": 1, ""Categoria"": ""COM AÇUCAR"", ""CategoriaID"": ""6344371e5b452fbeceeea9ec""}, {""Codigo"": ""0233"", ""Unidade"": ""UN"", ""Descricao"": ""0233 - SUCO DE GOIABA 300ML - COM AÇUCAR"", ""Quantidade"": 5.0, ""ValorUnitario"": 4.0, ""ValorFrete"": 0.0, ""DescontoUnitario"": 0.0, ""ValorTotal"": 20.0, ""PesoKG"": 0.0, ""Comprimento"": 0.0, ""Altura"": 0.0, ""Largura"": 0.0, ""FreteGratis"": false, ""ValorUnitarioFrete"": 1.0, ""PrazoEntregaFrete"": 0, ""ComissaoVendedor"": 0.0, ""Seguro"": 0.0, ""Composicoes"": [], ""Atributos"": null, ""ProductGroupId"": 1, ""Categoria"": ""COM AÇUCAR"", ""CategoriaID"": ""6344371e5b452fbeceeea9ec""}, {""Codigo"": ""0229"", ""Unidade"": ""UN"", ""Descricao"": ""0229 - SUCO DE ACEROLA 300ML - COM AÇUCAR"", ""Quantidade"": 5.0, ""ValorUnitario"": 4.8, ""ValorFrete"": 0.0, ""DescontoUnitario"": 0.0, ""ValorTotal"": 24.0, ""PesoKG"": 0.0, ""Comprimento"": 0.0, ""Altura"": 0.0, ""Largura"": 0.0, ""FreteGratis"": false, ""ValorUnitarioFrete"": 1.0, ""PrazoEntregaFrete"": 0, ""ComissaoVendedor"": 0.0, ""Seguro"": 0.0, ""Composicoes"": [], ""Atributos"": null, ""ProductGroupId"": 1, ""Categoria"": ""COM AÇUCAR"", ""CategoriaID"": ""6344371e5b452fbeceeea9ec""}, {""Codigo"": ""0235"", ""Unidade"": ""UN"", ""Descricao"": ""0235 - SUCO DE GRAVIOLA 300ML - COM AÇUCAR"", ""Quantidade"": 5.0, ""ValorUnitario"": 5.0, ""ValorFrete"": 0.0, ""DescontoUnitario"": 0.0, ""ValorTotal"": 25.0, ""PesoKG"": 0.0, ""Comprimento"": 0.0, ""Altura"": 0.0, ""Largura"": 0.0, ""FreteGratis"": false, ""ValorUnitarioFrete"": 1.0, ""PrazoEntregaFrete"": 0, ""ComissaoVendedor"": 0.0, ""Seguro"": 0.0, ""Composicoes"": [], ""Atributos"": null, ""ProductGroupId"": 1, ""Categoria"": """", ""CategoriaID"": """"}]";;2026-09-30T10:48:00-03:00;"[{""FormaPagamento"": ""Dinheiro"", ""DescricaoPagamento"": null, ""ValorPagamento"": 93.0, ""BandeiraCartao"": null, ""NumeroTerminal"": null, ""DataTransacao"": ""2026-10-01T03:00:00Z"", ""CredenciadoraCartao"": null, ""CredenciadoraCNPJ"": null, ""CV_NSU"": null, ""TipoIntegracao"": null, ""CondicaoPagamento"": 0, ""Parcelas"": 0, ""PeriodoParcelas"": 0, ""Adiantamento"": 0.0, ""Quitar"": null}]";;0.0;;2026-10-01T09:10:43.034-03:00;;;;;;2026-10-01T09:10:29.937-03:00;GRUPO_BARRA;GRUPO_BARRA_CASA DE SUCO - BARRA DO CORDA_6abd144e224f8142ae4200da
6abbb275e261a91c3512f70b;;99703490;Venda Direta;65f1ef07ee68912546e82f33;VENDA ESP B2B;68aeea8a3f1a46d41fc5640b;ESTOQUE FABRICA BDC;Pedido Faturado;;Pedido;2026-09-29T00:00:00-03:00;CASA DE SUCO - BARRA DO CORDA;65f1eea0050d165884add5cc;6a54f3e87046e84fe74a9f20;Panificadora Sidiléia (remanso);6a54f3e87046e84fe74a9f20;02411646305;;Venda ext bdc;b37b3592-9adf-4620-adb5-63db41695826;VENDAS B2B;A Prazo;663e2c99993e71a10f3bad2e;0;0;;PAC;2026-09-29T09:42:00-03:00;0001-01-01T00:00:00-02:00;0001-01-01T00:00:00-02:00;False;0.0;False;;False;0.0;30/09;0.0;;115.0;True;True;grajau;;;;MA;;;remanso;;;"[{""Id"": 1, ""Nome"": ""Grupo de Produtos Padrão - 01""}]";"[{""Codigo"": ""0247"", ""Unidade"": ""UN"", ""Descricao"": ""0247 - SUCO DE CUPUAÇU 5L - COM AÇUCAR"", ""Quantidade"": 1.0, ""ValorUnitario"": 55.0, ""ValorFrete"": 0.0, ""DescontoUnitario"": 0.0, ""ValorTotal"": 55.0, ""PesoKG"": 0.0, ""Comprimento"": 0.0, ""Altura"": 0.0, ""Largura"": 0.0, ""FreteGratis"": false, ""ValorUnitarioFrete"": 1.0, ""PrazoEntregaFrete"": 0, ""ComissaoVendedor"": 0.0, ""Seguro"": 0.0, ""Composicoes"": [], ""Atributos"": null, ""ProductGroupId"": 1, ""Categoria"": ""CUPUAÇU COM AÇUCAR"", ""CategoriaID"": ""6525b474746027e9184e232b""}, {""Codigo"": ""0243"", ""Unidade"": ""UN"", ""Descricao"": ""0243 - SUCO DE ACEROLA 5L - COM AÇUCAR"", ""Quantidade"": 1.0, ""ValorUnitario"": 60.0, ""ValorFrete"": 0.0, ""DescontoUnitario"": 0.0, ""ValorTotal"": 60.0, ""PesoKG"": 0.0, ""Comprimento"": 0.0, ""Altura"": 0.0, ""Largura"": 0.0, ""FreteGratis"": false, ""ValorUnitarioFrete"": 1.0, ""PrazoEntregaFrete"": 0, ""ComissaoVendedor"": 0.0, ""Seguro"": 0.0, ""Composicoes"": [], ""Atributos"": null, ""ProductGroupId"": 1, ""Categoria"": ""COM AÇUCAR"", ""CategoriaID"": ""6344371e5b452fbeceeea9ec""}]";;2026-09-29T09:42:00-03:00;"[{""FormaPagamento"": ""Dinheiro"", ""DescricaoPagamento"": null, ""ValorPagamento"": 115.0, ""BandeiraCartao"": null, ""NumeroTerminal"": null, ""DataTransacao"": ""2026-10-01T03:00:00Z"", ""CredenciadoraCartao"": null, ""CredenciadoraCNPJ"": null, ""CV_NSU"": null, ""TipoIntegracao"": null, ""CondicaoPagamento"": 0, ""Parcelas"": 0, ""PeriodoParcelas"": 0, ""Adiantamento"": 0.0, ""Quitar"": null}]";;0.0;;2026-10-01T09:14:54.825-03:00;;;;;;2026-10-01T09:14:38.964-03:00;GRUPO_BARRA;GRUPO_BARRA_CASA DE SUCO - BARRA DO CORDA_6abbb275e261a91c3512f70b
6ababbbba34bc9af1dbad46a;;99703163;Venda Direta;65f1ef07ee68912546e82f33;VENDA ESP B2B;68aeea8a3f1a46d41fc5640b;ESTOQUE FABRICA BDC;Pedido Faturado;;Pedido;2026-09-28T00:00:00-03:00;CASA DE SUCO - BARRA DO CORDA;65f1eea0050d165884add5cc;6a7b1c640c076b5d1211682b;ESPETINHO ROGÉRIO ;6a7b1c640c076b5d1211682b;93629133304;;Venda ext bdc;b37b3592-9adf-4620-adb5-63db41695826;VENDAS B2B;Dinheiro;5b648d1c3498afae6d5bfd89;0;0;;PAC;2026-09-28T16:01:00-03:00;0001-01-01T00:00:00-02:00;0001-01-01T00:00:00-02:00;False;0.0;False;;False;0.0;30/09;0.0;;60.0;True;True;ALTO BRASIL;;;;MA;;;BR 226;;;"[{""Id"": 1, ""Nome"": ""Grupo de Produtos Padrão - 01""}]";"[{""Codigo"": ""0252"", ""Unidade"": ""UN"", ""Descricao"": ""0252 - SUCO DE MARACUJA 5L - COM AÇUCAR"", ""Quantidade"": 1.0, ""ValorUnitario"": 60.0, ""ValorFrete"": 0.0, ""DescontoUnitario"": 0.0, ""ValorTotal"": 60.0, ""PesoKG"": 0.0, ""Comprimento"": 0.0, ""Altura"": 0.0, ""Largura"": 0.0, ""FreteGratis"": false, ""ValorUnitarioFrete"": 1.0, ""PrazoEntregaFrete"": 0, ""ComissaoVendedor"": 0.0, ""Seguro"": 0.0, ""Composicoes"": [], ""Atributos"": null, ""ProductGroupId"": 1, ""Categoria"": ""COM AÇUCAR"", ""CategoriaID"": ""6344371e5b452fbeceeea9ec""}]";;2026-09-28T16:01:00-03:00;"[{""FormaPagamento"": ""Dinheiro"", ""DescricaoPagamento"": null, ""ValorPagamento"": 60.0, ""BandeiraCartao"": null, ""NumeroTerminal"": null, ""DataTransacao"": ""2026-10-01T03:00:00Z"", ""CredenciadoraCartao"": null, ""CredenciadoraCNPJ"": null, ""CV_NSU"": null, ""TipoIntegracao"": null, ""CondicaoPagamento"": 0, ""Parcelas"": 0, ""PeriodoParcelas"": 0, ""Adiantamento"": 0.0, ""Quitar"": null}]";;0.0;;2026-10-01T09:16:26.35-03:00;;;;;;2026-10-01T09:16:19.841-03:00;GRUPO_BARRA;GRUPO_BARRA_CASA DE SUCO - BARRA DO CORDA_6ababbbba34bc9af1dbad46a
6abbd8391e15aaac8d82a465;;99703676;Venda Direta;65f1ef07ee68912546e82f33;VENDA ESP B2B;68aeea8a3f1a46d41fc5640b;ESTOQUE FABRICA BDC;Pedido Faturado;;;2026-09-29T00:00:00-03:00;CASA DE SUCO - BARRA DO CORDA;65f1eea0050d165884add5cc;69b08baf2988f3a6b85711f7;GULLAS PANIFICACAO, CONFEITARIA E LANCHONETE;69b08baf2988f3a6b85711f7;53918978000101;kumikoaparecidaakutsu@gmail.com;VENDA EXTERNA - RAVANELE;a6f4851a-290e-4fff-917d-0c1374f02362;VENDAS B2B;A Prazo;663e2c99993e71a10f3bad2e;0;0;;PAC;2026-09-29T12:23:00-03:00;0001-01-01T00:00:00-02:00;0001-01-01T00:00:00-02:00;False;0.0;False;;False;0.0;30/09;0.0;;94.25;True;True;GRAJAU;;Brasil;65940000;MA;;CANOEIRO;RUA JOSE RODRIGUES DA COSTA;194;;"[{""Id"": 1, ""Nome"": ""Grupo de Produtos Padrão - 01""}]";"[{""Codigo"": ""0237"", ""Unidade"": ""UN"", ""Descricao"": ""0237 - SUCO DE MARACUJA 300ML - COM AÇUCAR"", ""Quantidade"": 5.0, ""ValorUnitario"": 4.8, ""ValorFrete"": 0.0, ""DescontoUnitario"": 0.0, ""ValorTotal"": 24.0, ""PesoKG"": 0.0, ""Comprimento"": 0.0, ""Altura"": 0.0, ""Largura"": 0.0, ""FreteGratis"": false, ""ValorUnitarioFrete"": 1.0, ""PrazoEntregaFrete"": 0, ""ComissaoVendedor"": 0.0, ""Seguro"": 0.0, ""Composicoes"": [], ""Atributos"": null, ""ProductGroupId"": 1, ""Categoria"": ""COM AÇUCAR"", ""CategoriaID"": ""6344371e5b452fbeceeea9ec""}, {""Codigo"": ""0229"", ""Unidade"": ""UN"", ""Descricao"": ""0229 - SUCO DE ACEROLA 300ML - COM AÇUCAR"", ""Quantidade"": 5.0, ""ValorUnitario"": 4.8, ""ValorFrete"": 0.0, ""DescontoUnitario"": 0.0, ""ValorTotal"": 24.0, ""PesoKG"": 0.0, ""Comprimento"": 0.0, ""Altura"": 0.0, ""Largura"": 0.0, ""FreteGratis"": false, ""ValorUnitarioFrete"": 1.0, ""PrazoEntregaFrete"": 0, ""ComissaoVendedor"": 0.0, ""Seguro"": 0.0, ""Composicoes"": [], ""Atributos"": null, ""ProductGroupId"": 1, ""Categoria"": ""COM AÇUCAR"", ""CategoriaID"": ""6344371e5b452fbeceeea9ec""}, {""Codigo"": ""0233"", ""Unidade"": ""UN"", ""Descricao"": ""0233 - SUCO DE GOIABA 300ML - COM AÇUCAR"", ""Quantidade"": 5.0, ""ValorUnitario"": 4.0, ""ValorFrete"": 0.0, ""DescontoUnitario"": 0.0, ""ValorTotal"": 20.0, ""PesoKG"": 0.0, ""Comprimento"": 0.0, ""Altura"": 0.0, ""Largura"": 0.0, ""FreteGratis"": false, ""ValorUnitarioFrete"": 1.0, ""PrazoEntregaFrete"": 0, ""ComissaoVendedor"": 0.0, ""Seguro"": 0.0, ""Composicoes"": [], ""Atributos"": null, ""ProductGroupId"": 1, ""Categoria"": ""COM AÇUCAR"", ""CategoriaID"": ""6344371e5b452fbeceeea9ec""}, {""Codigo"": ""0231"", ""Unidade"": ""UN"", ""Descricao"": ""0231 - SUCO DE CAJA 300ML - COM AÇUCAR"", ""Quantidade"": 5.0, ""ValorUnitario"": 5.25, ""ValorFrete"": 0.0, ""DescontoUnitario"": 0.0, ""ValorTotal"": 26.25, ""PesoKG"": 0.0, ""Comprimento"": 0.0, ""Altura"": 0.0, ""Largura"": 0.0, ""FreteGratis"": false, ""ValorUnitarioFrete"": 1.0, ""PrazoEntregaFrete"": 0, ""ComissaoVendedor"": 0.0, ""Seguro"": 0.0, ""Composicoes"": [], ""Atributos"": null, ""ProductGroupId"": 1, ""Categoria"": ""COM AÇUCAR"", ""CategoriaID"": ""6344371e5b452fbeceeea9ec""}]";;2026-09-29T12:23:00-03:00;"[{""FormaPagamento"": ""Dinheiro"", ""DescricaoPagamento"": null, ""ValorPagamento"": 94.25, ""BandeiraCartao"": null, ""NumeroTerminal"": null, ""DataTransacao"": ""2026-10-01T03:00:00Z"", ""CredenciadoraCartao"": null, ""CredenciadoraCNPJ"": null, ""CV_NSU"": null, ""TipoIntegracao"": null, ""CondicaoPagamento"": 0, ""Parcelas"": 0, ""PeriodoParcelas"": 0, ""Adiantamento"": 0.0, ""Quitar"": null}]";;0.0;;2026-10-01T09:17:19.172-03:00;;;;;;2026-10-01T09:17:02.841-03:00;GRUPO_BARRA;GRUPO_BARRA_CASA DE SUCO - BARRA DO CORDA_6abbd8391e15aaac8d82a465
6abd1873aa0b5eef7cc577ab;;99704383;Venda Direta;65f1ef07ee68912546e82f33;VENDA ESP B2B;68aeea8a3f1a46d41fc5640b;ESTOQUE FABRICA BDC;Pedido Faturado;;;2026-09-30T00:00:00-03:00;CASA DE SUCO - BARRA DO CORDA;65f1eea0050d165884add5cc;69babf30f3914d00fbe0efe0;Espetinho do Adão Grajaú ;69babf30f3914d00fbe0efe0;03831790337;;VENDA EXTERNA - RAVANELE;a6f4851a-290e-4fff-917d-0c1374f02362;VENDAS B2B;A Prazo;663e2c99993e71a10f3bad2e;0;0;;PAC;2026-09-30T11:09:00-03:00;0001-01-01T00:00:00-02:00;0001-01-01T00:00:00-02:00;False;0.0;False;;False;0.0;30/09;0.0;;175.0;True;True;Grajaú ;;;;MA;;Canoeiro;;;;"[{""Id"": 1, ""Nome"": ""Grupo de Produtos Padrão - 01""}]";"[{""Codigo"": ""0243"", ""Unidade"": ""UN"", ""Descricao"": ""0243 - SUCO DE ACEROLA 5L - COM AÇUCAR"", ""Quantidade"": 1.0, ""ValorUnitario"": 60.0, ""ValorFrete"": 0.0, ""DescontoUnitario"": 0.0, ""ValorTotal"": 60.0, ""PesoKG"": 0.0, ""Comprimento"": 0.0, ""Altura"": 0.0, ""Largura"": 0.0, ""FreteGratis"": false, ""ValorUnitarioFrete"": 1.0, ""PrazoEntregaFrete"": 0, ""ComissaoVendedor"": 0.0, ""Seguro"": 0.0, ""Composicoes"": [], ""Atributos"": null, ""ProductGroupId"": 1, ""Categoria"": ""COM AÇUCAR"", ""CategoriaID"": ""6344371e5b452fbeceeea9ec""}, {""Codigo"": ""0252"", ""Unidade"": ""UN"", ""Descricao"": ""0252 - SUCO DE MARACUJA 5L - COM AÇUCAR"", ""Quantidade"": 1.0, ""ValorUnitario"": 65.0, ""ValorFrete"": 0.0, ""DescontoUnitario"": 0.0, ""ValorTotal"": 65.0, ""PesoKG"": 0.0, ""Comprimento"": 0.0, ""Altura"": 0.0, ""Largura"": 0.0, ""FreteGratis"": false, ""ValorUnitarioFrete"": 1.0, ""PrazoEntregaFrete"": 0, ""ComissaoVendedor"": 0.0, ""Seguro"": 0.0, ""Composicoes"": [], ""Atributos"": null, ""ProductGroupId"": 1, ""Categoria"": ""COM AÇUCAR"", ""CategoriaID"": ""6344371e5b452fbeceeea9ec""}, {""Codigo"": ""0249"", ""Unidade"": ""UN"", ""Descricao"": ""0249 - SUCO DE GOIABA 5L - COM AÇUCAR"", ""Quantidade"": 1.0, ""ValorUnitario"": 50.0, ""ValorFrete"": 0.0, ""DescontoUnitario"": 0.0, ""ValorTotal"": 50.0, ""PesoKG"": 0.0, ""Comprimento"": 0.0, ""Altura"": 0.0, ""Largura"": 0.0, ""FreteGratis"": false, ""ValorUnitarioFrete"": 1.0, ""PrazoEntregaFrete"": 0, ""ComissaoVendedor"": 0.0, ""Seguro"": 0.0, ""Composicoes"": [], ""Atributos"": null, ""ProductGroupId"": 1, ""Categoria"": ""COM AÇUCAR"", ""CategoriaID"": ""6344371e5b452fbeceeea9ec""}]";;2026-09-30T11:09:00-03:00;"[{""FormaPagamento"": ""Dinheiro"", ""DescricaoPagamento"": null, ""ValorPagamento"": 175.0, ""BandeiraCartao"": null, ""NumeroTerminal"": null, ""DataTransacao"": ""2026-10-01T03:00:00Z"", ""CredenciadoraCartao"": null, ""CredenciadoraCNPJ"": null, ""CV_NSU"": null, ""TipoIntegracao"": null, ""CondicaoPagamento"": 0, ""Parcelas"": 0, ""PeriodoParcelas"": 0, ""Adiantamento"": 0.0, ""Quitar"": null}]";;0.0;;2026-10-01T09:18:01.34-03:00;;;;;;2026-10-01T09:17:49.295-03:00;GRUPO_BARRA;GRUPO_BARRA_CASA DE SUCO - BARRA DO CORDA_6abd1873aa0b5eef7cc577ab
6abd009370288da7bddc4251;;99704326;Venda Direta;65f1ef07ee68912546e82f33;VENDA ESP B2B;68aeea8a3f1a46d41fc5640b;ESTOQUE FABRICA BDC;Pedido Faturado;;Pedido;2026-09-30T00:00:00-03:00;CASA DE SUCO - BARRA DO CORDA;65f1eea0050d165884add5cc;6abd001b0d68f3866b87d647;MARIA DA CONCEIÇÃO COSTA CARVALHO - DELIVERY DE GRAJAÚ;6abd001b0d68f3866b87d647;57252912353;;Venda ext bdc;b37b3592-9adf-4620-adb5-63db41695826;VENDAS B2B;Dinheiro;5b648d1c3498afae6d5bfd89;0;0;;PAC;2026-09-30T09:27:00-03:00;0001-01-01T00:00:00-02:00;0001-01-01T00:00:00-02:00;False;0.0;False;;False;0.0;30/09;0.0;;114.5;True;True;GRAJAÚ;;Brasil;;;;VILA SÃO ROQUE;;;;"[{""Id"": 1, ""Nome"": ""Grupo de Produtos Padrão - 01""}]";"[{""Codigo"": ""0237"", ""Unidade"": ""UN"", ""Descricao"": ""0237 - SUCO DE MARACUJA 300ML - COM AÇUCAR"", ""Quantidade"": 10.0, ""ValorUnitario"": 4.8, ""ValorFrete"": 0.0, ""DescontoUnitario"": 0.0, ""ValorTotal"": 48.0, ""PesoKG"": 0.0, ""Comprimento"": 0.0, ""Altura"": 0.0, ""Largura"": 0.0, ""FreteGratis"": false, ""ValorUnitarioFrete"": 1.0, ""PrazoEntregaFrete"": 0, ""ComissaoVendedor"": 0.0, ""Seguro"": 0.0, ""Composicoes"": [], ""Atributos"": null, ""ProductGroupId"": 1, ""Categoria"": ""COM AÇUCAR"", ""CategoriaID"": ""6344371e5b452fbeceeea9ec""}, {""Codigo"": ""0233"", ""Unidade"": ""UN"", ""Descricao"": ""0233 - SUCO DE GOIABA 300ML - COM AÇUCAR"", ""Quantidade"": 3.0, ""ValorUnitario"": 4.0, ""ValorFrete"": 0.0, ""DescontoUnitario"": 0.0, ""ValorTotal"": 12.0, ""PesoKG"": 0.0, ""Comprimento"": 0.0, ""Altura"": 0.0, ""Largura"": 0.0, ""FreteGratis"": false, ""ValorUnitarioFrete"": 1.0, ""PrazoEntregaFrete"": 0, ""ComissaoVendedor"": 0.0, ""Seguro"": 0.0, ""Composicoes"": [], ""Atributos"": null, ""ProductGroupId"": 1, ""Categoria"": ""COM AÇUCAR"", ""CategoriaID"": ""6344371e5b452fbeceeea9ec""}, {""Codigo"": ""0236"", ""Unidade"": ""UN"", ""Descricao"": ""0236 - SUCO DE LARANJA 300ML - COM AÇUCAR"", ""Quantidade"": 5.0, ""ValorUnitario"": 4.5, ""ValorFrete"": 0.0, ""DescontoUnitario"": 0.0, ""ValorTotal"": 22.5, ""PesoKG"": 0.0, ""Comprimento"": 0.0, ""Altura"": 0.0, ""Largura"": 0.0, ""FreteGratis"": false, ""ValorUnitarioFrete"": 1.0, ""PrazoEntregaFrete"": 0, ""ComissaoVendedor"": 0.0, ""Seguro"": 0.0, ""Composicoes"": [], ""Atributos"": null, ""ProductGroupId"": 1, ""Categoria"": ""COM AÇUCAR"", ""CategoriaID"": ""6344371e5b452fbeceeea9ec""}, {""Codigo"": ""0232"", ""Unidade"": ""UN"", ""Descricao"": ""0232 - SUCO DE CAJU 300ML - COM AÇUCAR"", ""Quantidade"": 2.0, ""ValorUnitario"": 4.0, ""ValorFrete"": 0.0, ""DescontoUnitario"": 0.0, ""ValorTotal"": 8.0, ""PesoKG"": 0.0, ""Comprimento"": 0.0, ""Altura"": 0.0, ""Largura"": 0.0, ""FreteGratis"": false, ""ValorUnitarioFrete"": 1.0, ""PrazoEntregaFrete"": 0, ""ComissaoVendedor"": 0.0, ""Seguro"": 0.0, ""Composicoes"": [], ""Atributos"": null, ""ProductGroupId"": 1, ""Categoria"": ""COM AÇUCAR"", ""CategoriaID"": ""6344371e5b452fbeceeea9ec""}, {""Codigo"": ""0229"", ""Unidade"": ""UN"", ""Descricao"": ""0229 - SUCO DE ACEROLA 300ML - COM AÇUCAR"", ""Quantidade"": 5.0, ""ValorUnitario"": 4.8, ""ValorFrete"": 0.0, ""DescontoUnitario"": 0.0, ""ValorTotal"": 24.0, ""PesoKG"": 0.0, ""Comprimento"": 0.0, ""Altura"": 0.0, ""Largura"": 0.0, ""FreteGratis"": false, ""ValorUnitarioFrete"": 1.0, ""PrazoEntregaFrete"": 0, ""ComissaoVendedor"": 0.0, ""Seguro"": 0.0, ""Composicoes"": [], ""Atributos"": null, ""ProductGroupId"": 1, ""Categoria"": ""COM AÇUCAR"", ""CategoriaID"": ""6344371e5b452fbeceeea9ec""}]";;2026-09-30T09:27:00-03:00;"[{""FormaPagamento"": ""PIX"", ""DescricaoPagamento"": null, ""ValorPagamento"": 114.5, ""BandeiraCartao"": null, ""NumeroTerminal"": null, ""DataTransacao"": ""2026-10-01T03:00:00Z"", ""CredenciadoraCartao"": null, ""CredenciadoraCNPJ"": null, ""CV_NSU"": null, ""TipoIntegracao"": null, ""CondicaoPagamento"": 0, ""Parcelas"": 0, ""PeriodoParcelas"": 0, ""Adiantamento"": 0.0, ""Quitar"": null}]";;0.0;;2026-10-01T09:19:07.673-03:00;;;;;;2026-10-01T09:18:53.514-03:00;GRUPO_BARRA;GRUPO_BARRA_CASA DE SUCO - BARRA DO CORDA_6abd009370288da7bddc4251
6abbb3c5b858dae166b1f0ee;;99703500;Venda Direta;65f1ef07ee68912546e82f33;VENDA ESP B2B;68aeea8a3f1a46d41fc5640b;ESTOQUE FABRICA BDC;Pedido Faturado;;Pedido;2026-09-29T00:00:00-03:00;CASA DE SUCO - BARRA DO CORDA;65f1eea0050d165884add5cc;6ab42e1a5c7c6621db51482d;Panificadora Fino Sabor;6ab42e1a5c7c6621db51482d;53876034000100;;Venda ext bdc;b37b3592-9adf-4620-adb5-63db41695826;VENDAS B2B;A Prazo;663e2c99993e71a10f3bad2e;0;0;;PAC;2026-09-29T09:48:00-03:00;0001-01-01T00:00:00-02:00;0001-01-01T00:00:00-02:00;False;0.0;False;;False;0.0;30/09;0.0;;165.0;True;True;GRAJAÚ;;Brasil;;;;;RUA AMARAL RAPOSO;284;;"[{""Id"": 1, ""Nome"": ""Grupo de Produtos Padrão - 01""}]";"[{""Codigo"": ""0247"", ""Unidade"": ""UN"", ""Descricao"": ""0247 - SUCO DE CUPUAÇU 5L - COM AÇUCAR"", ""Quantidade"": 1.0, ""ValorUnitario"": 55.0, ""ValorFrete"": 0.0, ""DescontoUnitario"": 0.0, ""ValorTotal"": 55.0, ""PesoKG"": 0.0, ""Comprimento"": 0.0, ""Altura"": 0.0, ""Largura"": 0.0, ""FreteGratis"": false, ""ValorUnitarioFrete"": 1.0, ""PrazoEntregaFrete"": 0, ""ComissaoVendedor"": 0.0, ""Seguro"": 0.0, ""Composicoes"": [], ""Atributos"": null, ""ProductGroupId"": 1, ""Categoria"": ""CUPUAÇU COM AÇUCAR"", ""CategoriaID"": ""6525b474746027e9184e232b""}, {""Codigo"": ""0243"", ""Unidade"": ""UN"", ""Descricao"": ""0243 - SUCO DE ACEROLA 5L - COM AÇUCAR"", ""Quantidade"": 1.0, ""ValorUnitario"": 60.0, ""ValorFrete"": 0.0, ""DescontoUnitario"": 0.0, ""ValorTotal"": 60.0, ""PesoKG"": 0.0, ""Comprimento"": 0.0, ""Altura"": 0.0, ""Largura"": 0.0, ""FreteGratis"": false, ""ValorUnitarioFrete"": 1.0, ""PrazoEntregaFrete"": 0, ""ComissaoVendedor"": 0.0, ""Seguro"": 0.0, ""Composicoes"": [], ""Atributos"": null, ""ProductGroupId"": 1, ""Categoria"": ""COM AÇUCAR"", ""CategoriaID"": ""6344371e5b452fbeceeea9ec""}, {""Codigo"": ""0249"", ""Unidade"": ""UN"", ""Descricao"": ""0249 - SUCO DE GOIABA 5L - COM AÇUCAR"", ""Quantidade"": 1.0, ""ValorUnitario"": 50.0, ""ValorFrete"": 0.0, ""DescontoUnitario"": 0.0, ""ValorTotal"": 50.0, ""PesoKG"": 0.0, ""Comprimento"": 0.0, ""Altura"": 0.0, ""Largura"": 0.0, ""FreteGratis"": false, ""ValorUnitarioFrete"": 1.0, ""PrazoEntregaFrete"": 0, ""ComissaoVendedor"": 0.0, ""Seguro"": 0.0, ""Composicoes"": [], ""Atributos"": null, ""ProductGroupId"": 1, ""Categoria"": ""COM AÇUCAR"", ""CategoriaID"": ""6344371e5b452fbeceeea9ec""}]";;2026-09-29T09:48:00-03:00;"[{""FormaPagamento"": ""PIX"", ""DescricaoPagamento"": null, ""ValorPagamento"": 165.0, ""BandeiraCartao"": null, ""NumeroTerminal"": null, ""DataTransacao"": ""2026-10-01T03:00:00Z"", ""CredenciadoraCartao"": null, ""CredenciadoraCNPJ"": null, ""CV_NSU"": null, ""TipoIntegracao"": null, ""CondicaoPagamento"": 0, ""Parcelas"": 0, ""PeriodoParcelas"": 0, ""Adiantamento"": 0.0, ""Quitar"": null}]";;0.0;;2026-10-01T09:20:07.439-03:00;;;;;;2026-10-01T09:19:50.05-03:00;GRUPO_BARRA;GRUPO_BARRA_CASA DE SUCO - BARRA DO CORDA_6abbb3c5b858dae166b1f0ee
6abbd88a1e15aaac8d82adc1;;99703681;Venda Direta;65f1ef07ee68912546e82f33;VENDA ESP B2B;68aeea8a3f1a46d41fc5640b;ESTOQUE FABRICA BDC;Pedido Faturado;;;2026-09-29T00:00:00-03:00;CASA DE SUCO - BARRA DO CORDA;65f1eea0050d165884add5cc;69b09210b0ddacbc858d1189;Zé Gregão Grajaú ;69b09210b0ddacbc858d1189;04165363448;;VENDA EXTERNA - RAVANELE;a6f4851a-290e-4fff-917d-0c1374f02362;VENDAS B2B;A Prazo;663e2c99993e71a10f3bad2e;0;0;;PAC;2026-09-29T12:25:00-03:00;0001-01-01T00:00:00-02:00;0001-01-01T00:00:00-02:00;False;0.0;False;;False;0.0;30/09;0.0;;190.0;True;True;Grajaú ;;;;MA;;;;;;"[{""Id"": 1, ""Nome"": ""Grupo de Produtos Padrão - 01""}]";"[{""Codigo"": ""0243"", ""Unidade"": ""UN"", ""Descricao"": ""0243 - SUCO DE ACEROLA 5L - COM AÇUCAR"", ""Quantidade"": 1.0, ""ValorUnitario"": 60.0, ""ValorFrete"": 0.0, ""DescontoUnitario"": 0.0, ""ValorTotal"": 60.0, ""PesoKG"": 0.0, ""Comprimento"": 0.0, ""Altura"": 0.0, ""Largura"": 0.0, ""FreteGratis"": false, ""ValorUnitarioFrete"": 1.0, ""PrazoEntregaFrete"": 0, ""ComissaoVendedor"": 0.0, ""Seguro"": 0.0, ""Composicoes"": [], ""Atributos"": null, ""ProductGroupId"": 1, ""Categoria"": ""COM AÇUCAR"", ""CategoriaID"": ""6344371e5b452fbeceeea9ec""}, {""Codigo"": ""0252"", ""Unidade"": ""UN"", ""Descricao"": ""0252 - SUCO DE MARACUJA 5L - COM AÇUCAR"", ""Quantidade"": 2.0, ""ValorUnitario"": 65.0, ""ValorFrete"": 0.0, ""DescontoUnitario"": 0.0, ""ValorTotal"": 130.0, ""PesoKG"": 0.0, ""Comprimento"": 0.0, ""Altura"": 0.0, ""Largura"": 0.0, ""FreteGratis"": false, ""ValorUnitarioFrete"": 1.0, ""PrazoEntregaFrete"": 0, ""ComissaoVendedor"": 0.0, ""Seguro"": 0.0, ""Composicoes"": [], ""Atributos"": null, ""ProductGroupId"": 1, ""Categoria"": ""COM AÇUCAR"", ""CategoriaID"": ""6344371e5b452fbeceeea9ec""}]";;2026-09-29T12:25:00-03:00;"[{""FormaPagamento"": ""PIX"", ""DescricaoPagamento"": null, ""ValorPagamento"": 190.0, ""BandeiraCartao"": null, ""NumeroTerminal"": null, ""DataTransacao"": ""2026-10-01T03:00:00Z"", ""CredenciadoraCartao"": null, ""CredenciadoraCNPJ"": null, ""CV_NSU"": null, ""TipoIntegracao"": null, ""CondicaoPagamento"": 0, ""Parcelas"": 0, ""PeriodoParcelas"": 0, ""Adiantamento"": 0.0, ""Quitar"": null}]";;0.0;;2026-10-01T09:20:48.519-03:00;;;;;;2026-10-01T09:20:35.714-03:00;GRUPO_BARRA;GRUPO_BARRA_CASA DE SUCO - BARRA DO CORDA_6abbd88a1e15aaac8d82adc1
6abbc321ae607e409733f984;;99703554;Venda Direta;65f1ef07ee68912546e82f33;VENDA ESP B2B;68aeea8a3f1a46d41fc5640b;ESTOQUE FABRICA BDC;Pedido Faturado;;Pedido;2026-09-29T00:00:00-03:00;CASA DE SUCO - BARRA DO CORDA;65f1eea0050d165884add5cc;6aa537c0f2529b4e18121c4b;Maria das Dores Barbosa Irineu - MERCEARIA AÇOUGUE BAÚ;6aa537c0f2529b4e18121c4b;00536092397;;Venda ext bdc;b37b3592-9adf-4620-adb5-63db41695826;VENDAS B2B;A Prazo;663e2c99993e71a10f3bad2e;0;0;;PAC;2026-09-29T10:52:00-03:00;0001-01-01T00:00:00-02:00;0001-01-01T00:00:00-02:00;False;0.0;False;;False;0.0;30/09;0.0;;149.8;True;True;Povoado Remanso;;Brasil;;;;;Av Roseane Sarney;509;Mercearia Açougue Baú;"[{""Id"": 1, ""Nome"": ""Grupo de Produtos Padrão - 01""}]";"[{""Codigo"": ""0233"", ""Unidade"": ""UN"", ""Descricao"": ""0233 - SUCO DE GOIABA 300ML - COM AÇUCAR"", ""Quantidade"": 6.0, ""ValorUnitario"": 4.0, ""ValorFrete"": 0.0, ""DescontoUnitario"": 0.0, ""ValorTotal"": 24.0, ""PesoKG"": 0.0, ""Comprimento"": 0.0, ""Altura"": 0.0, ""Largura"": 0.0, ""FreteGratis"": false, ""ValorUnitarioFrete"": 1.0, ""PrazoEntregaFrete"": 0, ""ComissaoVendedor"": 0.0, ""Seguro"": 0.0, ""Composicoes"": [], ""Atributos"": null, ""ProductGroupId"": 1, ""Categoria"": ""COM AÇUCAR"", ""CategoriaID"": ""6344371e5b452fbeceeea9ec""}, {""Codigo"": ""0232"", ""Unidade"": ""UN"", ""Descricao"": ""0232 - SUCO DE CAJU 300ML - COM AÇUCAR"", ""Quantidade"": 6.0, ""ValorUnitario"": 4.0, ""ValorFrete"": 0.0, ""DescontoUnitario"": 0.0, ""ValorTotal"": 24.0, ""PesoKG"": 0.0, ""Comprimento"": 0.0, ""Altura"": 0.0, ""Largura"": 0.0, ""FreteGratis"": false, ""ValorUnitarioFrete"": 1.0, ""PrazoEntregaFrete"": 0, ""ComissaoVendedor"": 0.0, ""Seguro"": 0.0, ""Composicoes"": [], ""Atributos"": null, ""ProductGroupId"": 1, ""Categoria"": ""COM AÇUCAR"", ""CategoriaID"": ""6344371e5b452fbeceeea9ec""}, {""Codigo"": ""0236"", ""Unidade"": ""UN"", ""Descricao"": ""0236 - SUCO DE LARANJA 300ML - COM AÇUCAR"", ""Quantidade"": 6.0, ""ValorUnitario"": 4.5, ""ValorFrete"": 0.0, ""DescontoUnitario"": 0.0, ""ValorTotal"": 27.0, ""PesoKG"": 0.0, ""Comprimento"": 0.0, ""Altura"": 0.0, ""Largura"": 0.0, ""FreteGratis"": false, ""ValorUnitarioFrete"": 1.0, ""PrazoEntregaFrete"": 0, ""ComissaoVendedor"": 0.0, ""Seguro"": 0.0, ""Composicoes"": [], ""Atributos"": null, ""ProductGroupId"": 1, ""Categoria"": ""COM AÇUCAR"", ""CategoriaID"": ""6344371e5b452fbeceeea9ec""}, {""Codigo"": ""0237"", ""Unidade"": ""UN"", ""Descricao"": ""0237 - SUCO DE MARACUJA 300ML - COM AÇUCAR"", ""Quantidade"": 6.0, ""ValorUnitario"": 4.8, ""ValorFrete"": 0.0, ""DescontoUnitario"": 0.0, ""ValorTotal"": 28.8, ""PesoKG"": 0.0, ""Comprimento"": 0.0, ""Altura"": 0.0, ""Largura"": 0.0, ""FreteGratis"": false, ""ValorUnitarioFrete"": 1.0, ""PrazoEntregaFrete"": 0, ""ComissaoVendedor"": 0.0, ""Seguro"": 0.0, ""Composicoes"": [], ""Atributos"": null, ""ProductGroupId"": 1, ""Categoria"": ""COM AÇUCAR"", ""CategoriaID"": ""6344371e5b452fbeceeea9ec""}, {""Codigo"": ""123213633322879"", ""Unidade"": """", ""Descricao"": ""123213633322879 - MORANGO CONG. 1KG"", ""Quantidade"": 2.0, ""ValorUnitario"": 23.0, ""ValorFrete"": 0.0, ""DescontoUnitario"": 0.0, ""ValorTotal"": 46.0, ""PesoKG"": 0.0, ""Comprimento"": 0.0, ""Altura"": 0.0, ""Largura"": 0.0, ""FreteGratis"": false, ""ValorUnitarioFrete"": 1.0, ""PrazoEntregaFrete"": 0, ""ComissaoVendedor"": 0.0, ""Seguro"": 0.0, ""Composicoes"": [], ""Atributos"": null, ""ProductGroupId"": 1, ""Categoria"": """", ""CategoriaID"": """"}]";;2026-09-29T10:52:00-03:00;"[{""FormaPagamento"": ""PIX"", ""DescricaoPagamento"": null, ""ValorPagamento"": 149.8, ""BandeiraCartao"": null, ""NumeroTerminal"": null, ""DataTransacao"": ""2026-10-01T03:00:00Z"", ""CredenciadoraCartao"": null, ""CredenciadoraCNPJ"": null, ""CV_NSU"": null, ""TipoIntegracao"": null, ""CondicaoPagamento"": 0, ""Parcelas"": 0, ""PeriodoParcelas"": 0, ""Adiantamento"": 0.0, ""Quitar"": null}]";;0.0;;2026-10-01T09:21:30.337-03:00;;;;;;2026-10-01T09:21:16.877-03:00;GRUPO_BARRA;GRUPO_BARRA_CASA DE SUCO - BARRA DO CORDA_6abbc321ae607e409733f984
6abc1568bd516a9f0418d082;;99703971;Venda Direta;65f1ef07ee68912546e82f33;TABELA PK 1;68aeeaea3f1a46d41fc56759;ESTOQUE FABRICA BDC;Pedido Faturado;;;2026-09-29T00:00:00-03:00;CASA DE SUCO - BARRA DO CORDA;65f1eea0050d165884add5cc;63a358295f304ac72eab160d;SUCULENTOS BURGER;63a358295f304ac72eab160d;00000000000;;Venda ext bdc;b37b3592-9adf-4620-adb5-63db41695826;VENDAS B2B;A Prazo;663e2c99993e71a10f3bad2e;0;0;;PAC;2026-09-29T16:44:00-03:00;0001-01-01T00:00:00-02:00;0001-01-01T00:00:00-02:00;False;0.0;False;;False;0.0;;0.0;;130.0;True;True;;;;;;;;;;;"[{""Id"": 1, ""Nome"": ""Grupo de Produtos Padrão - 01""}]";"[{""Codigo"": ""0251"", ""Unidade"": ""UN"", ""Descricao"": ""0251 - SUCO DE LARANJA 5L - COM AÇUCAR"", ""Quantidade"": 1.0, ""ValorUnitario"": 65.0, ""ValorFrete"": 0.0, ""DescontoUnitario"": 0.0, ""ValorTotal"": 65.0, ""PesoKG"": 0.0, ""Comprimento"": 0.0, ""Altura"": 0.0, ""Largura"": 0.0, ""FreteGratis"": false, ""ValorUnitarioFrete"": 1.0, ""PrazoEntregaFrete"": 0, ""ComissaoVendedor"": 0.0, ""Seguro"": 0.0, ""Composicoes"": [], ""Atributos"": null, ""ProductGroupId"": 1, ""Categoria"": ""COM AÇUCAR"", ""CategoriaID"": ""6344371e5b452fbeceeea9ec""}, {""Codigo"": ""0252"", ""Unidade"": ""UN"", ""Descricao"": ""0252 - SUCO DE MARACUJA 5L - COM AÇUCAR"", ""Quantidade"": 1.0, ""ValorUnitario"": 65.0, ""ValorFrete"": 0.0, ""DescontoUnitario"": 0.0, ""ValorTotal"": 65.0, ""PesoKG"": 0.0, ""Comprimento"": 0.0, ""Altura"": 0.0, ""Largura"": 0.0, ""FreteGratis"": false, ""ValorUnitarioFrete"": 1.0, ""PrazoEntregaFrete"": 0, ""ComissaoVendedor"": 0.0, ""Seguro"": 0.0, ""Composicoes"": [], ""Atributos"": null, ""ProductGroupId"": 1, ""Categoria"": ""COM AÇUCAR"", ""CategoriaID"": ""6344371e5b452fbeceeea9ec""}]";;2026-09-29T16:44:00-03:00;"[{""FormaPagamento"": ""Duplicata"", ""DescricaoPagamento"": null, ""ValorPagamento"": 130.0, ""BandeiraCartao"": null, ""NumeroTerminal"": null, ""DataTransacao"": ""2026-10-02T03:00:00Z"", ""CredenciadoraCartao"": null, ""CredenciadoraCNPJ"": null, ""CV_NSU"": null, ""TipoIntegracao"": null, ""CondicaoPagamento"": 0, ""Parcelas"": 0, ""PeriodoParcelas"": 0, ""Adiantamento"": 0.0, ""Quitar"": null}]";;0.0;;2026-10-01T09:56:37.662-03:00;;;;;;2026-10-01T09:56:29.192-03:00;GRUPO_BARRA;GRUPO_BARRA_CASA DE SUCO - BARRA DO CORDA_6abc1568bd516a9f0418d082
6abc1925c445145956991121;;99703993;Venda Direta;65f1ef07ee68912546e82f33;TABELA PK 1;68aeeaea3f1a46d41fc56759;ESTOQUE FABRICA BDC;Pedido Faturado;;Pedido;2026-09-29T00:00:00-03:00;CASA DE SUCO - BARRA DO CORDA;65f1eea0050d165884add5cc;6abc166f6c036029e95eaa80;AVULSO SANTO ANTÔNIO;6abc166f6c036029e95eaa80;;;Venda ext bdc;b37b3592-9adf-4620-adb5-63db41695826;VENDAS B2B;Dinheiro;5b648d1c3498afae6d5bfd89;0;0;;PAC;2026-09-29T16:59:00-03:00;0001-01-01T00:00:00-02:00;0001-01-01T00:00:00-02:00;False;0.0;False;;False;0.0;ENTREGAR NA CONVENIÊNCIA BITU.;0.0;;60.0;True;True;;;Brasil;;;;;;;;"[{""Id"": 1, ""Nome"": ""Grupo de Produtos Padrão - 01""}]";"[{""Codigo"": ""0222"", ""Unidade"": ""UN"", ""Descricao"": ""0222 - SUCO DE GOIABA 2L - COM AÇUCAR"", ""Quantidade"": 1.0, ""ValorUnitario"": 30.0, ""ValorFrete"": 0.0, ""DescontoUnitario"": 0.0, ""ValorTotal"": 30.0, ""PesoKG"": 0.0, ""Comprimento"": 0.0, ""Altura"": 0.0, ""Largura"": 0.0, ""FreteGratis"": false, ""ValorUnitarioFrete"": 1.0, ""PrazoEntregaFrete"": 0, ""ComissaoVendedor"": 0.0, ""Seguro"": 0.0, ""Composicoes"": [], ""Atributos"": null, ""ProductGroupId"": 1, ""Categoria"": ""COM AÇUCAR"", ""CategoriaID"": ""6344371e5b452fbeceeea9ec""}, {""Codigo"": ""0218"", ""Unidade"": ""UN"", ""Descricao"": ""0218 - SUCO DE CAJA 2L - COM AÇUCAR"", ""Quantidade"": 1.0, ""ValorUnitario"": 30.0, ""ValorFrete"": 0.0, ""DescontoUnitario"": 0.0, ""ValorTotal"": 30.0, ""PesoKG"": 0.0, ""Comprimento"": 0.0, ""Altura"": 0.0, ""Largura"": 0.0, ""FreteGratis"": false, ""ValorUnitarioFrete"": 1.0, ""PrazoEntregaFrete"": 0, ""ComissaoVendedor"": 0.0, ""Seguro"": 0.0, ""Composicoes"": [], ""Atributos"": null, ""ProductGroupId"": 1, ""Categoria"": ""COM AÇUCAR"", ""CategoriaID"": ""6344371e5b452fbeceeea9ec""}]";;2026-09-29T16:59:00-03:00;"[{""FormaPagamento"": ""Duplicata"", ""DescricaoPagamento"": null, ""ValorPagamento"": 60.0, ""BandeiraCartao"": null, ""NumeroTerminal"": null, ""DataTransacao"": ""2026-10-02T03:00:00Z"", ""CredenciadoraCartao"": null, ""CredenciadoraCNPJ"": null, ""CV_NSU"": null, ""TipoIntegracao"": null, ""CondicaoPagamento"": 0, ""Parcelas"": 0, ""PeriodoParcelas"": 0, ""Adiantamento"": 0.0, ""Quitar"": null}]";;0.0;;2026-10-01T09:57:37.596-03:00;;;;;;2026-10-01T09:57:03.345-03:00;GRUPO_BARRA;GRUPO_BARRA_CASA DE SUCO - BARRA DO CORDA_6abc1925c445145956991121
6abc19d217789668c44331f2;;99704002;Venda Direta;65f1ef07ee68912546e82f33;TABELA PK 1;68aeeaea3f1a46d41fc56759;ESTOQUE FABRICA BDC;Pedido Faturado;;;2026-09-29T00:00:00-03:00;CASA DE SUCO - BARRA DO CORDA;65f1eea0050d165884add5cc;69723e930d37ba84ec56cd48;CONVENIÊNCIA BITU SANTO ANTÔNIO ;69723e930d37ba84ec56cd48;04457257370;;VENDAPK;b053105b-09bd-4674-b9bb-6ba16b7cde35;VENDAS B2B;A Prazo;663e2c99993e71a10f3bad2e;0;0;;PAC;2026-09-29T17:02:00-03:00;0001-01-01T00:00:00-02:00;0001-01-01T00:00:00-02:00;False;0.0;False;;False;0.0;;0.0;;160.0;True;True;;;;;;;;;;;"[{""Id"": 1, ""Nome"": ""Grupo de Produtos Padrão - 01""}]";"[{""Codigo"": ""0237"", ""Unidade"": ""UN"", ""Descricao"": ""0237 - SUCO DE MARACUJA 300ML - COM AÇUCAR"", ""Quantidade"": 20.0, ""ValorUnitario"": 5.0, ""ValorFrete"": 0.0, ""DescontoUnitario"": 0.0, ""ValorTotal"": 100.0, ""PesoKG"": 0.0, ""Comprimento"": 0.0, ""Altura"": 0.0, ""Largura"": 0.0, ""FreteGratis"": false, ""ValorUnitarioFrete"": 1.0, ""PrazoEntregaFrete"": 0, ""ComissaoVendedor"": 0.0, ""Seguro"": 0.0, ""Composicoes"": [], ""Atributos"": null, ""ProductGroupId"": 1, ""Categoria"": ""COM AÇUCAR"", ""CategoriaID"": ""6344371e5b452fbeceeea9ec""}, {""Codigo"": ""0229"", ""Unidade"": ""UN"", ""Descricao"": ""0229 - SUCO DE ACEROLA 300ML - COM AÇUCAR"", ""Quantidade"": 5.0, ""ValorUnitario"": 4.0, ""ValorFrete"": 0.0, ""DescontoUnitario"": 0.0, ""ValorTotal"": 20.0, ""PesoKG"": 0.0, ""Comprimento"": 0.0, ""Altura"": 0.0, ""Largura"": 0.0, ""FreteGratis"": false, ""ValorUnitarioFrete"": 1.0, ""PrazoEntregaFrete"": 0, ""ComissaoVendedor"": 0.0, ""Seguro"": 0.0, ""Composicoes"": [], ""Atributos"": null, ""ProductGroupId"": 1, ""Categoria"": ""COM AÇUCAR"", ""CategoriaID"": ""6344371e5b452fbeceeea9ec""}, {""Codigo"": ""0232"", ""Unidade"": ""UN"", ""Descricao"": ""0232 - SUCO DE CAJU 300ML - COM AÇUCAR"", ""Quantidade"": 5.0, ""ValorUnitario"": 4.0, ""ValorFrete"": 0.0, ""DescontoUnitario"": 0.0, ""ValorTotal"": 20.0, ""PesoKG"": 0.0, ""Comprimento"": 0.0, ""Altura"": 0.0, ""Largura"": 0.0, ""FreteGratis"": false, ""ValorUnitarioFrete"": 1.0, ""PrazoEntregaFrete"": 0, ""ComissaoVendedor"": 0.0, ""Seguro"": 0.0, ""Composicoes"": [], ""Atributos"": null, ""ProductGroupId"": 1, ""Categoria"": ""COM AÇUCAR"", ""CategoriaID"": ""6344371e5b452fbeceeea9ec""}, {""Codigo"": ""0233"", ""Unidade"": ""UN"", ""Descricao"": ""0233 - SUCO DE GOIABA 300ML - COM AÇUCAR"", ""Quantidade"": 5.0, ""ValorUnitario"": 4.0, ""ValorFrete"": 0.0, ""DescontoUnitario"": 0.0, ""ValorTotal"": 20.0, ""PesoKG"": 0.0, ""Comprimento"": 0.0, ""Altura"": 0.0, ""Largura"": 0.0, ""FreteGratis"": false, ""ValorUnitarioFrete"": 1.0, ""PrazoEntregaFrete"": 0, ""ComissaoVendedor"": 0.0, ""Seguro"": 0.0, ""Composicoes"": [], ""Atributos"": null, ""ProductGroupId"": 1, ""Categoria"": ""COM AÇUCAR"", ""CategoriaID"": ""6344371e5b452fbeceeea9ec""}]";;2026-09-29T17:02:00-03:00;"[{""FormaPagamento"": ""Duplicata"", ""DescricaoPagamento"": null, ""ValorPagamento"": 160.0, ""BandeiraCartao"": null, ""NumeroTerminal"": null, ""DataTransacao"": ""2026-10-02T03:00:00Z"", ""CredenciadoraCartao"": null, ""CredenciadoraCNPJ"": null, ""CV_NSU"": null, ""TipoIntegracao"": null, ""CondicaoPagamento"": 0, ""Parcelas"": 0, ""PeriodoParcelas"": 0, ""Adiantamento"": 0.0, ""Quitar"": null}]";;0.0;;2026-10-01T09:58:13.52-03:00;;;;;;2026-10-01T09:58:04.128-03:00;GRUPO_BARRA;GRUPO_BARRA_CASA DE SUCO - BARRA DO CORDA_6abc19d217789668c44331f2
6abc13d12c47b6ebe62f1c6b;;99703955;Venda Direta;65f1ef07ee68912546e82f33;TABELA PK 1;68aeeaea3f1a46d41fc56759;ESTOQUE FABRICA BDC;Pedido Faturado;;Pedido;2026-09-29T00:00:00-03:00;CASA DE SUCO - BARRA DO CORDA;65f1eea0050d165884add5cc;689f4b42c9066030c8ecf47b;COMERCIAL DO VAN/ D.PEDRO;689f4b42c9066030c8ecf47b;;;Venda EXT BDC;5680e16a-d0a3-4781-9eae-790914885c50;VENDAS B2B;A Prazo;663e2c99993e71a10f3bad2e;0;0;;PAC;2026-09-29T16:37:00-03:00;0001-01-01T00:00:00-02:00;0001-01-01T00:00:00-02:00;False;0.0;False;;False;0.0;;0.0;;85.0;True;True;DOM PEDRO;;Brasil;;;;;;;;"[{""Id"": 1, ""Nome"": ""Grupo de Produtos Padrão - 01""}]";"[{""Codigo"": ""0236"", ""Unidade"": ""UN"", ""Descricao"": ""0236 - SUCO DE LARANJA 300ML - COM AÇUCAR"", ""Quantidade"": 5.0, ""ValorUnitario"": 5.0, ""ValorFrete"": 0.0, ""DescontoUnitario"": 0.0, ""ValorTotal"": 25.0, ""PesoKG"": 0.0, ""Comprimento"": 0.0, ""Altura"": 0.0, ""Largura"": 0.0, ""FreteGratis"": false, ""ValorUnitarioFrete"": 1.0, ""PrazoEntregaFrete"": 0, ""ComissaoVendedor"": 0.0, ""Seguro"": 0.0, ""Composicoes"": [], ""Atributos"": null, ""ProductGroupId"": 1, ""Categoria"": ""COM AÇUCAR"", ""CategoriaID"": ""6344371e5b452fbeceeea9ec""}, {""Codigo"": ""0233"", ""Unidade"": ""UN"", ""Descricao"": ""0233 - SUCO DE GOIABA 300ML - COM AÇUCAR"", ""Quantidade"": 5.0, ""ValorUnitario"": 4.0, ""ValorFrete"": 0.0, ""DescontoUnitario"": 0.0, ""ValorTotal"": 20.0, ""PesoKG"": 0.0, ""Comprimento"": 0.0, ""Altura"": 0.0, ""Largura"": 0.0, ""FreteGratis"": false, ""ValorUnitarioFrete"": 1.0, ""PrazoEntregaFrete"": 0, ""ComissaoVendedor"": 0.0, ""Seguro"": 0.0, ""Composicoes"": [], ""Atributos"": null, ""ProductGroupId"": 1, ""Categoria"": ""COM AÇUCAR"", ""CategoriaID"": ""6344371e5b452fbeceeea9ec""}, {""Codigo"": ""0237"", ""Unidade"": ""UN"", ""Descricao"": ""0237 - SUCO DE MARACUJA 300ML - COM AÇUCAR"", ""Quantidade"": 5.0, ""ValorUnitario"": 4.0, ""ValorFrete"": 0.0, ""DescontoUnitario"": 0.0, ""ValorTotal"": 20.0, ""PesoKG"": 0.0, ""Comprimento"": 0.0, ""Altura"": 0.0, ""Largura"": 0.0, ""FreteGratis"": false, ""ValorUnitarioFrete"": 1.0, ""PrazoEntregaFrete"": 0, ""ComissaoVendedor"": 0.0, ""Seguro"": 0.0, ""Composicoes"": [], ""Atributos"": null, ""ProductGroupId"": 1, ""Categoria"": ""COM AÇUCAR"", ""CategoriaID"": ""6344371e5b452fbeceeea9ec""}, {""Codigo"": ""0232"", ""Unidade"": ""UN"", ""Descricao"": ""0232 - SUCO DE CAJU 300ML - COM AÇUCAR"", ""Quantidade"": 5.0, ""ValorUnitario"": 4.0, ""ValorFrete"": 0.0, ""DescontoUnitario"": 0.0, ""ValorTotal"": 20.0, ""PesoKG"": 0.0, ""Comprimento"": 0.0, ""Altura"": 0.0, ""Largura"": 0.0, ""FreteGratis"": false, ""ValorUnitarioFrete"": 1.0, ""PrazoEntregaFrete"": 0, ""ComissaoVendedor"": 0.0, ""Seguro"": 0.0, ""Composicoes"": [], ""Atributos"": null, ""ProductGroupId"": 1, ""Categoria"": ""COM AÇUCAR"", ""CategoriaID"": ""6344371e5b452fbeceeea9ec""}]";;2026-09-29T16:37:00-03:00;"[{""FormaPagamento"": ""Duplicata"", ""DescricaoPagamento"": null, ""ValorPagamento"": 85.0, ""BandeiraCartao"": null, ""NumeroTerminal"": null, ""DataTransacao"": ""2026-10-02T03:00:00Z"", ""CredenciadoraCartao"": null, ""CredenciadoraCNPJ"": null, ""CV_NSU"": null, ""TipoIntegracao"": null, ""CondicaoPagamento"": 0, ""Parcelas"": 0, ""PeriodoParcelas"": 0, ""Adiantamento"": 0.0, ""Quitar"": null}]";;0.0;;2026-10-01T09:58:51.545-03:00;;;;;;2026-10-01T09:58:43.901-03:00;GRUPO_BARRA;GRUPO_BARRA_CASA DE SUCO - BARRA DO CORDA_6abc13d12c47b6ebe62f1c6b
6abc1b2be52dc1476bd919fa;;99704015;Venda Direta;65f1ef07ee68912546e82f33;TABELA PK 1;68aeeaea3f1a46d41fc56759;ESTOQUE FABRICA BDC;Pedido Faturado;;;2026-09-29T00:00:00-03:00;CASA DE SUCO - BARRA DO CORDA;65f1eea0050d165884add5cc;68fde784f610d4c07b01eab3;WALESCA D. PEDRO ;68fde784f610d4c07b01eab3;;;VENDAPK;b053105b-09bd-4674-b9bb-6ba16b7cde35;VENDAS B2B;A Prazo;663e2c99993e71a10f3bad2e;0;0;;PAC;2026-09-29T17:09:00-03:00;0001-01-01T00:00:00-02:00;0001-01-01T00:00:00-02:00;False;0.0;False;;False;0.0;;0.0;;140.0;True;True;;;;;;;;;;;"[{""Id"": 1, ""Nome"": ""Grupo de Produtos Padrão - 01""}]";"[{""Codigo"": ""0225"", ""Unidade"": ""UN"", ""Descricao"": ""0225 - SUCO DE MARACUJA 2L - COM AÇUCAR"", ""Quantidade"": 2.0, ""ValorUnitario"": 35.0, ""ValorFrete"": 0.0, ""DescontoUnitario"": 0.0, ""ValorTotal"": 70.0, ""PesoKG"": 0.0, ""Comprimento"": 0.0, ""Altura"": 0.0, ""Largura"": 0.0, ""FreteGratis"": false, ""ValorUnitarioFrete"": 1.0, ""PrazoEntregaFrete"": 0, ""ComissaoVendedor"": 0.0, ""Seguro"": 0.0, ""Composicoes"": [], ""Atributos"": null, ""ProductGroupId"": 1, ""Categoria"": ""COM AÇUCAR"", ""CategoriaID"": ""6344371e5b452fbeceeea9ec""}, {""Codigo"": ""0224"", ""Unidade"": ""UN"", ""Descricao"": ""0224 - SUCO DE LARANJA 2L - COM AÇUCAR"", ""Quantidade"": 2.0, ""ValorUnitario"": 35.0, ""ValorFrete"": 0.0, ""DescontoUnitario"": 0.0, ""ValorTotal"": 70.0, ""PesoKG"": 0.0, ""Comprimento"": 0.0, ""Altura"": 0.0, ""Largura"": 0.0, ""FreteGratis"": false, ""ValorUnitarioFrete"": 1.0, ""PrazoEntregaFrete"": 0, ""ComissaoVendedor"": 0.0, ""Seguro"": 0.0, ""Composicoes"": [], ""Atributos"": null, ""ProductGroupId"": 1, ""Categoria"": ""COM AÇUCAR"", ""CategoriaID"": ""6344371e5b452fbeceeea9ec""}]";;2026-09-29T17:09:00-03:00;"[{""FormaPagamento"": ""Duplicata"", ""DescricaoPagamento"": null, ""ValorPagamento"": 140.0, ""BandeiraCartao"": null, ""NumeroTerminal"": null, ""DataTransacao"": ""2026-10-02T03:00:00Z"", ""CredenciadoraCartao"": null, ""CredenciadoraCNPJ"": null, ""CV_NSU"": null, ""TipoIntegracao"": null, ""CondicaoPagamento"": 0, ""Parcelas"": 0, ""PeriodoParcelas"": 0, ""Adiantamento"": 0.0, ""Quitar"": null}]";;0.0;;2026-10-01T09:59:17.675-03:00;;;;;;2026-10-01T09:59:10.622-03:00;GRUPO_BARRA;GRUPO_BARRA_CASA DE SUCO - BARRA DO CORDA_6abc1b2be52dc1476bd919fa
6abc10c62113b6edfd23e4e3;;99703935;Venda Direta;65f1ef07ee68912546e82f33;TABELA PK 1;68aeeaea3f1a46d41fc56759;ESTOQUE FABRICA BDC;Pedido Faturado;;;2026-09-29T00:00:00-03:00;CASA DE SUCO - BARRA DO CORDA;65f1eea0050d165884add5cc;68fa4e4bee70f12a16093a83;NÚBIA CAFÉ DA HORA  P. DUTRA ;68fa4e4bee70f12a16093a83;;;VENDAPK;b053105b-09bd-4674-b9bb-6ba16b7cde35;VENDAS B2B;A Prazo;663e2c99993e71a10f3bad2e;0;0;;PAC;2026-09-29T16:24:00-03:00;0001-01-01T00:00:00-02:00;0001-01-01T00:00:00-02:00;False;0.0;False;;False;0.0;;0.0;;120.0;True;True;;;;;;;;;;;"[{""Id"": 1, ""Nome"": ""Grupo de Produtos Padrão - 01""}]";"[{""Codigo"": ""0246"", ""Unidade"": ""UN"", ""Descricao"": ""0246 - SUCO DE CAJU 5L - COM AÇUCAR"", ""Quantidade"": 1.0, ""ValorUnitario"": 60.0, ""ValorFrete"": 0.0, ""DescontoUnitario"": 0.0, ""ValorTotal"": 60.0, ""PesoKG"": 0.0, ""Comprimento"": 0.0, ""Altura"": 0.0, ""Largura"": 0.0, ""FreteGratis"": false, ""ValorUnitarioFrete"": 1.0, ""PrazoEntregaFrete"": 0, ""ComissaoVendedor"": 0.0, ""Seguro"": 0.0, ""Composicoes"": [], ""Atributos"": null, ""ProductGroupId"": 1, ""Categoria"": ""COM AÇUCAR"", ""CategoriaID"": ""6344371e5b452fbeceeea9ec""}, {""Codigo"": ""0252"", ""Unidade"": ""UN"", ""Descricao"": ""0252 - SUCO DE MARACUJA 5L - COM AÇUCAR"", ""Quantidade"": 1.0, ""ValorUnitario"": 60.0, ""ValorFrete"": 0.0, ""DescontoUnitario"": 0.0, ""ValorTotal"": 60.0, ""PesoKG"": 0.0, ""Comprimento"": 0.0, ""Altura"": 0.0, ""Largura"": 0.0, ""FreteGratis"": false, ""ValorUnitarioFrete"": 1.0, ""PrazoEntregaFrete"": 0, ""ComissaoVendedor"": 0.0, ""Seguro"": 0.0, ""Composicoes"": [], ""Atributos"": null, ""ProductGroupId"": 1, ""Categoria"": ""COM AÇUCAR"", ""CategoriaID"": ""6344371e5b452fbeceeea9ec""}]";;2026-09-29T16:24:00-03:00;"[{""FormaPagamento"": ""Duplicata"", ""DescricaoPagamento"": null, ""ValorPagamento"": 120.0, ""BandeiraCartao"": null, ""NumeroTerminal"": null, ""DataTransacao"": ""2026-10-02T03:00:00Z"", ""CredenciadoraCartao"": null, ""CredenciadoraCNPJ"": null, ""CV_NSU"": null, ""TipoIntegracao"": null, ""CondicaoPagamento"": 0, ""Parcelas"": 0, ""PeriodoParcelas"": 0, ""Adiantamento"": 0.0, ""Quitar"": null}]";;0.0;;2026-10-01T09:59:44.227-03:00;;;;;;2026-10-01T09:59:36.505-03:00;GRUPO_BARRA;GRUPO_BARRA_CASA DE SUCO - BARRA DO CORDA_6abc10c62113b6edfd23e4e3
6abc1c568245e314b90ea2d1;;99704024;Venda Direta;65f1ef07ee68912546e82f33;TABELA PK 1;68aeeaea3f1a46d41fc56759;ESTOQUE FABRICA BDC;Pedido Faturado;;;2026-09-29T00:00:00-03:00;CASA DE SUCO - BARRA DO CORDA;65f1eea0050d165884add5cc;68e807a78aedd605bedbff31;PUB 99 BAR E RESTAURANTE S. DOMINGOS ;68e807a78aedd605bedbff31;61205575000135;dr.wathillasantana@gmail.com;VENDAPK;b053105b-09bd-4674-b9bb-6ba16b7cde35;VENDAS B2B;A Prazo;663e2c99993e71a10f3bad2e;0;0;;PAC;2026-09-29T17:13:00-03:00;0001-01-01T00:00:00-02:00;0001-01-01T00:00:00-02:00;False;0.0;False;;False;0.0;;0.0;;660.0;True;True;SAO DOMINGOS DO MARANHAO;;Brasil;65790000;MA;;CENTRO;RUA TIBUCIO FEIO;SN;;"[{""Id"": 1, ""Nome"": ""Grupo de Produtos Padrão - 01""}]";"[{""Codigo"": ""0252"", ""Unidade"": ""UN"", ""Descricao"": ""0252 - SUCO DE MARACUJA 5L - COM AÇUCAR"", ""Quantidade"": 3.0, ""ValorUnitario"": 60.0, ""ValorFrete"": 0.0, ""DescontoUnitario"": 0.0, ""ValorTotal"": 180.0, ""PesoKG"": 0.0, ""Comprimento"": 0.0, ""Altura"": 0.0, ""Largura"": 0.0, ""FreteGratis"": false, ""ValorUnitarioFrete"": 1.0, ""PrazoEntregaFrete"": 0, ""ComissaoVendedor"": 0.0, ""Seguro"": 0.0, ""Composicoes"": [], ""Atributos"": null, ""ProductGroupId"": 1, ""Categoria"": ""COM AÇUCAR"", ""CategoriaID"": ""6344371e5b452fbeceeea9ec""}, {""Codigo"": ""0243"", ""Unidade"": ""UN"", ""Descricao"": ""0243 - SUCO DE ACEROLA 5L - COM AÇUCAR"", ""Quantidade"": 2.0, ""ValorUnitario"": 60.0, ""ValorFrete"": 0.0, ""DescontoUnitario"": 0.0, ""ValorTotal"": 120.0, ""PesoKG"": 0.0, ""Comprimento"": 0.0, ""Altura"": 0.0, ""Largura"": 0.0, ""FreteGratis"": false, ""ValorUnitarioFrete"": 1.0, ""PrazoEntregaFrete"": 0, ""ComissaoVendedor"": 0.0, ""Seguro"": 0.0, ""Composicoes"": [], ""Atributos"": null, ""ProductGroupId"": 1, ""Categoria"": ""COM AÇUCAR"", ""CategoriaID"": ""6344371e5b452fbeceeea9ec""}, {""Codigo"": ""0246"", ""Unidade"": ""UN"", ""Descricao"": ""0246 - SUCO DE CAJU 5L - COM AÇUCAR"", ""Quantidade"": 1.0, ""ValorUnitario"": 60.0, ""ValorFrete"": 0.0, ""DescontoUnitario"": 0.0, ""ValorTotal"": 60.0, ""PesoKG"": 0.0, ""Comprimento"": 0.0, ""Altura"": 0.0, ""Largura"": 0.0, ""FreteGratis"": false, ""ValorUnitarioFrete"": 1.0, ""PrazoEntregaFrete"": 0, ""ComissaoVendedor"": 0.0, ""Seguro"": 0.0, ""Composicoes"": [], ""Atributos"": null, ""ProductGroupId"": 1, ""Categoria"": ""COM AÇUCAR"", ""CategoriaID"": ""6344371e5b452fbeceeea9ec""}, {""Codigo"": ""0251"", ""Unidade"": ""UN"", ""Descricao"": ""0251 - SUCO DE LARANJA 5L - COM AÇUCAR"", ""Quantidade"": 3.0, ""ValorUnitario"": 60.0, ""ValorFrete"": 0.0, ""DescontoUnitario"": 0.0, ""ValorTotal"": 180.0, ""PesoKG"": 0.0, ""Comprimento"": 0.0, ""Altura"": 0.0, ""Largura"": 0.0, ""FreteGratis"": false, ""ValorUnitarioFrete"": 1.0, ""PrazoEntregaFrete"": 0, ""ComissaoVendedor"": 0.0, ""Seguro"": 0.0, ""Composicoes"": [], ""Atributos"": null, ""ProductGroupId"": 1, ""Categoria"": ""COM AÇUCAR"", ""CategoriaID"": ""6344371e5b452fbeceeea9ec""}, {""Codigo"": ""0249"", ""Unidade"": ""UN"", ""Descricao"": ""0249 - SUCO DE GOIABA 5L - COM AÇUCAR"", ""Quantidade"": 2.0, ""ValorUnitario"": 60.0, ""ValorFrete"": 0.0, ""DescontoUnitario"": 0.0, ""ValorTotal"": 120.0, ""PesoKG"": 0.0, ""Comprimento"": 0.0, ""Altura"": 0.0, ""Largura"": 0.0, ""FreteGratis"": false, ""ValorUnitarioFrete"": 1.0, ""PrazoEntregaFrete"": 0, ""ComissaoVendedor"": 0.0, ""Seguro"": 0.0, ""Composicoes"": [], ""Atributos"": null, ""ProductGroupId"": 1, ""Categoria"": ""COM AÇUCAR"", ""CategoriaID"": ""6344371e5b452fbeceeea9ec""}]";;2026-09-29T17:13:00-03:00;"[{""FormaPagamento"": ""Duplicata"", ""DescricaoPagamento"": null, ""ValorPagamento"": 660.0, ""BandeiraCartao"": null, ""NumeroTerminal"": null, ""DataTransacao"": ""2026-10-07T03:00:00Z"", ""CredenciadoraCartao"": null, ""CredenciadoraCNPJ"": null, ""CV_NSU"": null, ""TipoIntegracao"": null, ""CondicaoPagamento"": 0, ""Parcelas"": 0, ""PeriodoParcelas"": 0, ""Adiantamento"": 0.0, ""Quitar"": null}]";;0.0;;2026-10-01T10:00:12.528-03:00;;;;;;2026-10-01T10:00:03.203-03:00;GRUPO_BARRA;GRUPO_BARRA_CASA DE SUCO - BARRA DO CORDA_6abc1c568245e314b90ea2d1
6abc1cf6ae2b11bfa6fb3654;;99704030;Venda Direta;65f1ef07ee68912546e82f33;TABELA PK 1;68aeeaea3f1a46d41fc56759;ESTOQUE FABRICA BDC;Pedido Faturado;;Pedido;2026-09-29T00:00:00-03:00;CASA DE SUCO - BARRA DO CORDA;65f1eea0050d165884add5cc;6894b9bc8e2ea2223503fc23;MARCOS VINICIUS / SÃO DOMINGOS;6894b9bc8e2ea2223503fc23;;;Venda EXT BDC;5680e16a-d0a3-4781-9eae-790914885c50;VENDAS B2B;A Prazo;663e2c99993e71a10f3bad2e;0;0;;PAC;2026-09-29T17:15:00-03:00;0001-01-01T00:00:00-02:00;0001-01-01T00:00:00-02:00;False;0.0;False;;False;0.0;;0.0;;490.0;True;True;SÃO DOMINGOS;;Brasil;;;;;;;;"[{""Id"": 1, ""Nome"": ""Grupo de Produtos Padrão - 01""}]";"[{""Codigo"": ""0245"", ""Unidade"": ""UN"", ""Descricao"": ""0245 - SUCO DE CAJA 5L - COM AÇUCAR"", ""Quantidade"": 1.0, ""ValorUnitario"": 50.0, ""ValorFrete"": 0.0, ""DescontoUnitario"": 0.0, ""ValorTotal"": 50.0, ""PesoKG"": 0.0, ""Comprimento"": 0.0, ""Altura"": 0.0, ""Largura"": 0.0, ""FreteGratis"": false, ""ValorUnitarioFrete"": 1.0, ""PrazoEntregaFrete"": 0, ""ComissaoVendedor"": 0.0, ""Seguro"": 0.0, ""Composicoes"": [], ""Atributos"": null, ""ProductGroupId"": 1, ""Categoria"": ""COM AÇUCAR"", ""CategoriaID"": ""6344371e5b452fbeceeea9ec""}, {""Codigo"": ""0249"", ""Unidade"": ""UN"", ""Descricao"": ""0249 - SUCO DE GOIABA 5L - COM AÇUCAR"", ""Quantidade"": 2.0, ""ValorUnitario"": 50.0, ""ValorFrete"": 0.0, ""DescontoUnitario"": 0.0, ""ValorTotal"": 100.0, ""PesoKG"": 0.0, ""Comprimento"": 0.0, ""Altura"": 0.0, ""Largura"": 0.0, ""FreteGratis"": false, ""ValorUnitarioFrete"": 1.0, ""PrazoEntregaFrete"": 0, ""ComissaoVendedor"": 0.0, ""Seguro"": 0.0, ""Composicoes"": [], ""Atributos"": null, ""ProductGroupId"": 1, ""Categoria"": ""COM AÇUCAR"", ""CategoriaID"": ""6344371e5b452fbeceeea9ec""}, {""Codigo"": ""0219"", ""Unidade"": ""UN"", ""Descricao"": ""0219 - SUCO DE CAJU 2L - COM AÇUCAR"", ""Quantidade"": 1.0, ""ValorUnitario"": 30.0, ""ValorFrete"": 0.0, ""DescontoUnitario"": 0.0, ""ValorTotal"": 30.0, ""PesoKG"": 0.0, ""Comprimento"": 0.0, ""Altura"": 0.0, ""Largura"": 0.0, ""FreteGratis"": false, ""ValorUnitarioFrete"": 1.0, ""PrazoEntregaFrete"": 0, ""ComissaoVendedor"": 0.0, ""Seguro"": 0.0, ""Composicoes"": [], ""Atributos"": null, ""ProductGroupId"": 1, ""Categoria"": ""COM AÇUCAR"", ""CategoriaID"": ""6344371e5b452fbeceeea9ec""}, {""Codigo"": ""0251"", ""Unidade"": ""UN"", ""Descricao"": ""0251 - SUCO DE LARANJA 5L - COM AÇUCAR"", ""Quantidade"": 1.0, ""ValorUnitario"": 60.0, ""ValorFrete"": 0.0, ""DescontoUnitario"": 0.0, ""ValorTotal"": 60.0, ""PesoKG"": 0.0, ""Comprimento"": 0.0, ""Altura"": 0.0, ""Largura"": 0.0, ""FreteGratis"": false, ""ValorUnitarioFrete"": 1.0, ""PrazoEntregaFrete"": 0, ""ComissaoVendedor"": 0.0, ""Seguro"": 0.0, ""Composicoes"": [], ""Atributos"": null, ""ProductGroupId"": 1, ""Categoria"": ""COM AÇUCAR"", ""CategoriaID"": ""6344371e5b452fbeceeea9ec""}, {""Codigo"": ""0252"", ""Unidade"": ""UN"", ""Descricao"": ""0252 - SUCO DE MARACUJA 5L - COM AÇUCAR"", ""Quantidade"": 3.0, ""ValorUnitario"": 50.0, ""ValorFrete"": 0.0, ""DescontoUnitario"": 0.0, ""ValorTotal"": 150.0, ""PesoKG"": 0.0, ""Comprimento"": 0.0, ""Altura"": 0.0, ""Largura"": 0.0, ""FreteGratis"": false, ""ValorUnitarioFrete"": 1.0, ""PrazoEntregaFrete"": 0, ""ComissaoVendedor"": 0.0, ""Seguro"": 0.0, ""Composicoes"": [], ""Atributos"": null, ""ProductGroupId"": 1, ""Categoria"": ""COM AÇUCAR"", ""CategoriaID"": ""6344371e5b452fbeceeea9ec""}, {""Codigo"": ""0243"", ""Unidade"": ""UN"", ""Descricao"": ""0243 - SUCO DE ACEROLA 5L - COM AÇUCAR"", ""Quantidade"": 2.0, ""ValorUnitario"": 50.0, ""ValorFrete"": 0.0, ""DescontoUnitario"": 0.0, ""ValorTotal"": 100.0, ""PesoKG"": 0.0, ""Comprimento"": 0.0, ""Altura"": 0.0, ""Largura"": 0.0, ""FreteGratis"": false, ""ValorUnitarioFrete"": 1.0, ""PrazoEntregaFrete"": 0, ""ComissaoVendedor"": 0.0, ""Seguro"": 0.0, ""Composicoes"": [], ""Atributos"": null, ""ProductGroupId"": 1, ""Categoria"": ""COM AÇUCAR"", ""CategoriaID"": ""6344371e5b452fbeceeea9ec""}]";;2026-09-29T17:15:00-03:00;"[{""FormaPagamento"": ""Duplicata"", ""DescricaoPagamento"": null, ""ValorPagamento"": 490.0, ""BandeiraCartao"": null, ""NumeroTerminal"": null, ""DataTransacao"": ""2026-10-07T03:00:00Z"", ""CredenciadoraCartao"": null, ""CredenciadoraCNPJ"": null, ""CV_NSU"": null, ""TipoIntegracao"": null, ""CondicaoPagamento"": 0, ""Parcelas"": 0, ""PeriodoParcelas"": 0, ""Adiantamento"": 0.0, ""Quitar"": null}]";;0.0;;2026-10-01T10:00:35.656-03:00;;;;;;2026-10-01T10:00:28.382-03:00;GRUPO_BARRA;GRUPO_BARRA_CASA DE SUCO - BARRA DO CORDA_6abc1cf6ae2b11bfa6fb3654
6abaaea4d52aa7e6ac921dbf;;99703102;Venda Direta;65f1ef07ee68912546e82f33;TABELA PK 1;68aeeaea3f1a46d41fc56759;ESTOQUE FABRICA BDC;Pedido Faturado;;Venda Encomenda;2026-09-28T00:00:00-03:00;CASA DE SUCO - BARRA DO CORDA;65f1eea0050d165884add5cc;674e179fd31142db94d5c6cd;RESTAURANTE BOM GOSTO CIGANA GALEGO ;674e179fd31142db94d5c6cd;75392291368;;Venda EXT BDC;5680e16a-d0a3-4781-9eae-790914885c50;VENDAS B2B;Dinheiro;5b648d1c3498afae6d5bfd89;0;0;;PAC;2026-09-28T15:07:00-03:00;0001-01-01T00:00:00-02:00;0001-01-01T00:00:00-02:00;False;0.0;False;;False;0.0;;0.0;;120.0;True;True;Tuntum;;Brasil;;;;;;;Interior / cigana;"[{""Id"": 1, ""Nome"": ""Grupo de Produtos Padrão - 01""}]";"[{""Codigo"": ""0252"", ""Unidade"": ""UN"", ""Descricao"": ""0252 - SUCO DE MARACUJA 5L - COM AÇUCAR"", ""Quantidade"": 1.0, ""ValorUnitario"": 60.0, ""ValorFrete"": 0.0, ""DescontoUnitario"": 0.0, ""ValorTotal"": 60.0, ""PesoKG"": 0.0, ""Comprimento"": 0.0, ""Altura"": 0.0, ""Largura"": 0.0, ""FreteGratis"": false, ""ValorUnitarioFrete"": 1.0, ""PrazoEntregaFrete"": 0, ""ComissaoVendedor"": 0.0, ""Seguro"": 0.0, ""Composicoes"": [], ""Atributos"": null, ""ProductGroupId"": 1, ""Categoria"": ""COM AÇUCAR"", ""CategoriaID"": ""6344371e5b452fbeceeea9ec""}, {""Codigo"": ""0245"", ""Unidade"": ""UN"", ""Descricao"": ""0245 - SUCO DE CAJA 5L - COM AÇUCAR"", ""Quantidade"": 1.0, ""ValorUnitario"": 60.0, ""ValorFrete"": 0.0, ""DescontoUnitario"": 0.0, ""ValorTotal"": 60.0, ""PesoKG"": 0.0, ""Comprimento"": 0.0, ""Altura"": 0.0, ""Largura"": 0.0, ""FreteGratis"": false, ""ValorUnitarioFrete"": 1.0, ""PrazoEntregaFrete"": 0, ""ComissaoVendedor"": 0.0, ""Seguro"": 0.0, ""Composicoes"": [], ""Atributos"": null, ""ProductGroupId"": 1, ""Categoria"": ""COM AÇUCAR"", ""CategoriaID"": ""6344371e5b452fbeceeea9ec""}]";;2026-09-28T15:07:00-03:00;"[{""FormaPagamento"": ""Duplicata"", ""DescricaoPagamento"": null, ""ValorPagamento"": 120.0, ""BandeiraCartao"": null, ""NumeroTerminal"": null, ""DataTransacao"": ""2026-10-07T03:00:00Z"", ""CredenciadoraCartao"": null, ""CredenciadoraCNPJ"": null, ""CV_NSU"": null, ""TipoIntegracao"": null, ""CondicaoPagamento"": 0, ""Parcelas"": 0, ""PeriodoParcelas"": 0, ""Adiantamento"": 0.0, ""Quitar"": null}]";;0.0;;2026-10-01T10:01:08.391-03:00;;;;;;2026-10-01T10:00:55.246-03:00;GRUPO_BARRA;GRUPO_BARRA_CASA DE SUCO - BARRA DO CORDA_6abaaea4d52aa7e6ac921dbf
6abc0d4f17789668c4427bf7;;99703914;Venda Direta;65f1ef07ee68912546e82f33;TABELA PK 1;68aeeaea3f1a46d41fc56759;ESTOQUE FABRICA BDC;Pedido Faturado;;;2026-09-29T00:00:00-03:00;CASA DE SUCO - BARRA DO CORDA;65f1eea0050d165884add5cc;68e7fdf24b3be4fde03a9f69;PADARIA MASTER PAN  P. DUTRA ;68e7fdf24b3be4fde03a9f69;50569575000106;edmilavasconcelos1@icloud.com;VENDAPK;b053105b-09bd-4674-b9bb-6ba16b7cde35;VENDAS B2B;A Prazo;663e2c99993e71a10f3bad2e;0;0;;PAC;2026-09-29T16:09:00-03:00;0001-01-01T00:00:00-02:00;0001-01-01T00:00:00-02:00;False;0.0;False;;False;0.0;;0.0;;120.0;True;True;PRESIDENTE DUTRA;;Brasil;65760000;MA;;CAMPO DANTAS;RUA GONCALVES DIAS;02;;"[{""Id"": 1, ""Nome"": ""Grupo de Produtos Padrão - 01""}]";"[{""Codigo"": ""0237"", ""Unidade"": ""UN"", ""Descricao"": ""0237 - SUCO DE MARACUJA 300ML - COM AÇUCAR"", ""Quantidade"": 8.0, ""ValorUnitario"": 4.0, ""ValorFrete"": 0.0, ""DescontoUnitario"": 0.0, ""ValorTotal"": 32.0, ""PesoKG"": 0.0, ""Comprimento"": 0.0, ""Altura"": 0.0, ""Largura"": 0.0, ""FreteGratis"": false, ""ValorUnitarioFrete"": 1.0, ""PrazoEntregaFrete"": 0, ""ComissaoVendedor"": 0.0, ""Seguro"": 0.0, ""Composicoes"": [], ""Atributos"": null, ""ProductGroupId"": 1, ""Categoria"": ""COM AÇUCAR"", ""CategoriaID"": ""6344371e5b452fbeceeea9ec""}, {""Codigo"": ""0233"", ""Unidade"": ""UN"", ""Descricao"": ""0233 - SUCO DE GOIABA 300ML - COM AÇUCAR"", ""Quantidade"": 8.0, ""ValorUnitario"": 4.0, ""ValorFrete"": 0.0, ""DescontoUnitario"": 0.0, ""ValorTotal"": 32.0, ""PesoKG"": 0.0, ""Comprimento"": 0.0, ""Altura"": 0.0, ""Largura"": 0.0, ""FreteGratis"": false, ""ValorUnitarioFrete"": 1.0, ""PrazoEntregaFrete"": 0, ""ComissaoVendedor"": 0.0, ""Seguro"": 0.0, ""Composicoes"": [], ""Atributos"": null, ""ProductGroupId"": 1, ""Categoria"": ""COM AÇUCAR"", ""CategoriaID"": ""6344371e5b452fbeceeea9ec""}, {""Codigo"": ""0229"", ""Unidade"": ""UN"", ""Descricao"": ""0229 - SUCO DE ACEROLA 300ML - COM AÇUCAR"", ""Quantidade"": 8.0, ""ValorUnitario"": 4.0, ""ValorFrete"": 0.0, ""DescontoUnitario"": 0.0, ""ValorTotal"": 32.0, ""PesoKG"": 0.0, ""Comprimento"": 0.0, ""Altura"": 0.0, ""Largura"": 0.0, ""FreteGratis"": false, ""ValorUnitarioFrete"": 1.0, ""PrazoEntregaFrete"": 0, ""ComissaoVendedor"": 0.0, ""Seguro"": 0.0, ""Composicoes"": [], ""Atributos"": null, ""ProductGroupId"": 1, ""Categoria"": ""COM AÇUCAR"", ""CategoriaID"": ""6344371e5b452fbeceeea9ec""}, {""Codigo"": ""0231"", ""Unidade"": ""UN"", ""Descricao"": ""0231 - SUCO DE CAJA 300ML - COM AÇUCAR"", ""Quantidade"": 6.0, ""ValorUnitario"": 4.0, ""ValorFrete"": 0.0, ""DescontoUnitario"": 0.0, ""ValorTotal"": 24.0, ""PesoKG"": 0.0, ""Comprimento"": 0.0, ""Altura"": 0.0, ""Largura"": 0.0, ""FreteGratis"": false, ""ValorUnitarioFrete"": 1.0, ""PrazoEntregaFrete"": 0, ""ComissaoVendedor"": 0.0, ""Seguro"": 0.0, ""Composicoes"": [], ""Atributos"": null, ""ProductGroupId"": 1, ""Categoria"": ""COM AÇUCAR"", ""CategoriaID"": ""6344371e5b452fbeceeea9ec""}]";;2026-09-29T16:09:00-03:00;"[{""FormaPagamento"": ""Duplicata"", ""DescricaoPagamento"": null, ""ValorPagamento"": 120.0, ""BandeiraCartao"": null, ""NumeroTerminal"": null, ""DataTransacao"": ""2026-10-07T03:00:00Z"", ""CredenciadoraCartao"": null, ""CredenciadoraCNPJ"": null, ""CV_NSU"": null, ""TipoIntegracao"": null, ""CondicaoPagamento"": 0, ""Parcelas"": 0, ""PeriodoParcelas"": 0, ""Adiantamento"": 0.0, ""Quitar"": null}]";;0.0;;2026-10-01T10:01:42.979-03:00;;;;;;2026-10-01T10:01:25.981-03:00;GRUPO_BARRA;GRUPO_BARRA_CASA DE SUCO - BARRA DO CORDA_6abc0d4f17789668c4427bf7
6abbdeb2585ca2c23384af38;;99703719;Venda Direta;65f1ef07ee68912546e82f33;TABELA PK 1;68aeeaea3f1a46d41fc56759;ESTOQUE FABRICA BDC;Pedido Faturado;;Pedido;2026-09-29T00:00:00-03:00;CASA DE SUCO - BARRA DO CORDA;65f1eea0050d165884add5cc;6894b08ab740d303d5ca312d;ATELIE DO PÃO/ PK;6894b08ab740d303d5ca312d;;;Venda EXT BDC;5680e16a-d0a3-4781-9eae-790914885c50;VENDAS B2B;A Prazo;663e2c99993e71a10f3bad2e;0;0;;PAC;2026-09-29T12:45:00-03:00;0001-01-01T00:00:00-02:00;0001-01-01T00:00:00-02:00;False;0.0;False;;False;0.0;;0.0;;230.0;True;True;PRESIDENTE DUTRA;;Brasil;;;;;;;;"[{""Id"": 1, ""Nome"": ""Grupo de Produtos Padrão - 01""}]";"[{""Codigo"": ""0237"", ""Unidade"": ""UN"", ""Descricao"": ""0237 - SUCO DE MARACUJA 300ML - COM AÇUCAR"", ""Quantidade"": 10.0, ""ValorUnitario"": 4.0, ""ValorFrete"": 0.0, ""DescontoUnitario"": 0.0, ""ValorTotal"": 40.0, ""PesoKG"": 0.0, ""Comprimento"": 0.0, ""Altura"": 0.0, ""Largura"": 0.0, ""FreteGratis"": false, ""ValorUnitarioFrete"": 1.0, ""PrazoEntregaFrete"": 0, ""ComissaoVendedor"": 0.0, ""Seguro"": 0.0, ""Composicoes"": [], ""Atributos"": null, ""ProductGroupId"": 1, ""Categoria"": ""COM AÇUCAR"", ""CategoriaID"": ""6344371e5b452fbeceeea9ec""}, {""Codigo"": ""0239"", ""Unidade"": ""UN"", ""Descricao"": ""0239 - SUCO DE TAMARINDO 300ML - COM AÇUCAR"", ""Quantidade"": 5.0, ""ValorUnitario"": 4.0, ""ValorFrete"": 0.0, ""DescontoUnitario"": 0.0, ""ValorTotal"": 20.0, ""PesoKG"": 0.0, ""Comprimento"": 0.0, ""Altura"": 0.0, ""Largura"": 0.0, ""FreteGratis"": false, ""ValorUnitarioFrete"": 1.0, ""PrazoEntregaFrete"": 0, ""ComissaoVendedor"": 0.0, ""Seguro"": 0.0, ""Composicoes"": [], ""Atributos"": null, ""ProductGroupId"": 1, ""Categoria"": ""COM AÇUCAR"", ""CategoriaID"": ""6344371e5b452fbeceeea9ec""}, {""Codigo"": ""0219"", ""Unidade"": ""UN"", ""Descricao"": ""0219 - SUCO DE CAJU 2L - COM AÇUCAR"", ""Quantidade"": 1.0, ""ValorUnitario"": 30.0, ""ValorFrete"": 0.0, ""DescontoUnitario"": 0.0, ""ValorTotal"": 30.0, ""PesoKG"": 0.0, ""Comprimento"": 0.0, ""Altura"": 0.0, ""Largura"": 0.0, ""FreteGratis"": false, ""ValorUnitarioFrete"": 1.0, ""PrazoEntregaFrete"": 0, ""ComissaoVendedor"": 0.0, ""Seguro"": 0.0, ""Composicoes"": [], ""Atributos"": null, ""ProductGroupId"": 1, ""Categoria"": ""COM AÇUCAR"", ""CategoriaID"": ""6344371e5b452fbeceeea9ec""}, {""Codigo"": ""0233"", ""Unidade"": ""UN"", ""Descricao"": ""0233 - SUCO DE GOIABA 300ML - COM AÇUCAR"", ""Quantidade"": 5.0, ""ValorUnitario"": 4.0, ""ValorFrete"": 0.0, ""DescontoUnitario"": 0.0, ""ValorTotal"": 20.0, ""PesoKG"": 0.0, ""Comprimento"": 0.0, ""Altura"": 0.0, ""Largura"": 0.0, ""FreteGratis"": false, ""ValorUnitarioFrete"": 1.0, ""PrazoEntregaFrete"": 0, ""ComissaoVendedor"": 0.0, ""Seguro"": 0.0, ""Composicoes"": [], ""Atributos"": null, ""ProductGroupId"": 1, ""Categoria"": ""COM AÇUCAR"", ""CategoriaID"": ""6344371e5b452fbeceeea9ec""}, {""Codigo"": ""0252"", ""Unidade"": ""UN"", ""Descricao"": ""0252 - SUCO DE MARACUJA 5L - COM AÇUCAR"", ""Quantidade"": 1.0, ""ValorUnitario"": 60.0, ""ValorFrete"": 0.0, ""DescontoUnitario"": 0.0, ""ValorTotal"": 60.0, ""PesoKG"": 0.0, ""Comprimento"": 0.0, ""Altura"": 0.0, ""Largura"": 0.0, ""FreteGratis"": false, ""ValorUnitarioFrete"": 1.0, ""PrazoEntregaFrete"": 0, ""ComissaoVendedor"": 0.0, ""Seguro"": 0.0, ""Composicoes"": [], ""Atributos"": null, ""ProductGroupId"": 1, ""Categoria"": ""COM AÇUCAR"", ""CategoriaID"": ""6344371e5b452fbeceeea9ec""}, {""Codigo"": ""0249"", ""Unidade"": ""UN"", ""Descricao"": ""0249 - SUCO DE GOIABA 5L - COM AÇUCAR"", ""Quantidade"": 1.0, ""ValorUnitario"": 60.0, ""ValorFrete"": 0.0, ""DescontoUnitario"": 0.0, ""ValorTotal"": 60.0, ""PesoKG"": 0.0, ""Comprimento"": 0.0, ""Altura"": 0.0, ""Largura"": 0.0, ""FreteGratis"": false, ""ValorUnitarioFrete"": 1.0, ""PrazoEntregaFrete"": 0, ""ComissaoVendedor"": 0.0, ""Seguro"": 0.0, ""Composicoes"": [], ""Atributos"": null, ""ProductGroupId"": 1, ""Categoria"": ""COM AÇUCAR"", ""CategoriaID"": ""6344371e5b452fbeceeea9ec""}]";;2026-09-29T12:45:00-03:00;"[{""FormaPagamento"": ""Duplicata"", ""DescricaoPagamento"": null, ""ValorPagamento"": 230.0, ""BandeiraCartao"": null, ""NumeroTerminal"": null, ""DataTransacao"": ""2026-10-07T03:00:00Z"", ""CredenciadoraCartao"": null, ""CredenciadoraCNPJ"": null, ""CV_NSU"": null, ""TipoIntegracao"": null, ""CondicaoPagamento"": 0, ""Parcelas"": 0, ""PeriodoParcelas"": 0, ""Adiantamento"": 0.0, ""Quitar"": null}]";;0.0;;2026-10-01T10:02:21.908-03:00;;;;;;2026-10-01T10:02:08.854-03:00;GRUPO_BARRA;GRUPO_BARRA_CASA DE SUCO - BARRA DO CORDA_6abbdeb2585ca2c23384af38
6abc06caed0772b21e536065;;99703886;Venda Direta;65f1ef07ee68912546e82f33;TABELA PK 1;68aeeaea3f1a46d41fc56759;ESTOQUE FABRICA BDC;Pedido Faturado;;Pedido;2026-09-29T00:00:00-03:00;CASA DE SUCO - BARRA DO CORDA;65f1eea0050d165884add5cc;6abc06762d090c3d41692030;LANCHONETE E RESTAURANTE LM - LANNA MELL FELIX DOS REIS;6abc06762d090c3d41692030;02172493376;;Venda ext bdc;b37b3592-9adf-4620-adb5-63db41695826;VENDAS B2B;A Prazo;663e2c99993e71a10f3bad2e;0;0;;PAC;2026-09-29T15:42:00-03:00;0001-01-01T00:00:00-02:00;0001-01-01T00:00:00-02:00;False;0.0;False;;False;0.0;;0.0;;95.0;True;True;PRESIDENTE DUTRA;;Brasil;;;;;;;PRÓX. ATELIÊ;"[{""Id"": 1, ""Nome"": ""Grupo de Produtos Padrão - 01""}]";"[{""Codigo"": ""0225"", ""Unidade"": ""UN"", ""Descricao"": ""0225 - SUCO DE MARACUJA 2L - COM AÇUCAR"", ""Quantidade"": 2.0, ""ValorUnitario"": 30.0, ""ValorFrete"": 0.0, ""DescontoUnitario"": 0.0, ""ValorTotal"": 60.0, ""PesoKG"": 0.0, ""Comprimento"": 0.0, ""Altura"": 0.0, ""Largura"": 0.0, ""FreteGratis"": false, ""ValorUnitarioFrete"": 1.0, ""PrazoEntregaFrete"": 0, ""ComissaoVendedor"": 0.0, ""Seguro"": 0.0, ""Composicoes"": [], ""Atributos"": null, ""ProductGroupId"": 1, ""Categoria"": ""COM AÇUCAR"", ""CategoriaID"": ""6344371e5b452fbeceeea9ec""}, {""Codigo"": ""0224"", ""Unidade"": ""UN"", ""Descricao"": ""0224 - SUCO DE LARANJA 2L - COM AÇUCAR"", ""Quantidade"": 1.0, ""ValorUnitario"": 35.0, ""ValorFrete"": 0.0, ""DescontoUnitario"": 0.0, ""ValorTotal"": 35.0, ""PesoKG"": 0.0, ""Comprimento"": 0.0, ""Altura"": 0.0, ""Largura"": 0.0, ""FreteGratis"": false, ""ValorUnitarioFrete"": 1.0, ""PrazoEntregaFrete"": 0, ""ComissaoVendedor"": 0.0, ""Seguro"": 0.0, ""Composicoes"": [], ""Atributos"": null, ""ProductGroupId"": 1, ""Categoria"": ""COM AÇUCAR"", ""CategoriaID"": ""6344371e5b452fbeceeea9ec""}]";;2026-09-29T15:42:00-03:00;"[{""FormaPagamento"": ""PIX"", ""DescricaoPagamento"": null, ""ValorPagamento"": 95.0, ""BandeiraCartao"": null, ""NumeroTerminal"": null, ""DataTransacao"": ""2026-10-01T03:00:00Z"", ""CredenciadoraCartao"": null, ""CredenciadoraCNPJ"": null, ""CV_NSU"": null, ""TipoIntegracao"": null, ""CondicaoPagamento"": 0, ""Parcelas"": 0, ""PeriodoParcelas"": 0, ""Adiantamento"": 0.0, ""Quitar"": null}]";;0.0;;2026-10-01T10:03:13.703-03:00;;;;;;2026-10-01T10:02:53.111-03:00;GRUPO_BARRA;GRUPO_BARRA_CASA DE SUCO - BARRA DO CORDA_6abc06caed0772b21e536065
6ababe30a34bc9af1dbb11bd;;99703172;Venda Direta;65f1ef07ee68912546e82f33;TABELA PK 1;68aeeaea3f1a46d41fc56759;ESTOQUE FABRICA BDC;Pedido Faturado;;;2026-09-28T00:00:00-03:00;CASA DE SUCO - BARRA DO CORDA;65f1eea0050d165884add5cc;6903855a1f328825e2ac8830;SUPERMERCADO HOLANDA TUNTUM ;6903855a1f328825e2ac8830;;;VENDAPK;b053105b-09bd-4674-b9bb-6ba16b7cde35;VENDAS B2B;Dinheiro;5b648d1c3498afae6d5bfd89;0;0;;PAC;2026-09-28T16:16:00-03:00;0001-01-01T00:00:00-02:00;0001-01-01T00:00:00-02:00;False;0.0;False;;False;0.0;;0.0;;100.0;True;True;;;;;;;;;;;"[{""Id"": 1, ""Nome"": ""Grupo de Produtos Padrão - 01""}]";"[{""Codigo"": ""123213633322768"", ""Unidade"": """", ""Descricao"": ""123213633322768 - IOGURTE DE MORANGO 300 ML"", ""Quantidade"": 5.0, ""ValorUnitario"": 5.0, ""ValorFrete"": 0.0, ""DescontoUnitario"": 0.0, ""ValorTotal"": 25.0, ""PesoKG"": 0.0, ""Comprimento"": 0.0, ""Altura"": 0.0, ""Largura"": 0.0, ""FreteGratis"": false, ""ValorUnitarioFrete"": 1.0, ""PrazoEntregaFrete"": 0, ""ComissaoVendedor"": 0.0, ""Seguro"": 0.0, ""Composicoes"": [], ""Atributos"": null, ""ProductGroupId"": 1, ""Categoria"": """", ""CategoriaID"": """"}, {""Codigo"": ""123213633322770"", ""Unidade"": """", ""Descricao"": ""123213633322770 - IOGURTE DE COCO 300 ML"", ""Quantidade"": 5.0, ""ValorUnitario"": 5.0, ""ValorFrete"": 0.0, ""DescontoUnitario"": 0.0, ""ValorTotal"": 25.0, ""PesoKG"": 0.0, ""Comprimento"": 0.0, ""Altura"": 0.0, ""Largura"": 0.0, ""FreteGratis"": false, ""ValorUnitarioFrete"": 1.0, ""PrazoEntregaFrete"": 0, ""ComissaoVendedor"": 0.0, ""Seguro"": 0.0, ""Composicoes"": [], ""Atributos"": null, ""ProductGroupId"": 1, ""Categoria"": """", ""CategoriaID"": """"}, {""Codigo"": ""123213633322782"", ""Unidade"": """", ""Descricao"": ""123213633322782 - IOGURTE DE AVEIA E CHIA 300ML"", ""Quantidade"": 5.0, ""ValorUnitario"": 5.0, ""ValorFrete"": 0.0, ""DescontoUnitario"": 0.0, ""ValorTotal"": 25.0, ""PesoKG"": 0.0, ""Comprimento"": 0.0, ""Altura"": 0.0, ""Largura"": 0.0, ""FreteGratis"": false, ""ValorUnitarioFrete"": 1.0, ""PrazoEntregaFrete"": 0, ""ComissaoVendedor"": 0.0, ""Seguro"": 0.0, ""Composicoes"": [], ""Atributos"": null, ""ProductGroupId"": 1, ""Categoria"": """", ""CategoriaID"": """"}, {""Codigo"": ""123213633322771"", ""Unidade"": """", ""Descricao"": ""123213633322771 - IOGURTE DE AMEIXA 300 ML"", ""Quantidade"": 5.0, ""ValorUnitario"": 5.0, ""ValorFrete"": 0.0, ""DescontoUnitario"": 0.0, ""ValorTotal"": 25.0, ""PesoKG"": 0.0, ""Comprimento"": 0.0, ""Altura"": 0.0, ""Largura"": 0.0, ""FreteGratis"": false, ""ValorUnitarioFrete"": 1.0, ""PrazoEntregaFrete"": 0, ""ComissaoVendedor"": 0.0, ""Seguro"": 0.0, ""Composicoes"": [], ""Atributos"": null, ""ProductGroupId"": 1, ""Categoria"": """", ""CategoriaID"": """"}]";;2026-09-28T16:16:00-03:00;"[{""FormaPagamento"": ""Dinheiro"", ""DescricaoPagamento"": null, ""ValorPagamento"": 100.0, ""BandeiraCartao"": null, ""NumeroTerminal"": null, ""DataTransacao"": ""2026-10-01T03:00:00Z"", ""CredenciadoraCartao"": null, ""CredenciadoraCNPJ"": null, ""CV_NSU"": null, ""TipoIntegracao"": null, ""CondicaoPagamento"": 0, ""Parcelas"": 0, ""PeriodoParcelas"": 0, ""Adiantamento"": 0.0, ""Quitar"": null}]";;0.0;;2026-10-01T10:20:19.93-03:00;;;;;;2026-10-01T10:20:11.004-03:00;GRUPO_BARRA;GRUPO_BARRA_CASA DE SUCO - BARRA DO CORDA_6ababe30a34bc9af1dbb11bd
6abc15bb253c00ce0a13f8fd;;99703973;Venda Direta;65f1ef07ee68912546e82f33;TABELA PK 1;68aeeaea3f1a46d41fc56759;ESTOQUE FABRICA BDC;Pedido Faturado;;Pedido;2026-09-29T00:00:00-03:00;CASA DE SUCO - BARRA DO CORDA;65f1eea0050d165884add5cc;689f4d9db60ddd2ce03753cc;LANCHONETE DOM SANTOS/ D.PEDRO;689f4d9db60ddd2ce03753cc;;;Venda EXT BDC;5680e16a-d0a3-4781-9eae-790914885c50;VENDAS B2B;Dinheiro;5b648d1c3498afae6d5bfd89;0;0;;PAC;2026-09-29T16:46:00-03:00;0001-01-01T00:00:00-02:00;0001-01-01T00:00:00-02:00;False;0.0;False;;False;0.0;;0.0;;50.0;True;True;DOM PEDRO;;Brasil;;;;;;;;"[{""Id"": 1, ""Nome"": ""Grupo de Produtos Padrão - 01""}]";"[{""Codigo"": ""0249"", ""Unidade"": ""UN"", ""Descricao"": ""0249 - SUCO DE GOIABA 5L - COM AÇUCAR"", ""Quantidade"": 1.0, ""ValorUnitario"": 50.0, ""ValorFrete"": 0.0, ""DescontoUnitario"": 0.0, ""ValorTotal"": 50.0, ""PesoKG"": 0.0, ""Comprimento"": 0.0, ""Altura"": 0.0, ""Largura"": 0.0, ""FreteGratis"": false, ""ValorUnitarioFrete"": 1.0, ""PrazoEntregaFrete"": 0, ""ComissaoVendedor"": 0.0, ""Seguro"": 0.0, ""Composicoes"": [], ""Atributos"": null, ""ProductGroupId"": 1, ""Categoria"": ""COM AÇUCAR"", ""CategoriaID"": ""6344371e5b452fbeceeea9ec""}]";;2026-09-29T16:46:00-03:00;"[{""FormaPagamento"": ""Dinheiro"", ""DescricaoPagamento"": null, ""ValorPagamento"": 50.0, ""BandeiraCartao"": null, ""NumeroTerminal"": null, ""DataTransacao"": ""2026-10-01T03:00:00Z"", ""CredenciadoraCartao"": null, ""CredenciadoraCNPJ"": null, ""CV_NSU"": null, ""TipoIntegracao"": null, ""CondicaoPagamento"": 0, ""Parcelas"": 0, ""PeriodoParcelas"": 0, ""Adiantamento"": 0.0, ""Quitar"": null}]";;0.0;;2026-10-01T10:21:27.111-03:00;;;;;;2026-10-01T10:21:14.265-03:00;GRUPO_BARRA;GRUPO_BARRA_CASA DE SUCO - BARRA DO CORDA_6abc15bb253c00ce0a13f8fd
6abcfaa09f6e8a00efd989fc;;99704302;Venda Direta;65f1ef07ee68912546e82f33;TABELA PK 1;68aeeaea3f1a46d41fc56759;ESTOQUE FABRICA BDC;Pedido Faturado;;;2026-09-30T00:00:00-03:00;CASA DE SUCO - BARRA DO CORDA;65f1eea0050d165884add5cc;68fa3c4f832d83768e4d8af6;CASA DO QUEIJO EST. S. DOMINGOS ;68fa3c4f832d83768e4d8af6;;;VENDAPK;b053105b-09bd-4674-b9bb-6ba16b7cde35;VENDAS B2B;Dinheiro;5b648d1c3498afae6d5bfd89;0;0;;PAC;2026-09-30T09:03:00-03:00;0001-01-01T00:00:00-02:00;0001-01-01T00:00:00-02:00;False;0.0;False;;False;0.0;;0.0;;65.0;True;True;;;;;;;;;;;"[{""Id"": 1, ""Nome"": ""Grupo de Produtos Padrão - 01""}]";"[{""Codigo"": ""0251"", ""Unidade"": ""UN"", ""Descricao"": ""0251 - SUCO DE LARANJA 5L - COM AÇUCAR"", ""Quantidade"": 1.0, ""ValorUnitario"": 65.0, ""ValorFrete"": 0.0, ""DescontoUnitario"": 0.0, ""ValorTotal"": 65.0, ""PesoKG"": 0.0, ""Comprimento"": 0.0, ""Altura"": 0.0, ""Largura"": 0.0, ""FreteGratis"": false, ""ValorUnitarioFrete"": 1.0, ""PrazoEntregaFrete"": 0, ""ComissaoVendedor"": 0.0, ""Seguro"": 0.0, ""Composicoes"": [], ""Atributos"": null, ""ProductGroupId"": 1, ""Categoria"": ""COM AÇUCAR"", ""CategoriaID"": ""6344371e5b452fbeceeea9ec""}]";;2026-09-30T09:03:00-03:00;"[{""FormaPagamento"": ""Dinheiro"", ""DescricaoPagamento"": null, ""ValorPagamento"": 65.0, ""BandeiraCartao"": null, ""NumeroTerminal"": null, ""DataTransacao"": ""2026-10-01T03:00:00Z"", ""CredenciadoraCartao"": null, ""CredenciadoraCNPJ"": null, ""CV_NSU"": null, ""TipoIntegracao"": null, ""CondicaoPagamento"": 0, ""Parcelas"": 0, ""PeriodoParcelas"": 0, ""Adiantamento"": 0.0, ""Quitar"": null}]";;0.0;;2026-10-01T10:22:09.245-03:00;;;;;;2026-10-01T10:22:01.654-03:00;GRUPO_BARRA;GRUPO_BARRA_CASA DE SUCO - BARRA DO CORDA_6abcfaa09f6e8a00efd989fc
6abbdfeced0772b21e4f31eb;;99703724;Venda Direta;65f1ef07ee68912546e82f33;TABELA PK 1;68aeeaea3f1a46d41fc56759;ESTOQUE FABRICA BDC;Pedido Faturado;;;2026-09-29T00:00:00-03:00;CASA DE SUCO - BARRA DO CORDA;65f1eea0050d165884add5cc;6919b81dc41fb24070c01a39;MERCADINHO FONSECA P. DUTRA ;6919b81dc41fb24070c01a39;;;VENDAPK;b053105b-09bd-4674-b9bb-6ba16b7cde35;VENDAS B2B;A Prazo;663e2c99993e71a10f3bad2e;0;0;;PAC;2026-09-29T12:52:00-03:00;0001-01-01T00:00:00-02:00;0001-01-01T00:00:00-02:00;False;0.0;False;;False;0.0;;0.0;;262.0;True;True;;;;;;;;;;;"[{""Id"": 1, ""Nome"": ""Grupo de Produtos Padrão - 01""}]";"[{""Codigo"": ""0237"", ""Unidade"": ""UN"", ""Descricao"": ""0237 - SUCO DE MARACUJA 300ML - COM AÇUCAR"", ""Quantidade"": 10.0, ""ValorUnitario"": 4.0, ""ValorFrete"": 0.0, ""DescontoUnitario"": 0.0, ""ValorTotal"": 40.0, ""PesoKG"": 0.0, ""Comprimento"": 0.0, ""Altura"": 0.0, ""Largura"": 0.0, ""FreteGratis"": false, ""ValorUnitarioFrete"": 1.0, ""PrazoEntregaFrete"": 0, ""ComissaoVendedor"": 0.0, ""Seguro"": 0.0, ""Composicoes"": [], ""Atributos"": null, ""ProductGroupId"": 1, ""Categoria"": ""COM AÇUCAR"", ""CategoriaID"": ""6344371e5b452fbeceeea9ec""}, {""Codigo"": ""0231"", ""Unidade"": ""UN"", ""Descricao"": ""0231 - SUCO DE CAJA 300ML - COM AÇUCAR"", ""Quantidade"": 6.0, ""ValorUnitario"": 4.0, ""ValorFrete"": 0.0, ""DescontoUnitario"": 0.0, ""ValorTotal"": 24.0, ""PesoKG"": 0.0, ""Comprimento"": 0.0, ""Altura"": 0.0, ""Largura"": 0.0, ""FreteGratis"": false, ""ValorUnitarioFrete"": 1.0, ""PrazoEntregaFrete"": 0, ""ComissaoVendedor"": 0.0, ""Seguro"": 0.0, ""Composicoes"": [], ""Atributos"": null, ""ProductGroupId"": 1, ""Categoria"": ""COM AÇUCAR"", ""CategoriaID"": ""6344371e5b452fbeceeea9ec""}, {""Codigo"": ""0233"", ""Unidade"": ""UN"", ""Descricao"": ""0233 - SUCO DE GOIABA 300ML - COM AÇUCAR"", ""Quantidade"": 6.0, ""ValorUnitario"": 4.0, ""ValorFrete"": 0.0, ""DescontoUnitario"": 0.0, ""ValorTotal"": 24.0, ""PesoKG"": 0.0, ""Comprimento"": 0.0, ""Altura"": 0.0, ""Largura"": 0.0, ""FreteGratis"": false, ""ValorUnitarioFrete"": 1.0, ""PrazoEntregaFrete"": 0, ""ComissaoVendedor"": 0.0, ""Seguro"": 0.0, ""Composicoes"": [], ""Atributos"": null, ""ProductGroupId"": 1, ""Categoria"": ""COM AÇUCAR"", ""CategoriaID"": ""6344371e5b452fbeceeea9ec""}, {""Codigo"": ""0229"", ""Unidade"": ""UN"", ""Descricao"": ""0229 - SUCO DE ACEROLA 300ML - COM AÇUCAR"", ""Quantidade"": 6.0, ""ValorUnitario"": 4.0, ""ValorFrete"": 0.0, ""DescontoUnitario"": 0.0, ""ValorTotal"": 24.0, ""PesoKG"": 0.0, ""Comprimento"": 0.0, ""Altura"": 0.0, ""Largura"": 0.0, ""FreteGratis"": false, ""ValorUnitarioFrete"": 1.0, ""PrazoEntregaFrete"": 0, ""ComissaoVendedor"": 0.0, ""Seguro"": 0.0, ""Composicoes"": [], ""Atributos"": null, ""ProductGroupId"": 1, ""Categoria"": ""COM AÇUCAR"", ""CategoriaID"": ""6344371e5b452fbeceeea9ec""}, {""Codigo"": ""123213633322769"", ""Unidade"": """", ""Descricao"": ""123213633322769 - IOGURTE DE MARACUJÁ 300 ML"", ""Quantidade"": 6.0, ""ValorUnitario"": 5.0, ""ValorFrete"": 0.0, ""DescontoUnitario"": 0.0, ""ValorTotal"": 30.0, ""PesoKG"": 0.0, ""Comprimento"": 0.0, ""Altura"": 0.0, ""Largura"": 0.0, ""FreteGratis"": false, ""ValorUnitarioFrete"": 1.0, ""PrazoEntregaFrete"": 0, ""ComissaoVendedor"": 0.0, ""Seguro"": 0.0, ""Composicoes"": [], ""Atributos"": null, ""ProductGroupId"": 1, ""Categoria"": """", ""CategoriaID"": """"}, {""Codigo"": ""123213633322768"", ""Unidade"": """", ""Descricao"": ""123213633322768 - IOGURTE DE MORANGO 300 ML"", ""Quantidade"": 6.0, ""ValorUnitario"": 5.0, ""ValorFrete"": 0.0, ""DescontoUnitario"": 0.0, ""ValorTotal"": 30.0, ""PesoKG"": 0.0, ""Comprimento"": 0.0, ""Altura"": 0.0, ""Largura"": 0.0, ""FreteGratis"": false, ""ValorUnitarioFrete"": 1.0, ""PrazoEntregaFrete"": 0, ""ComissaoVendedor"": 0.0, ""Seguro"": 0.0, ""Composicoes"": [], ""Atributos"": null, ""ProductGroupId"": 1, ""Categoria"": """", ""CategoriaID"": """"}, {""Codigo"": ""123213633322771"", ""Unidade"": """", ""Descricao"": ""123213633322771 - IOGURTE DE AMEIXA 300 ML"", ""Quantidade"": 6.0, ""ValorUnitario"": 5.0, ""ValorFrete"": 0.0, ""DescontoUnitario"": 0.0, ""ValorTotal"": 30.0, ""PesoKG"": 0.0, ""Comprimento"": 0.0, ""Altura"": 0.0, ""Largura"": 0.0, ""FreteGratis"": false, ""ValorUnitarioFrete"": 1.0, ""PrazoEntregaFrete"": 0, ""ComissaoVendedor"": 0.0, ""Seguro"": 0.0, ""Composicoes"": [], ""Atributos"": null, ""ProductGroupId"": 1, ""Categoria"": """", ""CategoriaID"": """"}, {""Codigo"": ""123213633322770"", ""Unidade"": """", ""Descricao"": ""123213633322770 - IOGURTE DE COCO 300 ML"", ""Quantidade"": 6.0, ""ValorUnitario"": 5.0, ""ValorFrete"": 0.0, ""DescontoUnitario"": 0.0, ""ValorTotal"": 30.0, ""PesoKG"": 0.0, ""Comprimento"": 0.0, ""Altura"": 0.0, ""Largura"": 0.0, ""FreteGratis"": false, ""ValorUnitarioFrete"": 1.0, ""PrazoEntregaFrete"": 0, ""ComissaoVendedor"": 0.0, ""Seguro"": 0.0, ""Composicoes"": [], ""Atributos"": null, ""ProductGroupId"": 1, ""Categoria"": """", ""CategoriaID"": """"}, {""Codigo"": ""123213633322782"", ""Unidade"": """", ""Descricao"": ""123213633322782 - IOGURTE DE AVEIA E CHIA 300ML"", ""Quantidade"": 6.0, ""ValorUnitario"": 5.0, ""ValorFrete"": 0.0, ""DescontoUnitario"": 0.0, ""ValorTotal"": 30.0, ""PesoKG"": 0.0, ""Comprimento"": 0.0, ""Altura"": 0.0, ""Largura"": 0.0, ""FreteGratis"": false, ""ValorUnitarioFrete"": 1.0, ""PrazoEntregaFrete"": 0, ""ComissaoVendedor"": 0.0, ""Seguro"": 0.0, ""Composicoes"": [], ""Atributos"": null, ""ProductGroupId"": 1, ""Categoria"": """", ""CategoriaID"": """"}]";;2026-09-29T12:52:00-03:00;"[{""FormaPagamento"": ""Duplicata"", ""DescricaoPagamento"": null, ""ValorPagamento"": 262.0, ""BandeiraCartao"": null, ""NumeroTerminal"": null, ""DataTransacao"": ""2026-10-01T03:00:00Z"", ""CredenciadoraCartao"": null, ""CredenciadoraCNPJ"": null, ""CV_NSU"": null, ""TipoIntegracao"": null, ""CondicaoPagamento"": 0, ""Parcelas"": 0, ""PeriodoParcelas"": 0, ""Adiantamento"": 0.0, ""Quitar"": null}]";;0.0;;2026-10-01T10:25:19.08-03:00;;;;;;2026-10-01T10:23:02.719-03:00;GRUPO_BARRA;GRUPO_BARRA_CASA DE SUCO - BARRA DO CORDA_6abbdfeced0772b21e4f31eb
6abab936ed0772b21e411c5a;;99703157;Venda Direta;65f1ef07ee68912546e82f33;TABELA PK 1;68aeeaea3f1a46d41fc56759;ESTOQUE FABRICA BDC;Pedido Faturado;;;2026-09-28T00:00:00-03:00;CASA DE SUCO - BARRA DO CORDA;65f1eea0050d165884add5cc;691502bbaf72d42941bae250;PADARIA MASTER CHEFE TUNTUM ;691502bbaf72d42941bae250;;;VENDAPK;b053105b-09bd-4674-b9bb-6ba16b7cde35;VENDAS B2B;Dinheiro;5b648d1c3498afae6d5bfd89;0;0;;PAC;2026-09-28T15:53:00-03:00;0001-01-01T00:00:00-02:00;0001-01-01T00:00:00-02:00;False;0.0;False;;False;0.0;;0.0;;162.5;True;True;;;;;;;;;;;"[{""Id"": 1, ""Nome"": ""Grupo de Produtos Padrão - 01""}]";"[{""Codigo"": ""0236"", ""Unidade"": ""UN"", ""Descricao"": ""0236 - SUCO DE LARANJA 300ML - COM AÇUCAR"", ""Quantidade"": 10.0, ""ValorUnitario"": 4.0, ""ValorFrete"": 0.0, ""DescontoUnitario"": 0.0, ""ValorTotal"": 40.0, ""PesoKG"": 0.0, ""Comprimento"": 0.0, ""Altura"": 0.0, ""Largura"": 0.0, ""FreteGratis"": false, ""ValorUnitarioFrete"": 1.0, ""PrazoEntregaFrete"": 0, ""ComissaoVendedor"": 0.0, ""Seguro"": 0.0, ""Composicoes"": [], ""Atributos"": null, ""ProductGroupId"": 1, ""Categoria"": ""COM AÇUCAR"", ""CategoriaID"": ""6344371e5b452fbeceeea9ec""}, {""Codigo"": ""0237"", ""Unidade"": ""UN"", ""Descricao"": ""0237 - SUCO DE MARACUJA 300ML - COM AÇUCAR"", ""Quantidade"": 10.0, ""ValorUnitario"": 3.5, ""ValorFrete"": 0.0, ""DescontoUnitario"": 0.0, ""ValorTotal"": 35.0, ""PesoKG"": 0.0, ""Comprimento"": 0.0, ""Altura"": 0.0, ""Largura"": 0.0, ""FreteGratis"": false, ""ValorUnitarioFrete"": 1.0, ""PrazoEntregaFrete"": 0, ""ComissaoVendedor"": 0.0, ""Seguro"": 0.0, ""Composicoes"": [], ""Atributos"": null, ""ProductGroupId"": 1, ""Categoria"": ""COM AÇUCAR"", ""CategoriaID"": ""6344371e5b452fbeceeea9ec""}, {""Codigo"": ""0231"", ""Unidade"": ""UN"", ""Descricao"": ""0231 - SUCO DE CAJA 300ML - COM AÇUCAR"", ""Quantidade"": 5.0, ""ValorUnitario"": 3.5, ""ValorFrete"": 0.0, ""DescontoUnitario"": 0.0, ""ValorTotal"": 17.5, ""PesoKG"": 0.0, ""Comprimento"": 0.0, ""Altura"": 0.0, ""Largura"": 0.0, ""FreteGratis"": false, ""ValorUnitarioFrete"": 1.0, ""PrazoEntregaFrete"": 0, ""ComissaoVendedor"": 0.0, ""Seguro"": 0.0, ""Composicoes"": [], ""Atributos"": null, ""ProductGroupId"": 1, ""Categoria"": ""COM AÇUCAR"", ""CategoriaID"": ""6344371e5b452fbeceeea9ec""}, {""Codigo"": ""0233"", ""Unidade"": ""UN"", ""Descricao"": ""0233 - SUCO DE GOIABA 300ML - COM AÇUCAR"", ""Quantidade"": 5.0, ""ValorUnitario"": 3.5, ""ValorFrete"": 0.0, ""DescontoUnitario"": 0.0, ""ValorTotal"": 17.5, ""PesoKG"": 0.0, ""Comprimento"": 0.0, ""Altura"": 0.0, ""Largura"": 0.0, ""FreteGratis"": false, ""ValorUnitarioFrete"": 1.0, ""PrazoEntregaFrete"": 0, ""ComissaoVendedor"": 0.0, ""Seguro"": 0.0, ""Composicoes"": [], ""Atributos"": null, ""ProductGroupId"": 1, ""Categoria"": ""COM AÇUCAR"", ""CategoriaID"": ""6344371e5b452fbeceeea9ec""}, {""Codigo"": ""0232"", ""Unidade"": ""UN"", ""Descricao"": ""0232 - SUCO DE CAJU 300ML - COM AÇUCAR"", ""Quantidade"": 5.0, ""ValorUnitario"": 3.5, ""ValorFrete"": 0.0, ""DescontoUnitario"": 0.0, ""ValorTotal"": 17.5, ""PesoKG"": 0.0, ""Comprimento"": 0.0, ""Altura"": 0.0, ""Largura"": 0.0, ""FreteGratis"": false, ""ValorUnitarioFrete"": 1.0, ""PrazoEntregaFrete"": 0, ""ComissaoVendedor"": 0.0, ""Seguro"": 0.0, ""Composicoes"": [], ""Atributos"": null, ""ProductGroupId"": 1, ""Categoria"": ""COM AÇUCAR"", ""CategoriaID"": ""6344371e5b452fbeceeea9ec""}, {""Codigo"": ""0229"", ""Unidade"": ""UN"", ""Descricao"": ""0229 - SUCO DE ACEROLA 300ML - COM AÇUCAR"", ""Quantidade"": 10.0, ""ValorUnitario"": 3.5, ""ValorFrete"": 0.0, ""DescontoUnitario"": 0.0, ""ValorTotal"": 35.0, ""PesoKG"": 0.0, ""Comprimento"": 0.0, ""Altura"": 0.0, ""Largura"": 0.0, ""FreteGratis"": false, ""ValorUnitarioFrete"": 1.0, ""PrazoEntregaFrete"": 0, ""ComissaoVendedor"": 0.0, ""Seguro"": 0.0, ""Composicoes"": [], ""Atributos"": null, ""ProductGroupId"": 1, ""Categoria"": ""COM AÇUCAR"", ""CategoriaID"": ""6344371e5b452fbeceeea9ec""}]";;2026-09-28T15:53:00-03:00;"[{""FormaPagamento"": ""Dinheiro"", ""DescricaoPagamento"": null, ""ValorPagamento"": 162.5, ""BandeiraCartao"": null, ""NumeroTerminal"": null, ""DataTransacao"": ""2026-10-01T03:00:00Z"", ""CredenciadoraCartao"": null, ""CredenciadoraCNPJ"": null, ""CV_NSU"": null, ""TipoIntegracao"": null, ""CondicaoPagamento"": 0, ""Parcelas"": 0, ""PeriodoParcelas"": 0, ""Adiantamento"": 0.0, ""Quitar"": null}]";;0.0;;2026-10-01T10:26:35.98-03:00;;;;;;2026-10-01T10:26:27.346-03:00;GRUPO_BARRA;GRUPO_BARRA_CASA DE SUCO - BARRA DO CORDA_6abab936ed0772b21e411c5a
6abbc71f6c036029e95762e3;;99703567;Venda Direta;65f1ef07ee68912546e82f33;TABELA PK 1;68aeeaea3f1a46d41fc56759;ESTOQUE FABRICA BDC;Pedido Faturado;;Pedido;2026-09-29T00:00:00-03:00;CASA DE SUCO - BARRA DO CORDA;65f1eea0050d165884add5cc;6abbc4951e15aaac8d80994d;SUPERMERCADO ANDRADE;6abbc4951e15aaac8d80994d;05467644000108;;Venda ext bdc;b37b3592-9adf-4620-adb5-63db41695826;VENDAS B2B;Dinheiro;5b648d1c3498afae6d5bfd89;0;0;;PAC;2026-09-29T11:01:00-03:00;0001-01-01T00:00:00-02:00;0001-01-01T00:00:00-02:00;False;0.0;False;;False;0.0;;0.0;;102.0;True;True;TUNTUM;;Brasil;;;;CENTRO;RUA PRESIDENTE MEDICY;84;;"[{""Id"": 1, ""Nome"": ""Grupo de Produtos Padrão - 01""}]";"[{""Codigo"": ""0233"", ""Unidade"": ""UN"", ""Descricao"": ""0233 - SUCO DE GOIABA 300ML - COM AÇUCAR"", ""Quantidade"": 8.0, ""ValorUnitario"": 4.0, ""ValorFrete"": 0.0, ""DescontoUnitario"": 0.0, ""ValorTotal"": 32.0, ""PesoKG"": 0.0, ""Comprimento"": 0.0, ""Altura"": 0.0, ""Largura"": 0.0, ""FreteGratis"": false, ""ValorUnitarioFrete"": 1.0, ""PrazoEntregaFrete"": 0, ""ComissaoVendedor"": 0.0, ""Seguro"": 0.0, ""Composicoes"": [], ""Atributos"": null, ""ProductGroupId"": 1, ""Categoria"": ""COM AÇUCAR"", ""CategoriaID"": ""6344371e5b452fbeceeea9ec""}, {""Codigo"": ""0211"", ""Unidade"": ""UN"", ""Descricao"": ""0211 - SUCO DE MARACUJA 1L - COM AÇUCAR"", ""Quantidade"": 2.0, ""ValorUnitario"": 14.0, ""ValorFrete"": 0.0, ""DescontoUnitario"": 0.0, ""ValorTotal"": 28.0, ""PesoKG"": 0.0, ""Comprimento"": 0.0, ""Altura"": 0.0, ""Largura"": 0.0, ""FreteGratis"": false, ""ValorUnitarioFrete"": 1.0, ""PrazoEntregaFrete"": 0, ""ComissaoVendedor"": 0.0, ""Seguro"": 0.0, ""Composicoes"": [], ""Atributos"": null, ""ProductGroupId"": 1, ""Categoria"": ""COM AÇUCAR"", ""CategoriaID"": ""6344371e5b452fbeceeea9ec""}, {""Codigo"": ""0207"", ""Unidade"": ""UN"", ""Descricao"": ""0207 - SUCO DE GOIABA 1L - COM AÇUCAR"", ""Quantidade"": 3.0, ""ValorUnitario"": 14.0, ""ValorFrete"": 0.0, ""DescontoUnitario"": 0.0, ""ValorTotal"": 42.0, ""PesoKG"": 0.0, ""Comprimento"": 0.0, ""Altura"": 0.0, ""Largura"": 0.0, ""FreteGratis"": false, ""ValorUnitarioFrete"": 1.0, ""PrazoEntregaFrete"": 0, ""ComissaoVendedor"": 0.0, ""Seguro"": 0.0, ""Composicoes"": [], ""Atributos"": null, ""ProductGroupId"": 1, ""Categoria"": ""COM AÇUCAR"", ""CategoriaID"": ""6344371e5b452fbeceeea9ec""}]";;2026-09-29T11:01:00-03:00;"[{""FormaPagamento"": ""Dinheiro"", ""DescricaoPagamento"": null, ""ValorPagamento"": 102.0, ""BandeiraCartao"": null, ""NumeroTerminal"": null, ""DataTransacao"": ""2026-10-01T03:00:00Z"", ""CredenciadoraCartao"": null, ""CredenciadoraCNPJ"": null, ""CV_NSU"": null, ""TipoIntegracao"": null, ""CondicaoPagamento"": 0, ""Parcelas"": 0, ""PeriodoParcelas"": 0, ""Adiantamento"": 0.0, ""Quitar"": null}]";;0.0;;2026-10-01T10:27:25.349-03:00;;;;;;2026-10-01T10:27:17.997-03:00;GRUPO_BARRA;GRUPO_BARRA_CASA DE SUCO - BARRA DO CORDA_6abbc71f6c036029e95762e3
6abab49fc06faa4c07e412e1;;99703135;Venda Direta;65f1ef07ee68912546e82f33;TABELA PK 1;68aeeaea3f1a46d41fc56759;ESTOQUE FABRICA BDC;Pedido Faturado;;;2026-09-28T00:00:00-03:00;CASA DE SUCO - BARRA DO CORDA;65f1eea0050d165884add5cc;69278617bb4e1b2581019533;SUPERMERCADO YSABELLY  TUNTUM ;69278617bb4e1b2581019533;;;VENDAPK;b053105b-09bd-4674-b9bb-6ba16b7cde35;VENDAS B2B;Dinheiro;5b648d1c3498afae6d5bfd89;0;0;;PAC;2026-09-28T15:37:00-03:00;0001-01-01T00:00:00-02:00;0001-01-01T00:00:00-02:00;False;0.0;False;;False;0.0;;0.0;;80.0;True;True;;;;;;;;;;;"[{""Id"": 1, ""Nome"": ""Grupo de Produtos Padrão - 01""}]";"[{""Codigo"": ""0229"", ""Unidade"": ""UN"", ""Descricao"": ""0229 - SUCO DE ACEROLA 300ML - COM AÇUCAR"", ""Quantidade"": 5.0, ""ValorUnitario"": 4.0, ""ValorFrete"": 0.0, ""DescontoUnitario"": 0.0, ""ValorTotal"": 20.0, ""PesoKG"": 0.0, ""Comprimento"": 0.0, ""Altura"": 0.0, ""Largura"": 0.0, ""FreteGratis"": false, ""ValorUnitarioFrete"": 1.0, ""PrazoEntregaFrete"": 0, ""ComissaoVendedor"": 0.0, ""Seguro"": 0.0, ""Composicoes"": [], ""Atributos"": null, ""ProductGroupId"": 1, ""Categoria"": ""COM AÇUCAR"", ""CategoriaID"": ""6344371e5b452fbeceeea9ec""}, {""Codigo"": ""0231"", ""Unidade"": ""UN"", ""Descricao"": ""0231 - SUCO DE CAJA 300ML - COM AÇUCAR"", ""Quantidade"": 5.0, ""ValorUnitario"": 4.0, ""ValorFrete"": 0.0, ""DescontoUnitario"": 0.0, ""ValorTotal"": 20.0, ""PesoKG"": 0.0, ""Comprimento"": 0.0, ""Altura"": 0.0, ""Largura"": 0.0, ""FreteGratis"": false, ""ValorUnitarioFrete"": 1.0, ""PrazoEntregaFrete"": 0, ""ComissaoVendedor"": 0.0, ""Seguro"": 0.0, ""Composicoes"": [], ""Atributos"": null, ""ProductGroupId"": 1, ""Categoria"": ""COM AÇUCAR"", ""CategoriaID"": ""6344371e5b452fbeceeea9ec""}, {""Codigo"": ""0237"", ""Unidade"": ""UN"", ""Descricao"": ""0237 - SUCO DE MARACUJA 300ML - COM AÇUCAR"", ""Quantidade"": 10.0, ""ValorUnitario"": 4.0, ""ValorFrete"": 0.0, ""DescontoUnitario"": 0.0, ""ValorTotal"": 40.0, ""PesoKG"": 0.0, ""Comprimento"": 0.0, ""Altura"": 0.0, ""Largura"": 0.0, ""FreteGratis"": false, ""ValorUnitarioFrete"": 1.0, ""PrazoEntregaFrete"": 0, ""ComissaoVendedor"": 0.0, ""Seguro"": 0.0, ""Composicoes"": [], ""Atributos"": null, ""ProductGroupId"": 1, ""Categoria"": ""COM AÇUCAR"", ""CategoriaID"": ""6344371e5b452fbeceeea9ec""}]";;2026-09-28T15:37:00-03:00;"[{""FormaPagamento"": ""Dinheiro"", ""DescricaoPagamento"": null, ""ValorPagamento"": 80.0, ""BandeiraCartao"": null, ""NumeroTerminal"": null, ""DataTransacao"": ""2026-10-01T03:00:00Z"", ""CredenciadoraCartao"": null, ""CredenciadoraCNPJ"": null, ""CV_NSU"": null, ""TipoIntegracao"": null, ""CondicaoPagamento"": 0, ""Parcelas"": 0, ""PeriodoParcelas"": 0, ""Adiantamento"": 0.0, ""Quitar"": null}]";;0.0;;2026-10-01T10:27:59.47-03:00;;;;;;2026-10-01T10:27:53.434-03:00;GRUPO_BARRA;GRUPO_BARRA_CASA DE SUCO - BARRA DO CORDA_6abab49fc06faa4c07e412e1
6abab0faed0772b21e401b64;;99703112;Venda Direta;65f1ef07ee68912546e82f33;TABELA PK 1;68aeeaea3f1a46d41fc56759;ESTOQUE FABRICA BDC;Pedido Faturado;;;2026-09-28T00:00:00-03:00;CASA DE SUCO - BARRA DO CORDA;65f1eea0050d165884add5cc;6923149b2e50d8086a3a7c8f;MERCADINHO SHALOM TUNTUM ;6923149b2e50d8086a3a7c8f;;;VENDAPK;b053105b-09bd-4674-b9bb-6ba16b7cde35;VENDAS B2B;Dinheiro;5b648d1c3498afae6d5bfd89;0;0;;PAC;2026-09-28T15:23:00-03:00;0001-01-01T00:00:00-02:00;0001-01-01T00:00:00-02:00;False;0.0;False;;False;0.0;;0.0;;100.0;True;True;;;;;;;;;;;"[{""Id"": 1, ""Nome"": ""Grupo de Produtos Padrão - 01""}]";"[{""Codigo"": ""0233"", ""Unidade"": ""UN"", ""Descricao"": ""0233 - SUCO DE GOIABA 300ML - COM AÇUCAR"", ""Quantidade"": 5.0, ""ValorUnitario"": 4.0, ""ValorFrete"": 0.0, ""DescontoUnitario"": 0.0, ""ValorTotal"": 20.0, ""PesoKG"": 0.0, ""Comprimento"": 0.0, ""Altura"": 0.0, ""Largura"": 0.0, ""FreteGratis"": false, ""ValorUnitarioFrete"": 1.0, ""PrazoEntregaFrete"": 0, ""ComissaoVendedor"": 0.0, ""Seguro"": 0.0, ""Composicoes"": [], ""Atributos"": null, ""ProductGroupId"": 1, ""Categoria"": ""COM AÇUCAR"", ""CategoriaID"": ""6344371e5b452fbeceeea9ec""}, {""Codigo"": ""0237"", ""Unidade"": ""UN"", ""Descricao"": ""0237 - SUCO DE MARACUJA 300ML - COM AÇUCAR"", ""Quantidade"": 5.0, ""ValorUnitario"": 4.0, ""ValorFrete"": 0.0, ""DescontoUnitario"": 0.0, ""ValorTotal"": 20.0, ""PesoKG"": 0.0, ""Comprimento"": 0.0, ""Altura"": 0.0, ""Largura"": 0.0, ""FreteGratis"": false, ""ValorUnitarioFrete"": 1.0, ""PrazoEntregaFrete"": 0, ""ComissaoVendedor"": 0.0, ""Seguro"": 0.0, ""Composicoes"": [], ""Atributos"": null, ""ProductGroupId"": 1, ""Categoria"": ""COM AÇUCAR"", ""CategoriaID"": ""6344371e5b452fbeceeea9ec""}, {""Codigo"": ""0231"", ""Unidade"": ""UN"", ""Descricao"": ""0231 - SUCO DE CAJA 300ML - COM AÇUCAR"", ""Quantidade"": 5.0, ""ValorUnitario"": 4.0, ""ValorFrete"": 0.0, ""DescontoUnitario"": 0.0, ""ValorTotal"": 20.0, ""PesoKG"": 0.0, ""Comprimento"": 0.0, ""Altura"": 0.0, ""Largura"": 0.0, ""FreteGratis"": false, ""ValorUnitarioFrete"": 1.0, ""PrazoEntregaFrete"": 0, ""ComissaoVendedor"": 0.0, ""Seguro"": 0.0, ""Composicoes"": [], ""Atributos"": null, ""ProductGroupId"": 1, ""Categoria"": ""COM AÇUCAR"", ""CategoriaID"": ""6344371e5b452fbeceeea9ec""}, {""Codigo"": ""0229"", ""Unidade"": ""UN"", ""Descricao"": ""0229 - SUCO DE ACEROLA 300ML - COM AÇUCAR"", ""Quantidade"": 5.0, ""ValorUnitario"": 4.0, ""ValorFrete"": 0.0, ""DescontoUnitario"": 0.0, ""ValorTotal"": 20.0, ""PesoKG"": 0.0, ""Comprimento"": 0.0, ""Altura"": 0.0, ""Largura"": 0.0, ""FreteGratis"": false, ""ValorUnitarioFrete"": 1.0, ""PrazoEntregaFrete"": 0, ""ComissaoVendedor"": 0.0, ""Seguro"": 0.0, ""Composicoes"": [], ""Atributos"": null, ""ProductGroupId"": 1, ""Categoria"": ""COM AÇUCAR"", ""CategoriaID"": ""6344371e5b452fbeceeea9ec""}, {""Codigo"": ""0232"", ""Unidade"": ""UN"", ""Descricao"": ""0232 - SUCO DE CAJU 300ML - COM AÇUCAR"", ""Quantidade"": 5.0, ""ValorUnitario"": 4.0, ""ValorFrete"": 0.0, ""DescontoUnitario"": 0.0, ""ValorTotal"": 20.0, ""PesoKG"": 0.0, ""Comprimento"": 0.0, ""Altura"": 0.0, ""Largura"": 0.0, ""FreteGratis"": false, ""ValorUnitarioFrete"": 1.0, ""PrazoEntregaFrete"": 0, ""ComissaoVendedor"": 0.0, ""Seguro"": 0.0, ""Composicoes"": [], ""Atributos"": null, ""ProductGroupId"": 1, ""Categoria"": ""COM AÇUCAR"", ""CategoriaID"": ""6344371e5b452fbeceeea9ec""}]";;2026-09-28T15:23:00-03:00;"[{""FormaPagamento"": ""Dinheiro"", ""DescricaoPagamento"": null, ""ValorPagamento"": 100.0, ""BandeiraCartao"": null, ""NumeroTerminal"": null, ""DataTransacao"": ""2026-10-01T03:00:00Z"", ""CredenciadoraCartao"": null, ""CredenciadoraCNPJ"": null, ""CV_NSU"": null, ""TipoIntegracao"": null, ""CondicaoPagamento"": 0, ""Parcelas"": 0, ""PeriodoParcelas"": 0, ""Adiantamento"": 0.0, ""Quitar"": null}]";;0.0;;2026-10-01T10:28:30.438-03:00;;;;;;2026-10-01T10:28:23.371-03:00;GRUPO_BARRA;GRUPO_BARRA_CASA DE SUCO - BARRA DO CORDA_6abab0faed0772b21e401b64
6abc1ed02113b6edfd24b68a;;99704049;Venda Direta;65f1ef07ee68912546e82f33;TABELA PK 1;68aeeaea3f1a46d41fc56759;ESTOQUE FABRICA BDC;Pedido Faturado;;;2026-09-29T00:00:00-03:00;CASA DE SUCO - BARRA DO CORDA;65f1eea0050d165884add5cc;69174d889d004124ef164c37;CONVENIÊNCIA CAJAZEIRAS MARCOS ;69174d889d004124ef164c37;;;VENDAPK;b053105b-09bd-4674-b9bb-6ba16b7cde35;VENDAS B2B;A Prazo;663e2c99993e71a10f3bad2e;0;0;;PAC;2026-09-29T17:23:00-03:00;0001-01-01T00:00:00-02:00;0001-01-01T00:00:00-02:00;False;0.0;False;;False;0.0;;0.0;;135.0;True;True;;;;;;;;;;;"[{""Id"": 1, ""Nome"": ""Grupo de Produtos Padrão - 01""}]";"[{""Codigo"": ""0252"", ""Unidade"": ""UN"", ""Descricao"": ""0252 - SUCO DE MARACUJA 5L - COM AÇUCAR"", ""Quantidade"": 1.0, ""ValorUnitario"": 45.0, ""ValorFrete"": 0.0, ""DescontoUnitario"": 0.0, ""ValorTotal"": 45.0, ""PesoKG"": 0.0, ""Comprimento"": 0.0, ""Altura"": 0.0, ""Largura"": 0.0, ""FreteGratis"": false, ""ValorUnitarioFrete"": 1.0, ""PrazoEntregaFrete"": 0, ""ComissaoVendedor"": 0.0, ""Seguro"": 0.0, ""Composicoes"": [], ""Atributos"": null, ""ProductGroupId"": 1, ""Categoria"": ""COM AÇUCAR"", ""CategoriaID"": ""6344371e5b452fbeceeea9ec""}, {""Codigo"": ""0243"", ""Unidade"": ""UN"", ""Descricao"": ""0243 - SUCO DE ACEROLA 5L - COM AÇUCAR"", ""Quantidade"": 1.0, ""ValorUnitario"": 45.0, ""ValorFrete"": 0.0, ""DescontoUnitario"": 0.0, ""ValorTotal"": 45.0, ""PesoKG"": 0.0, ""Comprimento"": 0.0, ""Altura"": 0.0, ""Largura"": 0.0, ""FreteGratis"": false, ""ValorUnitarioFrete"": 1.0, ""PrazoEntregaFrete"": 0, ""ComissaoVendedor"": 0.0, ""Seguro"": 0.0, ""Composicoes"": [], ""Atributos"": null, ""ProductGroupId"": 1, ""Categoria"": ""COM AÇUCAR"", ""CategoriaID"": ""6344371e5b452fbeceeea9ec""}, {""Codigo"": ""0246"", ""Unidade"": ""UN"", ""Descricao"": ""0246 - SUCO DE CAJU 5L - COM AÇUCAR"", ""Quantidade"": 1.0, ""ValorUnitario"": 45.0, ""ValorFrete"": 0.0, ""DescontoUnitario"": 0.0, ""ValorTotal"": 45.0, ""PesoKG"": 0.0, ""Comprimento"": 0.0, ""Altura"": 0.0, ""Largura"": 0.0, ""FreteGratis"": false, ""ValorUnitarioFrete"": 1.0, ""PrazoEntregaFrete"": 0, ""ComissaoVendedor"": 0.0, ""Seguro"": 0.0, ""Composicoes"": [], ""Atributos"": null, ""ProductGroupId"": 1, ""Categoria"": ""COM AÇUCAR"", ""CategoriaID"": ""6344371e5b452fbeceeea9ec""}]";;2026-09-29T17:23:00-03:00;"[{""FormaPagamento"": ""Dinheiro"", ""DescricaoPagamento"": null, ""ValorPagamento"": 135.0, ""BandeiraCartao"": null, ""NumeroTerminal"": null, ""DataTransacao"": ""2026-10-01T03:00:00Z"", ""CredenciadoraCartao"": null, ""CredenciadoraCNPJ"": null, ""CV_NSU"": null, ""TipoIntegracao"": null, ""CondicaoPagamento"": 0, ""Parcelas"": 0, ""PeriodoParcelas"": 0, ""Adiantamento"": 0.0, ""Quitar"": null}]";;0.0;;2026-10-01T10:41:49.551-03:00;;;;;;2026-10-01T10:40:10.83-03:00;GRUPO_BARRA;GRUPO_BARRA_CASA DE SUCO - BARRA DO CORDA_6abc1ed02113b6edfd24b68a
6aba825cd32929d626d3ceff;;99702956;Venda Direta;65f1ef07ee68912546e82f33;TABELA PK 1;68aeeaea3f1a46d41fc56759;ESTOQUE FABRICA BDC;Pedido Faturado;;;2026-09-28T00:00:00-03:00;CASA DE SUCO - BARRA DO CORDA;65f1eea0050d165884add5cc;6925beb76b29414ef0141a4f;PADARIA NOSSO PÃO CAJAZEIRAS ;6925beb76b29414ef0141a4f;;;VENDAPK;b053105b-09bd-4674-b9bb-6ba16b7cde35;VENDAS B2B;A Prazo;663e2c99993e71a10f3bad2e;0;0;;PAC;2026-09-28T12:04:00-03:00;0001-01-01T00:00:00-02:00;0001-01-01T00:00:00-02:00;False;0.0;False;;False;0.0;;0.0;;180.0;True;True;;;;;;;;;;;"[{""Id"": 1, ""Nome"": ""Grupo de Produtos Padrão - 01""}]";"[{""Codigo"": ""0236"", ""Unidade"": ""UN"", ""Descricao"": ""0236 - SUCO DE LARANJA 300ML - COM AÇUCAR"", ""Quantidade"": 10.0, ""ValorUnitario"": 4.0, ""ValorFrete"": 0.0, ""DescontoUnitario"": 0.0, ""ValorTotal"": 40.0, ""PesoKG"": 0.0, ""Comprimento"": 0.0, ""Altura"": 0.0, ""Largura"": 0.0, ""FreteGratis"": false, ""ValorUnitarioFrete"": 1.0, ""PrazoEntregaFrete"": 0, ""ComissaoVendedor"": 0.0, ""Seguro"": 0.0, ""Composicoes"": [], ""Atributos"": null, ""ProductGroupId"": 1, ""Categoria"": ""COM AÇUCAR"", ""CategoriaID"": ""6344371e5b452fbeceeea9ec""}, {""Codigo"": ""0252"", ""Unidade"": ""UN"", ""Descricao"": ""0252 - SUCO DE MARACUJA 5L - COM AÇUCAR"", ""Quantidade"": 1.0, ""ValorUnitario"": 60.0, ""ValorFrete"": 0.0, ""DescontoUnitario"": 0.0, ""ValorTotal"": 60.0, ""PesoKG"": 0.0, ""Comprimento"": 0.0, ""Altura"": 0.0, ""Largura"": 0.0, ""FreteGratis"": false, ""ValorUnitarioFrete"": 1.0, ""PrazoEntregaFrete"": 0, ""ComissaoVendedor"": 0.0, ""Seguro"": 0.0, ""Composicoes"": [], ""Atributos"": null, ""ProductGroupId"": 1, ""Categoria"": ""COM AÇUCAR"", ""CategoriaID"": ""6344371e5b452fbeceeea9ec""}, {""Codigo"": ""0233"", ""Unidade"": ""UN"", ""Descricao"": ""0233 - SUCO DE GOIABA 300ML - COM AÇUCAR"", ""Quantidade"": 5.0, ""ValorUnitario"": 4.0, ""ValorFrete"": 0.0, ""DescontoUnitario"": 0.0, ""ValorTotal"": 20.0, ""PesoKG"": 0.0, ""Comprimento"": 0.0, ""Altura"": 0.0, ""Largura"": 0.0, ""FreteGratis"": false, ""ValorUnitarioFrete"": 1.0, ""PrazoEntregaFrete"": 0, ""ComissaoVendedor"": 0.0, ""Seguro"": 0.0, ""Composicoes"": [], ""Atributos"": null, ""ProductGroupId"": 1, ""Categoria"": ""COM AÇUCAR"", ""CategoriaID"": ""6344371e5b452fbeceeea9ec""}, {""Codigo"": ""0237"", ""Unidade"": ""UN"", ""Descricao"": ""0237 - SUCO DE MARACUJA 300ML - COM AÇUCAR"", ""Quantidade"": 10.0, ""ValorUnitario"": 4.0, ""ValorFrete"": 0.0, ""DescontoUnitario"": 0.0, ""ValorTotal"": 40.0, ""PesoKG"": 0.0, ""Comprimento"": 0.0, ""Altura"": 0.0, ""Largura"": 0.0, ""FreteGratis"": false, ""ValorUnitarioFrete"": 1.0, ""PrazoEntregaFrete"": 0, ""ComissaoVendedor"": 0.0, ""Seguro"": 0.0, ""Composicoes"": [], ""Atributos"": null, ""ProductGroupId"": 1, ""Categoria"": ""COM AÇUCAR"", ""CategoriaID"": ""6344371e5b452fbeceeea9ec""}, {""Codigo"": ""0232"", ""Unidade"": ""UN"", ""Descricao"": ""0232 - SUCO DE CAJU 300ML - COM AÇUCAR"", ""Quantidade"": 5.0, ""ValorUnitario"": 4.0, ""ValorFrete"": 0.0, ""DescontoUnitario"": 0.0, ""ValorTotal"": 20.0, ""PesoKG"": 0.0, ""Comprimento"": 0.0, ""Altura"": 0.0, ""Largura"": 0.0, ""FreteGratis"": false, ""ValorUnitarioFrete"": 1.0, ""PrazoEntregaFrete"": 0, ""ComissaoVendedor"": 0.0, ""Seguro"": 0.0, ""Composicoes"": [], ""Atributos"": null, ""ProductGroupId"": 1, ""Categoria"": ""COM AÇUCAR"", ""CategoriaID"": ""6344371e5b452fbeceeea9ec""}]";;2026-09-28T12:04:00-03:00;"[{""FormaPagamento"": ""Dinheiro"", ""DescricaoPagamento"": null, ""ValorPagamento"": 180.0, ""BandeiraCartao"": null, ""NumeroTerminal"": null, ""DataTransacao"": ""2026-10-01T03:00:00Z"", ""CredenciadoraCartao"": null, ""CredenciadoraCNPJ"": null, ""CV_NSU"": null, ""TipoIntegracao"": null, ""CondicaoPagamento"": 0, ""Parcelas"": 0, ""PeriodoParcelas"": 0, ""Adiantamento"": 0.0, ""Quitar"": null}]";;0.0;;2026-10-01T10:47:11.002-03:00;;;;;;2026-10-01T10:46:54.931-03:00;GRUPO_BARRA;GRUPO_BARRA_CASA DE SUCO - BARRA DO CORDA_6aba825cd32929d626d3ceff
6abc1abfc445145956992f87;;99704011;Venda Direta;65f1ef07ee68912546e82f33;TABELA PK 1;68aeeaea3f1a46d41fc56759;ESTOQUE FABRICA BDC;Pedido Faturado;;Venda Encomenda;2026-09-29T00:00:00-03:00;CASA DE SUCO - BARRA DO CORDA;65f1eea0050d165884add5cc;674e195e180ee073ca070978;Padaria MASTER D. Pedro ;674e195e180ee073ca070978;56238105000138;;Venda EXT BDC;5680e16a-d0a3-4781-9eae-790914885c50;VENDAS B2B;Dinheiro;5b648d1c3498afae6d5bfd89;0;0;;PAC;2026-09-29T17:05:00-03:00;0001-01-01T00:00:00-02:00;0001-01-01T00:00:00-02:00;False;0.0;False;;False;0.0;;0.0;;107.5;True;True;Dom Pedro;;Brasil;;;;;;;;"[{""Id"": 1, ""Nome"": ""Grupo de Produtos Padrão - 01""}]";"[{""Codigo"": ""0232"", ""Unidade"": ""UN"", ""Descricao"": ""0232 - SUCO DE CAJU 300ML - COM AÇUCAR"", ""Quantidade"": 5.0, ""ValorUnitario"": 3.5, ""ValorFrete"": 0.0, ""DescontoUnitario"": 0.0, ""ValorTotal"": 17.5, ""PesoKG"": 0.0, ""Comprimento"": 0.0, ""Altura"": 0.0, ""Largura"": 0.0, ""FreteGratis"": false, ""ValorUnitarioFrete"": 1.0, ""PrazoEntregaFrete"": 0, ""ComissaoVendedor"": 0.0, ""Seguro"": 0.0, ""Composicoes"": [], ""Atributos"": null, ""ProductGroupId"": 1, ""Categoria"": ""COM AÇUCAR"", ""CategoriaID"": ""6344371e5b452fbeceeea9ec""}, {""Codigo"": ""0229"", ""Unidade"": ""UN"", ""Descricao"": ""0229 - SUCO DE ACEROLA 300ML - COM AÇUCAR"", ""Quantidade"": 5.0, ""ValorUnitario"": 3.5, ""ValorFrete"": 0.0, ""DescontoUnitario"": 0.0, ""ValorTotal"": 17.5, ""PesoKG"": 0.0, ""Comprimento"": 0.0, ""Altura"": 0.0, ""Largura"": 0.0, ""FreteGratis"": false, ""ValorUnitarioFrete"": 1.0, ""PrazoEntregaFrete"": 0, ""ComissaoVendedor"": 0.0, ""Seguro"": 0.0, ""Composicoes"": [], ""Atributos"": null, ""ProductGroupId"": 1, ""Categoria"": ""COM AÇUCAR"", ""CategoriaID"": ""6344371e5b452fbeceeea9ec""}, {""Codigo"": ""0233"", ""Unidade"": ""UN"", ""Descricao"": ""0233 - SUCO DE GOIABA 300ML - COM AÇUCAR"", ""Quantidade"": 5.0, ""ValorUnitario"": 3.5, ""ValorFrete"": 0.0, ""DescontoUnitario"": 0.0, ""ValorTotal"": 17.5, ""PesoKG"": 0.0, ""Comprimento"": 0.0, ""Altura"": 0.0, ""Largura"": 0.0, ""FreteGratis"": false, ""ValorUnitarioFrete"": 1.0, ""PrazoEntregaFrete"": 0, ""ComissaoVendedor"": 0.0, ""Seguro"": 0.0, ""Composicoes"": [], ""Atributos"": null, ""ProductGroupId"": 1, ""Categoria"": ""COM AÇUCAR"", ""CategoriaID"": ""6344371e5b452fbeceeea9ec""}, {""Codigo"": ""0236"", ""Unidade"": ""UN"", ""Descricao"": ""0236 - SUCO DE LARANJA 300ML - COM AÇUCAR"", ""Quantidade"": 5.0, ""ValorUnitario"": 4.0, ""ValorFrete"": 0.0, ""DescontoUnitario"": 0.0, ""ValorTotal"": 20.0, ""PesoKG"": 0.0, ""Comprimento"": 0.0, ""Altura"": 0.0, ""Largura"": 0.0, ""FreteGratis"": false, ""ValorUnitarioFrete"": 1.0, ""PrazoEntregaFrete"": 0, ""ComissaoVendedor"": 0.0, ""Seguro"": 0.0, ""Composicoes"": [], ""Atributos"": null, ""ProductGroupId"": 1, ""Categoria"": ""COM AÇUCAR"", ""CategoriaID"": ""6344371e5b452fbeceeea9ec""}, {""Codigo"": ""0231"", ""Unidade"": ""UN"", ""Descricao"": ""0231 - SUCO DE CAJA 300ML - COM AÇUCAR"", ""Quantidade"": 5.0, ""ValorUnitario"": 3.5, ""ValorFrete"": 0.0, ""DescontoUnitario"": 0.0, ""ValorTotal"": 17.5, ""PesoKG"": 0.0, ""Comprimento"": 0.0, ""Altura"": 0.0, ""Largura"": 0.0, ""FreteGratis"": false, ""ValorUnitarioFrete"": 1.0, ""PrazoEntregaFrete"": 0, ""ComissaoVendedor"": 0.0, ""Seguro"": 0.0, ""Composicoes"": [], ""Atributos"": null, ""ProductGroupId"": 1, ""Categoria"": ""COM AÇUCAR"", ""CategoriaID"": ""6344371e5b452fbeceeea9ec""}, {""Codigo"": ""0237"", ""Unidade"": ""UN"", ""Descricao"": ""0237 - SUCO DE MARACUJA 300ML - COM AÇUCAR"", ""Quantidade"": 5.0, ""ValorUnitario"": 3.5, ""ValorFrete"": 0.0, ""DescontoUnitario"": 0.0, ""ValorTotal"": 17.5, ""PesoKG"": 0.0, ""Comprimento"": 0.0, ""Altura"": 0.0, ""Largura"": 0.0, ""FreteGratis"": false, ""ValorUnitarioFrete"": 1.0, ""PrazoEntregaFrete"": 0, ""ComissaoVendedor"": 0.0, ""Seguro"": 0.0, ""Composicoes"": [], ""Atributos"": null, ""ProductGroupId"": 1, ""Categoria"": ""COM AÇUCAR"", ""CategoriaID"": ""6344371e5b452fbeceeea9ec""}]";;2026-09-29T17:05:00-03:00;"[{""FormaPagamento"": ""Dinheiro"", ""DescricaoPagamento"": null, ""ValorPagamento"": 107.5, ""BandeiraCartao"": null, ""NumeroTerminal"": null, ""DataTransacao"": ""2026-10-01T03:00:00Z"", ""CredenciadoraCartao"": null, ""CredenciadoraCNPJ"": null, ""CV_NSU"": null, ""TipoIntegracao"": null, ""CondicaoPagamento"": 0, ""Parcelas"": 0, ""PeriodoParcelas"": 0, ""Adiantamento"": 0.0, ""Quitar"": null}]";;0.0;;2026-10-01T10:47:58.054-03:00;;;;;;2026-10-01T10:47:50.82-03:00;GRUPO_BARRA;GRUPO_BARRA_CASA DE SUCO - BARRA DO CORDA_6abc1abfc445145956992f87
6abc1e2d514fb99718bc3e40;;99704041;Venda Direta;65f1ef07ee68912546e82f33;TABELA PK 1;68aeeaea3f1a46d41fc56759;ESTOQUE FABRICA BDC;Pedido Faturado;;Pedido;2026-09-29T00:00:00-03:00;CASA DE SUCO - BARRA DO CORDA;65f1eea0050d165884add5cc;6894bff0b740d303d5ca817f;MERCADINHO ECONOMICO/ TUNTUM;6894bff0b740d303d5ca817f;00485941000162;;Venda EXT BDC;5680e16a-d0a3-4781-9eae-790914885c50;VENDAS B2B;A Prazo;663e2c99993e71a10f3bad2e;0;0;;PAC;2026-09-29T17:20:00-03:00;0001-01-01T00:00:00-02:00;0001-01-01T00:00:00-02:00;False;0.0;False;;False;0.0;;0.0;;130.0;True;True;TUNTUM;;Brasil;;;;;;;;"[{""Id"": 1, ""Nome"": ""Grupo de Produtos Padrão - 01""}]";"[{""Codigo"": ""0233"", ""Unidade"": ""UN"", ""Descricao"": ""0233 - SUCO DE GOIABA 300ML - COM AÇUCAR"", ""Quantidade"": 5.0, ""ValorUnitario"": 4.0, ""ValorFrete"": 0.0, ""DescontoUnitario"": 0.0, ""ValorTotal"": 20.0, ""PesoKG"": 0.0, ""Comprimento"": 0.0, ""Altura"": 0.0, ""Largura"": 0.0, ""FreteGratis"": false, ""ValorUnitarioFrete"": 1.0, ""PrazoEntregaFrete"": 0, ""ComissaoVendedor"": 0.0, ""Seguro"": 0.0, ""Composicoes"": [], ""Atributos"": null, ""ProductGroupId"": 1, ""Categoria"": ""COM AÇUCAR"", ""CategoriaID"": ""6344371e5b452fbeceeea9ec""}, {""Codigo"": ""0236"", ""Unidade"": ""UN"", ""Descricao"": ""0236 - SUCO DE LARANJA 300ML - COM AÇUCAR"", ""Quantidade"": 5.0, ""ValorUnitario"": 5.0, ""ValorFrete"": 0.0, ""DescontoUnitario"": 0.0, ""ValorTotal"": 25.0, ""PesoKG"": 0.0, ""Comprimento"": 0.0, ""Altura"": 0.0, ""Largura"": 0.0, ""FreteGratis"": false, ""ValorUnitarioFrete"": 1.0, ""PrazoEntregaFrete"": 0, ""ComissaoVendedor"": 0.0, ""Seguro"": 0.0, ""Composicoes"": [], ""Atributos"": null, ""ProductGroupId"": 1, ""Categoria"": ""COM AÇUCAR"", ""CategoriaID"": ""6344371e5b452fbeceeea9ec""}, {""Codigo"": ""0229"", ""Unidade"": ""UN"", ""Descricao"": ""0229 - SUCO DE ACEROLA 300ML - COM AÇUCAR"", ""Quantidade"": 5.0, ""ValorUnitario"": 4.0, ""ValorFrete"": 0.0, ""DescontoUnitario"": 0.0, ""ValorTotal"": 20.0, ""PesoKG"": 0.0, ""Comprimento"": 0.0, ""Altura"": 0.0, ""Largura"": 0.0, ""FreteGratis"": false, ""ValorUnitarioFrete"": 1.0, ""PrazoEntregaFrete"": 0, ""ComissaoVendedor"": 0.0, ""Seguro"": 0.0, ""Composicoes"": [], ""Atributos"": null, ""ProductGroupId"": 1, ""Categoria"": ""COM AÇUCAR"", ""CategoriaID"": ""6344371e5b452fbeceeea9ec""}, {""Codigo"": ""0232"", ""Unidade"": ""UN"", ""Descricao"": ""0232 - SUCO DE CAJU 300ML - COM AÇUCAR"", ""Quantidade"": 5.0, ""ValorUnitario"": 4.0, ""ValorFrete"": 0.0, ""DescontoUnitario"": 0.0, ""ValorTotal"": 20.0, ""PesoKG"": 0.0, ""Comprimento"": 0.0, ""Altura"": 0.0, ""Largura"": 0.0, ""FreteGratis"": false, ""ValorUnitarioFrete"": 1.0, ""PrazoEntregaFrete"": 0, ""ComissaoVendedor"": 0.0, ""Seguro"": 0.0, ""Composicoes"": [], ""Atributos"": null, ""ProductGroupId"": 1, ""Categoria"": ""COM AÇUCAR"", ""CategoriaID"": ""6344371e5b452fbeceeea9ec""}, {""Codigo"": ""0231"", ""Unidade"": ""UN"", ""Descricao"": ""0231 - SUCO DE CAJA 300ML - COM AÇUCAR"", ""Quantidade"": 5.0, ""ValorUnitario"": 4.0, ""ValorFrete"": 0.0, ""DescontoUnitario"": 0.0, ""ValorTotal"": 20.0, ""PesoKG"": 0.0, ""Comprimento"": 0.0, ""Altura"": 0.0, ""Largura"": 0.0, ""FreteGratis"": false, ""ValorUnitarioFrete"": 1.0, ""PrazoEntregaFrete"": 0, ""ComissaoVendedor"": 0.0, ""Seguro"": 0.0, ""Composicoes"": [], ""Atributos"": null, ""ProductGroupId"": 1, ""Categoria"": ""COM AÇUCAR"", ""CategoriaID"": ""6344371e5b452fbeceeea9ec""}, {""Codigo"": ""0237"", ""Unidade"": ""UN"", ""Descricao"": ""0237 - SUCO DE MARACUJA 300ML - COM AÇUCAR"", ""Quantidade"": 5.0, ""ValorUnitario"": 5.0, ""ValorFrete"": 0.0, ""DescontoUnitario"": 0.0, ""ValorTotal"": 25.0, ""PesoKG"": 0.0, ""Comprimento"": 0.0, ""Altura"": 0.0, ""Largura"": 0.0, ""FreteGratis"": false, ""ValorUnitarioFrete"": 1.0, ""PrazoEntregaFrete"": 0, ""ComissaoVendedor"": 0.0, ""Seguro"": 0.0, ""Composicoes"": [], ""Atributos"": null, ""ProductGroupId"": 1, ""Categoria"": ""COM AÇUCAR"", ""CategoriaID"": ""6344371e5b452fbeceeea9ec""}]";;2026-09-29T17:20:00-03:00;"[{""FormaPagamento"": ""Dinheiro"", ""DescricaoPagamento"": null, ""ValorPagamento"": 130.0, ""BandeiraCartao"": null, ""NumeroTerminal"": null, ""DataTransacao"": ""2026-10-01T03:00:00Z"", ""CredenciadoraCartao"": null, ""CredenciadoraCNPJ"": null, ""CV_NSU"": null, ""TipoIntegracao"": null, ""CondicaoPagamento"": 0, ""Parcelas"": 0, ""PeriodoParcelas"": 0, ""Adiantamento"": 0.0, ""Quitar"": null}]";;0.0;;2026-10-01T10:48:39.044-03:00;;;;;;2026-10-01T10:48:25.794-03:00;GRUPO_BARRA;GRUPO_BARRA_CASA DE SUCO - BARRA DO CORDA_6abc1e2d514fb99718bc3e40
6abab549406823367beafdc0;;99703140;Venda Direta;65f1ef07ee68912546e82f33;TABELA PK 1;68aeeaea3f1a46d41fc56759;ESTOQUE FABRICA BDC;Pedido Faturado;;Pedido;2026-09-28T00:00:00-03:00;CASA DE SUCO - BARRA DO CORDA;65f1eea0050d165884add5cc;68a7218edb4e7a70b504ffbd;QUEIROZ SUPERMERCADO / TUNTUM;68a7218edb4e7a70b504ffbd;;;Venda EXT BDC;5680e16a-d0a3-4781-9eae-790914885c50;VENDAS B2B;Dinheiro;5b648d1c3498afae6d5bfd89;0;0;;PAC;2026-09-28T15:41:00-03:00;0001-01-01T00:00:00-02:00;0001-01-01T00:00:00-02:00;False;0.0;False;;False;0.0;;0.0;;184.0;True;True;;;Brasil;;;;;;;;"[{""Id"": 1, ""Nome"": ""Grupo de Produtos Padrão - 01""}]";"[{""Codigo"": ""0236"", ""Unidade"": ""UN"", ""Descricao"": ""0236 - SUCO DE LARANJA 300ML - COM AÇUCAR"", ""Quantidade"": 10.0, ""ValorUnitario"": 4.0, ""ValorFrete"": 0.0, ""DescontoUnitario"": 0.0, ""ValorTotal"": 40.0, ""PesoKG"": 0.0, ""Comprimento"": 0.0, ""Altura"": 0.0, ""Largura"": 0.0, ""FreteGratis"": false, ""ValorUnitarioFrete"": 1.0, ""PrazoEntregaFrete"": 0, ""ComissaoVendedor"": 0.0, ""Seguro"": 0.0, ""Composicoes"": [], ""Atributos"": null, ""ProductGroupId"": 1, ""Categoria"": ""COM AÇUCAR"", ""CategoriaID"": ""6344371e5b452fbeceeea9ec""}, {""Codigo"": ""0233"", ""Unidade"": ""UN"", ""Descricao"": ""0233 - SUCO DE GOIABA 300ML - COM AÇUCAR"", ""Quantidade"": 10.0, ""ValorUnitario"": 4.0, ""ValorFrete"": 0.0, ""DescontoUnitario"": 0.0, ""ValorTotal"": 40.0, ""PesoKG"": 0.0, ""Comprimento"": 0.0, ""Altura"": 0.0, ""Largura"": 0.0, ""FreteGratis"": false, ""ValorUnitarioFrete"": 1.0, ""PrazoEntregaFrete"": 0, ""ComissaoVendedor"": 0.0, ""Seguro"": 0.0, ""Composicoes"": [], ""Atributos"": null, ""ProductGroupId"": 1, ""Categoria"": ""COM AÇUCAR"", ""CategoriaID"": ""6344371e5b452fbeceeea9ec""}, {""Codigo"": ""0229"", ""Unidade"": ""UN"", ""Descricao"": ""0229 - SUCO DE ACEROLA 300ML - COM AÇUCAR"", ""Quantidade"": 10.0, ""ValorUnitario"": 4.0, ""ValorFrete"": 0.0, ""DescontoUnitario"": 0.0, ""ValorTotal"": 40.0, ""PesoKG"": 0.0, ""Comprimento"": 0.0, ""Altura"": 0.0, ""Largura"": 0.0, ""FreteGratis"": false, ""ValorUnitarioFrete"": 1.0, ""PrazoEntregaFrete"": 0, ""ComissaoVendedor"": 0.0, ""Seguro"": 0.0, ""Composicoes"": [], ""Atributos"": null, ""ProductGroupId"": 1, ""Categoria"": ""COM AÇUCAR"", ""CategoriaID"": ""6344371e5b452fbeceeea9ec""}, {""Codigo"": ""0231"", ""Unidade"": ""UN"", ""Descricao"": ""0231 - SUCO DE CAJA 300ML - COM AÇUCAR"", ""Quantidade"": 6.0, ""ValorUnitario"": 4.0, ""ValorFrete"": 0.0, ""DescontoUnitario"": 0.0, ""ValorTotal"": 24.0, ""PesoKG"": 0.0, ""Comprimento"": 0.0, ""Altura"": 0.0, ""Largura"": 0.0, ""FreteGratis"": false, ""ValorUnitarioFrete"": 1.0, ""PrazoEntregaFrete"": 0, ""ComissaoVendedor"": 0.0, ""Seguro"": 0.0, ""Composicoes"": [], ""Atributos"": null, ""ProductGroupId"": 1, ""Categoria"": ""COM AÇUCAR"", ""CategoriaID"": ""6344371e5b452fbeceeea9ec""}, {""Codigo"": ""0237"", ""Unidade"": ""UN"", ""Descricao"": ""0237 - SUCO DE MARACUJA 300ML - COM AÇUCAR"", ""Quantidade"": 10.0, ""ValorUnitario"": 4.0, ""ValorFrete"": 0.0, ""DescontoUnitario"": 0.0, ""ValorTotal"": 40.0, ""PesoKG"": 0.0, ""Comprimento"": 0.0, ""Altura"": 0.0, ""Largura"": 0.0, ""FreteGratis"": false, ""ValorUnitarioFrete"": 1.0, ""PrazoEntregaFrete"": 0, ""ComissaoVendedor"": 0.0, ""Seguro"": 0.0, ""Composicoes"": [], ""Atributos"": null, ""ProductGroupId"": 1, ""Categoria"": ""COM AÇUCAR"", ""CategoriaID"": ""6344371e5b452fbeceeea9ec""}]";;2026-09-28T15:41:00-03:00;"[{""FormaPagamento"": ""Dinheiro"", ""DescricaoPagamento"": null, ""ValorPagamento"": 184.0, ""BandeiraCartao"": null, ""NumeroTerminal"": null, ""DataTransacao"": ""2026-10-01T03:00:00Z"", ""CredenciadoraCartao"": null, ""CredenciadoraCNPJ"": null, ""CV_NSU"": null, ""TipoIntegracao"": null, ""CondicaoPagamento"": 0, ""Parcelas"": 0, ""PeriodoParcelas"": 0, ""Adiantamento"": 0.0, ""Quitar"": null}]";;0.0;;2026-10-01T10:49:11.013-03:00;;;;;;2026-10-01T10:49:01.077-03:00;GRUPO_BARRA;GRUPO_BARRA_CASA DE SUCO - BARRA DO CORDA_6abab549406823367beafdc0
6abab0677875929eae3eb10c;;99703109;Venda Direta;65f1ef07ee68912546e82f33;TABELA PK 1;68aeeaea3f1a46d41fc56759;ESTOQUE FABRICA BDC;Pedido Faturado;;;2026-09-28T00:00:00-03:00;CASA DE SUCO - BARRA DO CORDA;65f1eea0050d165884add5cc;6713a04b707492b6757112fa;POSTO BIANCA/PLACA DO VIOLÃO TUNTUM;6713a04b707492b6757112fa;28394374000158;;VENDAPK;b053105b-09bd-4674-b9bb-6ba16b7cde35;VENDAS B2B;Dinheiro;5b648d1c3498afae6d5bfd89;0;0;;PAC;2026-09-28T15:19:00-03:00;0001-01-01T00:00:00-02:00;0001-01-01T00:00:00-02:00;False;0.0;False;;False;0.0;;0.0;;93.0;True;True;TUNTUM;;;;MA;;;PLACA DO VIOLÃO;;BR226;"[{""Id"": 1, ""Nome"": ""Grupo de Produtos Padrão - 01""}]";"[{""Codigo"": ""0236"", ""Unidade"": ""UN"", ""Descricao"": ""0236 - SUCO DE LARANJA 300ML - COM AÇUCAR"", ""Quantidade"": 5.0, ""ValorUnitario"": 5.0, ""ValorFrete"": 0.0, ""DescontoUnitario"": 0.0, ""ValorTotal"": 25.0, ""PesoKG"": 0.0, ""Comprimento"": 0.0, ""Altura"": 0.0, ""Largura"": 0.0, ""FreteGratis"": false, ""ValorUnitarioFrete"": 1.0, ""PrazoEntregaFrete"": 0, ""ComissaoVendedor"": 0.0, ""Seguro"": 0.0, ""Composicoes"": [], ""Atributos"": null, ""ProductGroupId"": 1, ""Categoria"": ""COM AÇUCAR"", ""CategoriaID"": ""6344371e5b452fbeceeea9ec""}, {""Codigo"": ""0239"", ""Unidade"": ""UN"", ""Descricao"": ""0239 - SUCO DE TAMARINDO 300ML - COM AÇUCAR"", ""Quantidade"": 3.0, ""ValorUnitario"": 4.0, ""ValorFrete"": 0.0, ""DescontoUnitario"": 0.0, ""ValorTotal"": 12.0, ""PesoKG"": 0.0, ""Comprimento"": 0.0, ""Altura"": 0.0, ""Largura"": 0.0, ""FreteGratis"": false, ""ValorUnitarioFrete"": 1.0, ""PrazoEntregaFrete"": 0, ""ComissaoVendedor"": 0.0, ""Seguro"": 0.0, ""Composicoes"": [], ""Atributos"": null, ""ProductGroupId"": 1, ""Categoria"": ""COM AÇUCAR"", ""CategoriaID"": ""6344371e5b452fbeceeea9ec""}, {""Codigo"": ""0229"", ""Unidade"": ""UN"", ""Descricao"": ""0229 - SUCO DE ACEROLA 300ML - COM AÇUCAR"", ""Quantidade"": 3.0, ""ValorUnitario"": 4.0, ""ValorFrete"": 0.0, ""DescontoUnitario"": 0.0, ""ValorTotal"": 12.0, ""PesoKG"": 0.0, ""Comprimento"": 0.0, ""Altura"": 0.0, ""Largura"": 0.0, ""FreteGratis"": false, ""ValorUnitarioFrete"": 1.0, ""PrazoEntregaFrete"": 0, ""ComissaoVendedor"": 0.0, ""Seguro"": 0.0, ""Composicoes"": [], ""Atributos"": null, ""ProductGroupId"": 1, ""Categoria"": ""COM AÇUCAR"", ""CategoriaID"": ""6344371e5b452fbeceeea9ec""}, {""Codigo"": ""0233"", ""Unidade"": ""UN"", ""Descricao"": ""0233 - SUCO DE GOIABA 300ML - COM AÇUCAR"", ""Quantidade"": 3.0, ""ValorUnitario"": 4.0, ""ValorFrete"": 0.0, ""DescontoUnitario"": 0.0, ""ValorTotal"": 12.0, ""PesoKG"": 0.0, ""Comprimento"": 0.0, ""Altura"": 0.0, ""Largura"": 0.0, ""FreteGratis"": false, ""ValorUnitarioFrete"": 1.0, ""PrazoEntregaFrete"": 0, ""ComissaoVendedor"": 0.0, ""Seguro"": 0.0, ""Composicoes"": [], ""Atributos"": null, ""ProductGroupId"": 1, ""Categoria"": ""COM AÇUCAR"", ""CategoriaID"": ""6344371e5b452fbeceeea9ec""}, {""Codigo"": ""0232"", ""Unidade"": ""UN"", ""Descricao"": ""0232 - SUCO DE CAJU 300ML - COM AÇUCAR"", ""Quantidade"": 3.0, ""ValorUnitario"": 4.0, ""ValorFrete"": 0.0, ""DescontoUnitario"": 0.0, ""ValorTotal"": 12.0, ""PesoKG"": 0.0, ""Comprimento"": 0.0, ""Altura"": 0.0, ""Largura"": 0.0, ""FreteGratis"": false, ""ValorUnitarioFrete"": 1.0, ""PrazoEntregaFrete"": 0, ""ComissaoVendedor"": 0.0, ""Seguro"": 0.0, ""Composicoes"": [], ""Atributos"": null, ""ProductGroupId"": 1, ""Categoria"": ""COM AÇUCAR"", ""CategoriaID"": ""6344371e5b452fbeceeea9ec""}, {""Codigo"": ""0237"", ""Unidade"": ""UN"", ""Descricao"": ""0237 - SUCO DE MARACUJA 300ML - COM AÇUCAR"", ""Quantidade"": 5.0, ""ValorUnitario"": 4.0, ""ValorFrete"": 0.0, ""DescontoUnitario"": 0.0, ""ValorTotal"": 20.0, ""PesoKG"": 0.0, ""Comprimento"": 0.0, ""Altura"": 0.0, ""Largura"": 0.0, ""FreteGratis"": false, ""ValorUnitarioFrete"": 1.0, ""PrazoEntregaFrete"": 0, ""ComissaoVendedor"": 0.0, ""Seguro"": 0.0, ""Composicoes"": [], ""Atributos"": null, ""ProductGroupId"": 1, ""Categoria"": ""COM AÇUCAR"", ""CategoriaID"": ""6344371e5b452fbeceeea9ec""}]";;2026-09-28T15:19:00-03:00;"[{""FormaPagamento"": ""Dinheiro"", ""DescricaoPagamento"": null, ""ValorPagamento"": 93.0, ""BandeiraCartao"": null, ""NumeroTerminal"": null, ""DataTransacao"": ""2026-10-01T03:00:00Z"", ""CredenciadoraCartao"": null, ""CredenciadoraCNPJ"": null, ""CV_NSU"": null, ""TipoIntegracao"": null, ""CondicaoPagamento"": 0, ""Parcelas"": 0, ""PeriodoParcelas"": 0, ""Adiantamento"": 0.0, ""Quitar"": null}]";;0.0;;2026-10-01T10:49:57.803-03:00;;;;;;2026-10-01T10:49:42.439-03:00;GRUPO_BARRA;GRUPO_BARRA_CASA DE SUCO - BARRA DO CORDA_6abab0677875929eae3eb10c
6abbdd0e585ca2c2338484c8;;99703712;Venda Direta;65f1ef07ee68912546e82f33;TABELA PK 1;68aeeaea3f1a46d41fc56759;ESTOQUE FABRICA BDC;Pedido Faturado;;Pedido;2026-09-29T00:00:00-03:00;CASA DE SUCO - BARRA DO CORDA;65f1eea0050d165884add5cc;684997a4466ba4639d5ac9fe;AÇOUGUE 2 IRMÃOS    P DUTRA ;684997a4466ba4639d5ac9fe;60233433333;;VENDAPK;b053105b-09bd-4674-b9bb-6ba16b7cde35;VENDAS B2B;A Prazo;663e2c99993e71a10f3bad2e;0;0;;PAC;2026-09-29T12:42:00-03:00;0001-01-01T00:00:00-02:00;0001-01-01T00:00:00-02:00;False;0.0;False;;False;0.0;;0.0;;191.0;True;True;PK;;Brasil;;MA;21;;;;AV.TRANCREDO NEVES;"[{""Id"": 1, ""Nome"": ""Grupo de Produtos Padrão - 01""}]";"[{""Codigo"": ""0233"", ""Unidade"": ""UN"", ""Descricao"": ""0233 - SUCO DE GOIABA 300ML - COM AÇUCAR"", ""Quantidade"": 10.0, ""ValorUnitario"": 4.0, ""ValorFrete"": 0.0, ""DescontoUnitario"": 0.0, ""ValorTotal"": 40.0, ""PesoKG"": 0.0, ""Comprimento"": 0.0, ""Altura"": 0.0, ""Largura"": 0.0, ""FreteGratis"": false, ""ValorUnitarioFrete"": 1.0, ""PrazoEntregaFrete"": 0, ""ComissaoVendedor"": 0.0, ""Seguro"": 0.0, ""Composicoes"": [], ""Atributos"": null, ""ProductGroupId"": 1, ""Categoria"": ""COM AÇUCAR"", ""CategoriaID"": ""6344371e5b452fbeceeea9ec""}, {""Codigo"": ""0237"", ""Unidade"": ""UN"", ""Descricao"": ""0237 - SUCO DE MARACUJA 300ML - COM AÇUCAR"", ""Quantidade"": 8.0, ""ValorUnitario"": 4.5, ""ValorFrete"": 0.0, ""DescontoUnitario"": 0.0, ""ValorTotal"": 36.0, ""PesoKG"": 0.0, ""Comprimento"": 0.0, ""Altura"": 0.0, ""Largura"": 0.0, ""FreteGratis"": false, ""ValorUnitarioFrete"": 1.0, ""PrazoEntregaFrete"": 0, ""ComissaoVendedor"": 0.0, ""Seguro"": 0.0, ""Composicoes"": [], ""Atributos"": null, ""ProductGroupId"": 1, ""Categoria"": ""COM AÇUCAR"", ""CategoriaID"": ""6344371e5b452fbeceeea9ec""}, {""Codigo"": ""0232"", ""Unidade"": ""UN"", ""Descricao"": ""0232 - SUCO DE CAJU 300ML - COM AÇUCAR"", ""Quantidade"": 10.0, ""ValorUnitario"": 4.0, ""ValorFrete"": 0.0, ""DescontoUnitario"": 0.0, ""ValorTotal"": 40.0, ""PesoKG"": 0.0, ""Comprimento"": 0.0, ""Altura"": 0.0, ""Largura"": 0.0, ""FreteGratis"": false, ""ValorUnitarioFrete"": 1.0, ""PrazoEntregaFrete"": 0, ""ComissaoVendedor"": 0.0, ""Seguro"": 0.0, ""Composicoes"": [], ""Atributos"": null, ""ProductGroupId"": 1, ""Categoria"": ""COM AÇUCAR"", ""CategoriaID"": ""6344371e5b452fbeceeea9ec""}, {""Codigo"": ""0229"", ""Unidade"": ""UN"", ""Descricao"": ""0229 - SUCO DE ACEROLA 300ML - COM AÇUCAR"", ""Quantidade"": 8.0, ""ValorUnitario"": 4.0, ""ValorFrete"": 0.0, ""DescontoUnitario"": 0.0, ""ValorTotal"": 32.0, ""PesoKG"": 0.0, ""Comprimento"": 0.0, ""Altura"": 0.0, ""Largura"": 0.0, ""FreteGratis"": false, ""ValorUnitarioFrete"": 1.0, ""PrazoEntregaFrete"": 0, ""ComissaoVendedor"": 0.0, ""Seguro"": 0.0, ""Composicoes"": [], ""Atributos"": null, ""ProductGroupId"": 1, ""Categoria"": ""COM AÇUCAR"", ""CategoriaID"": ""6344371e5b452fbeceeea9ec""}, {""Codigo"": ""0236"", ""Unidade"": ""UN"", ""Descricao"": ""0236 - SUCO DE LARANJA 300ML - COM AÇUCAR"", ""Quantidade"": 6.0, ""ValorUnitario"": 4.5, ""ValorFrete"": 0.0, ""DescontoUnitario"": 0.0, ""ValorTotal"": 27.0, ""PesoKG"": 0.0, ""Comprimento"": 0.0, ""Altura"": 0.0, ""Largura"": 0.0, ""FreteGratis"": false, ""ValorUnitarioFrete"": 1.0, ""PrazoEntregaFrete"": 0, ""ComissaoVendedor"": 0.0, ""Seguro"": 0.0, ""Composicoes"": [], ""Atributos"": null, ""ProductGroupId"": 1, ""Categoria"": ""COM AÇUCAR"", ""CategoriaID"": ""6344371e5b452fbeceeea9ec""}, {""Codigo"": ""0231"", ""Unidade"": ""UN"", ""Descricao"": ""0231 - SUCO DE CAJA 300ML - COM AÇUCAR"", ""Quantidade"": 4.0, ""ValorUnitario"": 4.0, ""ValorFrete"": 0.0, ""DescontoUnitario"": 0.0, ""ValorTotal"": 16.0, ""PesoKG"": 0.0, ""Comprimento"": 0.0, ""Altura"": 0.0, ""Largura"": 0.0, ""FreteGratis"": false, ""ValorUnitarioFrete"": 1.0, ""PrazoEntregaFrete"": 0, ""ComissaoVendedor"": 0.0, ""Seguro"": 0.0, ""Composicoes"": [], ""Atributos"": null, ""ProductGroupId"": 1, ""Categoria"": ""COM AÇUCAR"", ""CategoriaID"": ""6344371e5b452fbeceeea9ec""}]";;2026-09-29T12:42:00-03:00;"[{""FormaPagamento"": ""Dinheiro"", ""DescricaoPagamento"": null, ""ValorPagamento"": 191.0, ""BandeiraCartao"": null, ""NumeroTerminal"": null, ""DataTransacao"": ""2026-10-01T03:00:00Z"", ""CredenciadoraCartao"": null, ""CredenciadoraCNPJ"": null, ""CV_NSU"": null, ""TipoIntegracao"": null, ""CondicaoPagamento"": 0, ""Parcelas"": 0, ""PeriodoParcelas"": 0, ""Adiantamento"": 0.0, ""Quitar"": null}]";;0.0;;2026-10-01T10:50:31.23-03:00;;;;;;2026-10-01T10:50:19.957-03:00;GRUPO_BARRA;GRUPO_BARRA_CASA DE SUCO - BARRA DO CORDA_6abbdd0e585ca2c2338484c8
6abe5cac665b4ec7798936e5;;99705072;Venda Direta;65f1ef07ee68912546e82f33;TAB FABRICA BDC;6a1f7bb23749dddeca12f537;ESTOQUE FABRICA BDC;Pedido Faturado;;Pedido;2026-10-01T00:00:00-03:00;CASA DE SUCO - BARRA DO CORDA;65f1eea0050d165884add5cc;68a768b3f83ed7f12cc97d1c;CSM ALTAMIRA;68a768b3f83ed7f12cc97d1c;28004938000280;;Venda ext bdc;b37b3592-9adf-4620-adb5-63db41695826;VENDAS B2B;Dinheiro;5b648d1c3498afae6d5bfd89;0;0;;PAC;2026-10-01T10:08:00-03:00;0001-01-01T00:00:00-02:00;0001-01-01T00:00:00-02:00;False;20.0;True;;False;0.0;;0.0;;1335.94;True;True;Barra do Corda;2101608;Brasil;65950000;MA;21;ALTAMIRA;RUA CORINA MARTINS;S/N;;"[{""Id"": 1, ""Nome"": ""Grupo de Produtos Padrão - 01""}]";"[{""Codigo"": ""0231"", ""Unidade"": ""UN"", ""Descricao"": ""0231 - SUCO DE CAJA 300ML - COM AÇUCAR"", ""Quantidade"": 3.0, ""ValorUnitario"": 4.55, ""ValorFrete"": 0.21, ""DescontoUnitario"": 0.0, ""ValorTotal"": 13.65, ""PesoKG"": 0.0, ""Comprimento"": 0.0, ""Altura"": 0.0, ""Largura"": 0.0, ""FreteGratis"": false, ""ValorUnitarioFrete"": 3.0, ""PrazoEntregaFrete"": 0, ""ComissaoVendedor"": 0.0, ""Seguro"": 0.0, ""Composicoes"": [], ""Atributos"": null, ""ProductGroupId"": 1, ""Categoria"": ""COM AÇUCAR"", ""CategoriaID"": ""6344371e5b452fbeceeea9ec""}, {""Codigo"": ""0205"", ""Unidade"": ""UN"", ""Descricao"": ""0205 - SUCO DE CAJU 1L - COM AÇUCAR"", ""Quantidade"": 2.0, ""ValorUnitario"": 11.63, ""ValorFrete"": 0.35, ""DescontoUnitario"": 0.0, ""ValorTotal"": 23.26, ""PesoKG"": 0.0, ""Comprimento"": 0.0, ""Altura"": 0.0, ""Largura"": 0.0, ""FreteGratis"": false, ""ValorUnitarioFrete"": 2.0, ""PrazoEntregaFrete"": 0, ""ComissaoVendedor"": 0.0, ""Seguro"": 0.0, ""Composicoes"": [], ""Atributos"": null, ""ProductGroupId"": 1, ""Categoria"": ""COM AÇUCAR"", ""CategoriaID"": ""6344371e5b452fbeceeea9ec""}, {""Codigo"": ""0243"", ""Unidade"": ""UN"", ""Descricao"": ""0243 - SUCO DE ACEROLA 5L - COM AÇUCAR"", ""Quantidade"": 2.0, ""ValorUnitario"": 55.21, ""ValorFrete"": 1.66, ""DescontoUnitario"": 0.0, ""ValorTotal"": 110.42, ""PesoKG"": 0.0, ""Comprimento"": 0.0, ""Altura"": 0.0, ""Largura"": 0.0, ""FreteGratis"": false, ""ValorUnitarioFrete"": 2.0, ""PrazoEntregaFrete"": 0, ""ComissaoVendedor"": 0.0, ""Seguro"": 0.0, ""Composicoes"": [], ""Atributos"": null, ""ProductGroupId"": 1, ""Categoria"": ""COM AÇUCAR"", ""CategoriaID"": ""6344371e5b452fbeceeea9ec""}, {""Codigo"": ""0239"", ""Unidade"": ""UN"", ""Descricao"": ""0239 - SUCO DE TAMARINDO 300ML - COM AÇUCAR"", ""Quantidade"": 3.0, ""ValorUnitario"": 3.05, ""ValorFrete"": 0.14, ""DescontoUnitario"": 0.0, ""ValorTotal"": 9.15, ""PesoKG"": 0.0, ""Comprimento"": 0.0, ""Altura"": 0.0, ""Largura"": 0.0, ""FreteGratis"": false, ""ValorUnitarioFrete"": 3.0, ""PrazoEntregaFrete"": 0, ""ComissaoVendedor"": 0.0, ""Seguro"": 0.0, ""Composicoes"": [], ""Atributos"": null, ""ProductGroupId"": 1, ""Categoria"": ""COM AÇUCAR"", ""CategoriaID"": ""6344371e5b452fbeceeea9ec""}, {""Codigo"": ""0233"", ""Unidade"": ""UN"", ""Descricao"": ""0233 - SUCO DE GOIABA 300ML - COM AÇUCAR"", ""Quantidade"": 5.0, ""ValorUnitario"": 3.12, ""ValorFrete"": 0.24, ""DescontoUnitario"": 0.0, ""ValorTotal"": 15.6, ""PesoKG"": 0.0, ""Comprimento"": 0.0, ""Altura"": 0.0, ""Largura"": 0.0, ""FreteGratis"": false, ""ValorUnitarioFrete"": 5.0, ""PrazoEntregaFrete"": 0, ""ComissaoVendedor"": 0.0, ""Seguro"": 0.0, ""Composicoes"": [], ""Atributos"": null, ""ProductGroupId"": 1, ""Categoria"": ""COM AÇUCAR"", ""CategoriaID"": ""6344371e5b452fbeceeea9ec""}, {""Codigo"": ""0204"", ""Unidade"": ""UN"", ""Descricao"": ""0204 - SUCO DE CAJA 1L - COM AÇUCAR"", ""Quantidade"": 2.0, ""ValorUnitario"": 11.25, ""ValorFrete"": 0.34, ""DescontoUnitario"": 0.0, ""ValorTotal"": 22.5, ""PesoKG"": 0.0, ""Comprimento"": 0.0, ""Altura"": 0.0, ""Largura"": 0.0, ""FreteGratis"": false, ""ValorUnitarioFrete"": 2.0, ""PrazoEntregaFrete"": 0, ""ComissaoVendedor"": 0.0, ""Seguro"": 0.0, ""Composicoes"": [], ""Atributos"": null, ""ProductGroupId"": 1, ""Categoria"": ""COM AÇUCAR"", ""CategoriaID"": ""6344371e5b452fbeceeea9ec""}, {""Codigo"": ""0206"", ""Unidade"": ""UN"", ""Descricao"": ""0206 - SUCO DE CUPUAÇU 1L - COM AÇUCAR"", ""Quantidade"": 2.0, ""ValorUnitario"": 9.5, ""ValorFrete"": 0.29, ""DescontoUnitario"": 0.0, ""ValorTotal"": 19.0, ""PesoKG"": 0.0, ""Comprimento"": 0.0, ""Altura"": 0.0, ""Largura"": 0.0, ""FreteGratis"": false, ""ValorUnitarioFrete"": 2.0, ""PrazoEntregaFrete"": 0, ""ComissaoVendedor"": 0.0, ""Seguro"": 0.0, ""Composicoes"": [], ""Atributos"": null, ""ProductGroupId"": 1, ""Categoria"": ""COM AÇUCAR"", ""CategoriaID"": ""6344371e5b452fbeceeea9ec""}, {""Codigo"": ""0237"", ""Unidade"": ""UN"", ""Descricao"": ""0237 - SUCO DE MARACUJA 300ML - COM AÇUCAR"", ""Quantidade"": 7.0, ""ValorUnitario"": 5.13, ""ValorFrete"": 0.55, ""DescontoUnitario"": 0.0, ""ValorTotal"": 35.91, ""PesoKG"": 0.0, ""Comprimento"": 0.0, ""Altura"": 0.0, ""Largura"": 0.0, ""FreteGratis"": false, ""ValorUnitarioFrete"": 7.0, ""PrazoEntregaFrete"": 0, ""ComissaoVendedor"": 0.0, ""Seguro"": 0.0, ""Composicoes"": [], ""Atributos"": null, ""ProductGroupId"": 1, ""Categoria"": ""COM AÇUCAR"", ""CategoriaID"": ""6344371e5b452fbeceeea9ec""}, {""Codigo"": ""0234"", ""Unidade"": ""UN"", ""Descricao"": ""0234 - SUCO DE CUPUAÇU 300ML - COM AÇUCAR"", ""Quantidade"": 2.0, ""ValorUnitario"": 3.6, ""ValorFrete"": 0.11, ""DescontoUnitario"": 0.0, ""ValorTotal"": 7.2, ""PesoKG"": 0.0, ""Comprimento"": 0.0, ""Altura"": 0.0, ""Largura"": 0.0, ""FreteGratis"": false, ""ValorUnitarioFrete"": 2.0, ""PrazoEntregaFrete"": 0, ""ComissaoVendedor"": 0.0, ""Seguro"": 0.0, ""Composicoes"": [], ""Atributos"": null, ""ProductGroupId"": 1, ""Categoria"": ""COM AÇUCAR"", ""CategoriaID"": ""6344371e5b452fbeceeea9ec""}, {""Codigo"": ""0232"", ""Unidade"": ""UN"", ""Descricao"": ""0232 - SUCO DE CAJU 300ML - COM AÇUCAR"", ""Quantidade"": 3.0, ""ValorUnitario"": 4.55, ""ValorFrete"": 0.21, ""DescontoUnitario"": 0.0, ""ValorTotal"": 13.65, ""PesoKG"": 0.0, ""Comprimento"": 0.0, ""Altura"": 0.0, ""Largura"": 0.0, ""FreteGratis"": false, ""ValorUnitarioFrete"": 3.0, ""PrazoEntregaFrete"": 0, ""ComissaoVendedor"": 0.0, ""Seguro"": 0.0, ""Composicoes"": [], ""Atributos"": null, ""ProductGroupId"": 1, ""Categoria"": ""COM AÇUCAR"", ""CategoriaID"": ""6344371e5b452fbeceeea9ec""}, {""Codigo"": ""0235"", ""Unidade"": ""UN"", ""Descricao"": ""0235 - SUCO DE GRAVIOLA 300ML - COM AÇUCAR"", ""Quantidade"": 2.0, ""ValorUnitario"": 4.25, ""ValorFrete"": 0.13, ""DescontoUnitario"": 0.0, ""ValorTotal"": 8.5, ""PesoKG"": 0.0, ""Comprimento"": 0.0, ""Altura"": 0.0, ""Largura"": 0.0, ""FreteGratis"": false, ""ValorUnitarioFrete"": 2.0, ""PrazoEntregaFrete"": 0, ""ComissaoVendedor"": 0.0, ""Seguro"": 0.0, ""Composicoes"": [], ""Atributos"": null, ""ProductGroupId"": 1, ""Categoria"": """", ""CategoriaID"": """"}, {""Codigo"": ""0208"", ""Unidade"": ""UN"", ""Descricao"": ""0208 - SUCO DE GRAVIOLA 1L - COM AÇUCAR"", ""Quantidade"": 2.0, ""ValorUnitario"": 12.5, ""ValorFrete"": 0.38, ""DescontoUnitario"": 0.0, ""ValorTotal"": 25.0, ""PesoKG"": 0.0, ""Comprimento"": 0.0, ""Altura"": 0.0, ""Largura"": 0.0, ""FreteGratis"": false, ""ValorUnitarioFrete"": 2.0, ""PrazoEntregaFrete"": 0, ""ComissaoVendedor"": 0.0, ""Seguro"": 0.0, ""Composicoes"": [], ""Atributos"": null, ""ProductGroupId"": 1, ""Categoria"": """", ""CategoriaID"": """"}, {""Codigo"": ""0236"", ""Unidade"": ""UN"", ""Descricao"": ""0236 - SUCO DE LARANJA 300ML - COM AÇUCAR"", ""Quantidade"": 5.0, ""ValorUnitario"": 3.5, ""ValorFrete"": 0.27, ""DescontoUnitario"": 0.0, ""ValorTotal"": 17.5, ""PesoKG"": 0.0, ""Comprimento"": 0.0, ""Altura"": 0.0, ""Largura"": 0.0, ""FreteGratis"": false, ""ValorUnitarioFrete"": 5.0, ""PrazoEntregaFrete"": 0, ""ComissaoVendedor"": 0.0, ""Seguro"": 0.0, ""Composicoes"": [], ""Atributos"": null, ""ProductGroupId"": 1, ""Categoria"": ""COM AÇUCAR"", ""CategoriaID"": ""6344371e5b452fbeceeea9ec""}, {""Codigo"": ""0209"", ""Unidade"": ""UN"", ""Descricao"": ""0209 - SUCO DE LARANJA 1L - COM AÇUCAR"", ""Quantidade"": 10.0, ""ValorUnitario"": 10.0, ""ValorFrete"": 1.52, ""DescontoUnitario"": 0.0, ""ValorTotal"": 100.0, ""PesoKG"": 0.0, ""Comprimento"": 0.0, ""Altura"": 0.0, ""Largura"": 0.0, ""FreteGratis"": false, ""ValorUnitarioFrete"": 10.0, ""PrazoEntregaFrete"": 0, ""ComissaoVendedor"": 0.0, ""Seguro"": 0.0, ""Composicoes"": [], ""Atributos"": null, ""ProductGroupId"": 1, ""Categoria"": ""COM AÇUCAR"", ""CategoriaID"": ""6344371e5b452fbeceeea9ec""}, {""Codigo"": ""0224"", ""Unidade"": ""UN"", ""Descricao"": ""0224 - SUCO DE LARANJA 2L - COM AÇUCAR"", ""Quantidade"": 6.0, ""ValorUnitario"": 18.5, ""ValorFrete"": 1.69, ""DescontoUnitario"": 0.0, ""ValorTotal"": 111.0, ""PesoKG"": 0.0, ""Comprimento"": 0.0, ""Altura"": 0.0, ""Largura"": 0.0, ""FreteGratis"": false, ""ValorUnitarioFrete"": 6.0, ""PrazoEntregaFrete"": 0, ""ComissaoVendedor"": 0.0, ""Seguro"": 0.0, ""Composicoes"": [], ""Atributos"": null, ""ProductGroupId"": 1, ""Categoria"": ""COM AÇUCAR"", ""CategoriaID"": ""6344371e5b452fbeceeea9ec""}, {""Codigo"": ""0225"", ""Unidade"": ""UN"", ""Descricao"": ""0225 - SUCO DE MARACUJA 2L - COM AÇUCAR"", ""Quantidade"": 6.0, ""ValorUnitario"": 23.01, ""ValorFrete"": 2.1, ""DescontoUnitario"": 0.0, ""ValorTotal"": 138.06, ""PesoKG"": 0.0, ""Comprimento"": 0.0, ""Altura"": 0.0, ""Largura"": 0.0, ""FreteGratis"": false, ""ValorUnitarioFrete"": 6.0, ""PrazoEntregaFrete"": 0, ""ComissaoVendedor"": 0.0, ""Seguro"": 0.0, ""Composicoes"": [], ""Atributos"": null, ""ProductGroupId"": 1, ""Categoria"": ""COM AÇUCAR"", ""CategoriaID"": ""6344371e5b452fbeceeea9ec""}, {""Codigo"": ""0213"", ""Unidade"": ""UN"", ""Descricao"": ""0213 - SUCO DE TAMARINDO 1L - COM AÇUCAR"", ""Quantidade"": 2.0, ""ValorUnitario"": 9.13, ""ValorFrete"": 0.28, ""DescontoUnitario"": 0.0, ""ValorTotal"": 18.26, ""PesoKG"": 0.0, ""Comprimento"": 0.0, ""Altura"": 0.0, ""Largura"": 0.0, ""FreteGratis"": false, ""ValorUnitarioFrete"": 2.0, ""PrazoEntregaFrete"": 0, ""ComissaoVendedor"": 0.0, ""Seguro"": 0.0, ""Composicoes"": [], ""Atributos"": null, ""ProductGroupId"": 1, ""Categoria"": ""COM AÇUCAR"", ""CategoriaID"": ""6344371e5b452fbeceeea9ec""}, {""Codigo"": ""0222"", ""Unidade"": ""UN"", ""Descricao"": ""0222 - SUCO DE GOIABA 2L - COM AÇUCAR"", ""Quantidade"": 9.0, ""ValorUnitario"": 16.84, ""ValorFrete"": 2.3, ""DescontoUnitario"": 0.0, ""ValorTotal"": 151.56, ""PesoKG"": 0.0, ""Comprimento"": 0.0, ""Altura"": 0.0, ""Largura"": 0.0, ""FreteGratis"": false, ""ValorUnitarioFrete"": 9.0, ""PrazoEntregaFrete"": 0, ""ComissaoVendedor"": 0.0, ""Seguro"": 0.0, ""Composicoes"": [], ""Atributos"": null, ""ProductGroupId"": 1, ""Categoria"": ""COM AÇUCAR"", ""CategoriaID"": ""6344371e5b452fbeceeea9ec""}, {""Codigo"": ""0207"", ""Unidade"": ""UN"", ""Descricao"": ""0207 - SUCO DE GOIABA 1L - COM AÇUCAR"", ""Quantidade"": 5.0, ""ValorUnitario"": 9.41, ""ValorFrete"": 0.72, ""DescontoUnitario"": 0.0, ""ValorTotal"": 47.05, ""PesoKG"": 0.0, ""Comprimento"": 0.0, ""Altura"": 0.0, ""Largura"": 0.0, ""FreteGratis"": false, ""ValorUnitarioFrete"": 5.0, ""PrazoEntregaFrete"": 0, ""ComissaoVendedor"": 0.0, ""Seguro"": 0.0, ""Composicoes"": [], ""Atributos"": null, ""ProductGroupId"": 1, ""Categoria"": ""COM AÇUCAR"", ""CategoriaID"": ""6344371e5b452fbeceeea9ec""}, {""Codigo"": ""0211"", ""Unidade"": ""UN"", ""Descricao"": ""0211 - SUCO DE MARACUJA 1L - COM AÇUCAR"", ""Quantidade"": 8.0, ""ValorUnitario"": 12.12, ""ValorFrete"": 1.47, ""DescontoUnitario"": 0.0, ""ValorTotal"": 96.96, ""PesoKG"": 0.0, ""Comprimento"": 0.0, ""Altura"": 0.0, ""Largura"": 0.0, ""FreteGratis"": false, ""ValorUnitarioFrete"": 8.0, ""PrazoEntregaFrete"": 0, ""ComissaoVendedor"": 0.0, ""Seguro"": 0.0, ""Composicoes"": [], ""Atributos"": null, ""ProductGroupId"": 1, ""Categoria"": ""COM AÇUCAR"", ""CategoriaID"": ""6344371e5b452fbeceeea9ec""}, {""Codigo"": ""0249"", ""Unidade"": ""UN"", ""Descricao"": ""0249 - SUCO DE GOIABA 5L - COM AÇUCAR"", ""Quantidade"": 2.0, ""ValorUnitario"": 40.08, ""ValorFrete"": 1.22, ""DescontoUnitario"": 0.0, ""ValorTotal"": 80.16, ""PesoKG"": 0.0, ""Comprimento"": 0.0, ""Altura"": 0.0, ""Largura"": 0.0, ""FreteGratis"": false, ""ValorUnitarioFrete"": 2.0, ""PrazoEntregaFrete"": 0, ""ComissaoVendedor"": 0.0, ""Seguro"": 0.0, ""Composicoes"": [], ""Atributos"": null, ""ProductGroupId"": 1, ""Categoria"": ""COM AÇUCAR"", ""CategoriaID"": ""6344371e5b452fbeceeea9ec""}, {""Codigo"": ""0251"", ""Unidade"": ""UN"", ""Descricao"": ""0251 - SUCO DE LARANJA 5L - COM AÇUCAR"", ""Quantidade"": 1.0, ""ValorUnitario"": 45.5, ""ValorFrete"": 0.69, ""DescontoUnitario"": 0.0, ""ValorTotal"": 45.5, ""PesoKG"": 0.0, ""Comprimento"": 0.0, ""Altura"": 0.0, ""Largura"": 0.0, ""FreteGratis"": false, ""ValorUnitarioFrete"": 1.0, ""PrazoEntregaFrete"": 0, ""ComissaoVendedor"": 0.0, ""Seguro"": 0.0, ""Composicoes"": [], ""Atributos"": null, ""ProductGroupId"": 1, ""Categoria"": ""COM AÇUCAR"", ""CategoriaID"": ""6344371e5b452fbeceeea9ec""}, {""Codigo"": ""0203"", ""Unidade"": ""UN"", ""Descricao"": ""0203 - SUCO DE BACURI 1L - COM AÇUCAR"", ""Quantidade"": 1.0, ""ValorUnitario"": 12.0, ""ValorFrete"": 0.18, ""DescontoUnitario"": 0.0, ""ValorTotal"": 12.0, ""PesoKG"": 0.0, ""Comprimento"": 0.0, ""Altura"": 0.0, ""Largura"": 0.0, ""FreteGratis"": false, ""ValorUnitarioFrete"": 1.0, ""PrazoEntregaFrete"": 0, ""ComissaoVendedor"": 0.0, ""Seguro"": 0.0, ""Composicoes"": [], ""Atributos"": null, ""ProductGroupId"": 1, ""Categoria"": ""COM AÇUCAR"", ""CategoriaID"": ""6344371e5b452fbeceeea9ec""}, {""Codigo"": ""0226"", ""Unidade"": ""UN"", ""Descricao"": ""0226 - SUCO DE TAMARINDO 2L - COM AÇUCAR"", ""Quantidade"": 1.0, ""ValorUnitario"": 16.79, ""ValorFrete"": 0.26, ""DescontoUnitario"": 0.0, ""ValorTotal"": 16.79, ""PesoKG"": 0.0, ""Comprimento"": 0.0, ""Altura"": 0.0, ""Largura"": 0.0, ""FreteGratis"": false, ""ValorUnitarioFrete"": 1.0, ""PrazoEntregaFrete"": 0, ""ComissaoVendedor"": 0.0, ""Seguro"": 0.0, ""Composicoes"": [], ""Atributos"": null, ""ProductGroupId"": 1, ""Categoria"": ""COM AÇUCAR"", ""CategoriaID"": ""6344371e5b452fbeceeea9ec""}, {""Codigo"": ""0216"", ""Unidade"": ""UN"", ""Descricao"": ""0216 - SUCO DE ACEROLA 2L - COM AÇUCAR"", ""Quantidade"": 5.0, ""ValorUnitario"": 21.36, ""ValorFrete"": 1.62, ""DescontoUnitario"": 0.0, ""ValorTotal"": 106.8, ""PesoKG"": 0.0, ""Comprimento"": 0.0, ""Altura"": 0.0, ""Largura"": 0.0, ""FreteGratis"": false, ""ValorUnitarioFrete"": 5.0, ""PrazoEntregaFrete"": 0, ""ComissaoVendedor"": 0.0, ""Seguro"": 0.0, ""Composicoes"": [], ""Atributos"": null, ""ProductGroupId"": 1, ""Categoria"": ""COM AÇUCAR"", ""CategoriaID"": ""6344371e5b452fbeceeea9ec""}, {""Codigo"": ""0218"", ""Unidade"": ""UN"", ""Descricao"": ""0218 - SUCO DE CAJA 2L - COM AÇUCAR"", ""Quantidade"": 1.0, ""ValorUnitario"": 21.5, ""ValorFrete"": 0.33, ""DescontoUnitario"": 0.0, ""ValorTotal"": 21.5, ""PesoKG"": 0.0, ""Comprimento"": 0.0, ""Altura"": 0.0, ""Largura"": 0.0, ""FreteGratis"": false, ""ValorUnitarioFrete"": 1.0, ""PrazoEntregaFrete"": 0, ""ComissaoVendedor"": 0.0, ""Seguro"": 0.0, ""Composicoes"": [], ""Atributos"": null, ""ProductGroupId"": 1, ""Categoria"": ""COM AÇUCAR"", ""CategoriaID"": ""6344371e5b452fbeceeea9ec""}, {""Codigo"": ""0202"", ""Unidade"": ""UN"", ""Descricao"": ""0202 - SUCO DE ACEROLA 1L - COM AÇUCAR"", ""Quantidade"": 4.0, ""ValorUnitario"": 12.24, ""ValorFrete"": 0.74, ""DescontoUnitario"": 0.0, ""ValorTotal"": 48.96, ""PesoKG"": 0.0, ""Comprimento"": 0.0, ""Altura"": 0.0, ""Largura"": 0.0, ""FreteGratis"": false, ""ValorUnitarioFrete"": 4.0, ""PrazoEntregaFrete"": 0, ""ComissaoVendedor"": 0.0, ""Seguro"": 0.0, ""Composicoes"": [], ""Atributos"": null, ""ProductGroupId"": 1, ""Categoria"": ""COM AÇUCAR"", ""CategoriaID"": ""6344371e5b452fbeceeea9ec""}]";;2026-10-01T10:08:00-03:00;"[{""FormaPagamento"": ""Dinheiro"", ""DescricaoPagamento"": null, ""ValorPagamento"": 1335.94, ""BandeiraCartao"": null, ""NumeroTerminal"": null, ""DataTransacao"": ""2026-10-03T03:00:00Z"", ""CredenciadoraCartao"": null, ""CredenciadoraCNPJ"": null, ""CV_NSU"": null, ""TipoIntegracao"": null, ""CondicaoPagamento"": 0, ""Parcelas"": 0, ""PeriodoParcelas"": 0, ""Adiantamento"": 0.0, ""Quitar"": null}]";;0.0;;2026-10-01T11:17:01.35-03:00;;;;;;2026-10-01T11:16:37.053-03:00;GRUPO_BARRA;GRUPO_BARRA_CASA DE SUCO - BARRA DO CORDA_6abe5cac665b4ec7798936e5
6abe3b05de3d6305f93a8486;;99704967;Venda Direta;65f1ef07ee68912546e82f33;TAB FABRICA BDC;6a1f7bb23749dddeca12f537;ESTOQUE FABRICA BDC;Pedido Faturado;;Pedido;2026-10-01T00:00:00-03:00;CASA DE SUCO - BARRA DO CORDA;65f1eea0050d165884add5cc;69a5c7fdbe71ea6f7a2bbe79;EMPÓRIO MIX;69a5c7fdbe71ea6f7a2bbe79;65069045000168;vitoriacisirnando@hotmail.com;Venda ext bdc;b37b3592-9adf-4620-adb5-63db41695826;VENDAS B2B;Dinheiro;5b648d1c3498afae6d5bfd89;0;0;;PAC;2026-10-01T07:44:00-03:00;0001-01-01T00:00:00-02:00;0001-01-01T00:00:00-02:00;False;20.0;True;;False;0.0;;0.0;;1811.83;True;True;Barra do Corda;2101608;Brasil;65950000;MA;21;INCRA;;;AO LADO DO POSTO CANADÁ;"[{""Id"": 1, ""Nome"": ""Grupo de Produtos Padrão - 01""}]";"[{""Codigo"": ""0234"", ""Unidade"": ""UN"", ""Descricao"": ""0234 - SUCO DE CUPUAÇU 300ML - COM AÇUCAR"", ""Quantidade"": 2.0, ""ValorUnitario"": 3.6, ""ValorFrete"": 0.08, ""DescontoUnitario"": 0.0, ""ValorTotal"": 7.2, ""PesoKG"": 0.0, ""Comprimento"": 0.0, ""Altura"": 0.0, ""Largura"": 0.0, ""FreteGratis"": false, ""ValorUnitarioFrete"": 2.0, ""PrazoEntregaFrete"": 0, ""ComissaoVendedor"": 0.0, ""Seguro"": 0.0, ""Composicoes"": [], ""Atributos"": null, ""ProductGroupId"": 1, ""Categoria"": ""COM AÇUCAR"", ""CategoriaID"": ""6344371e5b452fbeceeea9ec""}, {""Codigo"": ""0202"", ""Unidade"": ""UN"", ""Descricao"": ""0202 - SUCO DE ACEROLA 1L - COM AÇUCAR"", ""Quantidade"": 4.0, ""ValorUnitario"": 12.24, ""ValorFrete"": 0.55, ""DescontoUnitario"": 0.0, ""ValorTotal"": 48.96, ""PesoKG"": 0.0, ""Comprimento"": 0.0, ""Altura"": 0.0, ""Largura"": 0.0, ""FreteGratis"": false, ""ValorUnitarioFrete"": 4.0, ""PrazoEntregaFrete"": 0, ""ComissaoVendedor"": 0.0, ""Seguro"": 0.0, ""Composicoes"": [], ""Atributos"": null, ""ProductGroupId"": 1, ""Categoria"": ""COM AÇUCAR"", ""CategoriaID"": ""6344371e5b452fbeceeea9ec""}, {""Codigo"": ""0243"", ""Unidade"": ""UN"", ""Descricao"": ""0243 - SUCO DE ACEROLA 5L - COM AÇUCAR"", ""Quantidade"": 1.0, ""ValorUnitario"": 55.21, ""ValorFrete"": 0.62, ""DescontoUnitario"": 0.0, ""ValorTotal"": 55.21, ""PesoKG"": 0.0, ""Comprimento"": 0.0, ""Altura"": 0.0, ""Largura"": 0.0, ""FreteGratis"": false, ""ValorUnitarioFrete"": 1.0, ""PrazoEntregaFrete"": 0, ""ComissaoVendedor"": 0.0, ""Seguro"": 0.0, ""Composicoes"": [], ""Atributos"": null, ""ProductGroupId"": 1, ""Categoria"": ""COM AÇUCAR"", ""CategoriaID"": ""6344371e5b452fbeceeea9ec""}, {""Codigo"": ""0235"", ""Unidade"": ""UN"", ""Descricao"": ""0235 - SUCO DE GRAVIOLA 300ML - COM AÇUCAR"", ""Quantidade"": 2.0, ""ValorUnitario"": 4.25, ""ValorFrete"": 0.09, ""DescontoUnitario"": 0.0, ""ValorTotal"": 8.5, ""PesoKG"": 0.0, ""Comprimento"": 0.0, ""Altura"": 0.0, ""Largura"": 0.0, ""FreteGratis"": false, ""ValorUnitarioFrete"": 2.0, ""PrazoEntregaFrete"": 0, ""ComissaoVendedor"": 0.0, ""Seguro"": 0.0, ""Composicoes"": [], ""Atributos"": null, ""ProductGroupId"": 1, ""Categoria"": """", ""CategoriaID"": """"}, {""Codigo"": ""0232"", ""Unidade"": ""UN"", ""Descricao"": ""0232 - SUCO DE CAJU 300ML - COM AÇUCAR"", ""Quantidade"": 3.0, ""ValorUnitario"": 4.55, ""ValorFrete"": 0.15, ""DescontoUnitario"": 0.0, ""ValorTotal"": 13.65, ""PesoKG"": 0.0, ""Comprimento"": 0.0, ""Altura"": 0.0, ""Largura"": 0.0, ""FreteGratis"": false, ""ValorUnitarioFrete"": 3.0, ""PrazoEntregaFrete"": 0, ""ComissaoVendedor"": 0.0, ""Seguro"": 0.0, ""Composicoes"": [], ""Atributos"": null, ""ProductGroupId"": 1, ""Categoria"": ""COM AÇUCAR"", ""CategoriaID"": ""6344371e5b452fbeceeea9ec""}, {""Codigo"": ""0205"", ""Unidade"": ""UN"", ""Descricao"": ""0205 - SUCO DE CAJU 1L - COM AÇUCAR"", ""Quantidade"": 3.0, ""ValorUnitario"": 11.63, ""ValorFrete"": 0.39, ""DescontoUnitario"": 0.0, ""ValorTotal"": 34.89, ""PesoKG"": 0.0, ""Comprimento"": 0.0, ""Altura"": 0.0, ""Largura"": 0.0, ""FreteGratis"": false, ""ValorUnitarioFrete"": 3.0, ""PrazoEntregaFrete"": 0, ""ComissaoVendedor"": 0.0, ""Seguro"": 0.0, ""Composicoes"": [], ""Atributos"": null, ""ProductGroupId"": 1, ""Categoria"": ""COM AÇUCAR"", ""CategoriaID"": ""6344371e5b452fbeceeea9ec""}, {""Codigo"": ""0231"", ""Unidade"": ""UN"", ""Descricao"": ""0231 - SUCO DE CAJA 300ML - COM AÇUCAR"", ""Quantidade"": 3.0, ""ValorUnitario"": 4.55, ""ValorFrete"": 0.15, ""DescontoUnitario"": 0.0, ""ValorTotal"": 13.65, ""PesoKG"": 0.0, ""Comprimento"": 0.0, ""Altura"": 0.0, ""Largura"": 0.0, ""FreteGratis"": false, ""ValorUnitarioFrete"": 3.0, ""PrazoEntregaFrete"": 0, ""ComissaoVendedor"": 0.0, ""Seguro"": 0.0, ""Composicoes"": [], ""Atributos"": null, ""ProductGroupId"": 1, ""Categoria"": ""COM AÇUCAR"", ""CategoriaID"": ""6344371e5b452fbeceeea9ec""}, {""Codigo"": ""0204"", ""Unidade"": ""UN"", ""Descricao"": ""0204 - SUCO DE CAJA 1L - COM AÇUCAR"", ""Quantidade"": 2.0, ""ValorUnitario"": 11.25, ""ValorFrete"": 0.25, ""DescontoUnitario"": 0.0, ""ValorTotal"": 22.5, ""PesoKG"": 0.0, ""Comprimento"": 0.0, ""Altura"": 0.0, ""Largura"": 0.0, ""FreteGratis"": false, ""ValorUnitarioFrete"": 2.0, ""PrazoEntregaFrete"": 0, ""ComissaoVendedor"": 0.0, ""Seguro"": 0.0, ""Composicoes"": [], ""Atributos"": null, ""ProductGroupId"": 1, ""Categoria"": ""COM AÇUCAR"", ""CategoriaID"": ""6344371e5b452fbeceeea9ec""}, {""Codigo"": ""0236"", ""Unidade"": ""UN"", ""Descricao"": ""0236 - SUCO DE LARANJA 300ML - COM AÇUCAR"", ""Quantidade"": 4.0, ""ValorUnitario"": 3.5, ""ValorFrete"": 0.16, ""DescontoUnitario"": 0.0, ""ValorTotal"": 14.0, ""PesoKG"": 0.0, ""Comprimento"": 0.0, ""Altura"": 0.0, ""Largura"": 0.0, ""FreteGratis"": false, ""ValorUnitarioFrete"": 4.0, ""PrazoEntregaFrete"": 0, ""ComissaoVendedor"": 0.0, ""Seguro"": 0.0, ""Composicoes"": [], ""Atributos"": null, ""ProductGroupId"": 1, ""Categoria"": ""COM AÇUCAR"", ""CategoriaID"": ""6344371e5b452fbeceeea9ec""}, {""Codigo"": ""0233"", ""Unidade"": ""UN"", ""Descricao"": ""0233 - SUCO DE GOIABA 300ML - COM AÇUCAR"", ""Quantidade"": 4.0, ""ValorUnitario"": 3.12, ""ValorFrete"": 0.14, ""DescontoUnitario"": 0.0, ""ValorTotal"": 12.48, ""PesoKG"": 0.0, ""Comprimento"": 0.0, ""Altura"": 0.0, ""Largura"": 0.0, ""FreteGratis"": false, ""ValorUnitarioFrete"": 4.0, ""PrazoEntregaFrete"": 0, ""ComissaoVendedor"": 0.0, ""Seguro"": 0.0, ""Composicoes"": [], ""Atributos"": null, ""ProductGroupId"": 1, ""Categoria"": ""COM AÇUCAR"", ""CategoriaID"": ""6344371e5b452fbeceeea9ec""}, {""Codigo"": ""0237"", ""Unidade"": ""UN"", ""Descricao"": ""0237 - SUCO DE MARACUJA 300ML - COM AÇUCAR"", ""Quantidade"": 4.0, ""ValorUnitario"": 5.13, ""ValorFrete"": 0.23, ""DescontoUnitario"": 0.0, ""ValorTotal"": 20.52, ""PesoKG"": 0.0, ""Comprimento"": 0.0, ""Altura"": 0.0, ""Largura"": 0.0, ""FreteGratis"": false, ""ValorUnitarioFrete"": 4.0, ""PrazoEntregaFrete"": 0, ""ComissaoVendedor"": 0.0, ""Seguro"": 0.0, ""Composicoes"": [], ""Atributos"": null, ""ProductGroupId"": 1, ""Categoria"": ""COM AÇUCAR"", ""CategoriaID"": ""6344371e5b452fbeceeea9ec""}, {""Codigo"": ""0224"", ""Unidade"": ""UN"", ""Descricao"": ""0224 - SUCO DE LARANJA 2L - COM AÇUCAR"", ""Quantidade"": 12.0, ""ValorUnitario"": 18.5, ""ValorFrete"": 2.48, ""DescontoUnitario"": 0.0, ""ValorTotal"": 222.0, ""PesoKG"": 0.0, ""Comprimento"": 0.0, ""Altura"": 0.0, ""Largura"": 0.0, ""FreteGratis"": false, ""ValorUnitarioFrete"": 12.0, ""PrazoEntregaFrete"": 0, ""ComissaoVendedor"": 0.0, ""Seguro"": 0.0, ""Composicoes"": [], ""Atributos"": null, ""ProductGroupId"": 1, ""Categoria"": ""COM AÇUCAR"", ""CategoriaID"": ""6344371e5b452fbeceeea9ec""}, {""Codigo"": ""0209"", ""Unidade"": ""UN"", ""Descricao"": ""0209 - SUCO DE LARANJA 1L - COM AÇUCAR"", ""Quantidade"": 12.0, ""ValorUnitario"": 10.0, ""ValorFrete"": 1.34, ""DescontoUnitario"": 0.0, ""ValorTotal"": 120.0, ""PesoKG"": 0.0, ""Comprimento"": 0.0, ""Altura"": 0.0, ""Largura"": 0.0, ""FreteGratis"": false, ""ValorUnitarioFrete"": 12.0, ""PrazoEntregaFrete"": 0, ""ComissaoVendedor"": 0.0, ""Seguro"": 0.0, ""Composicoes"": [], ""Atributos"": null, ""ProductGroupId"": 1, ""Categoria"": ""COM AÇUCAR"", ""CategoriaID"": ""6344371e5b452fbeceeea9ec""}, {""Codigo"": ""0211"", ""Unidade"": ""UN"", ""Descricao"": ""0211 - SUCO DE MARACUJA 1L - COM AÇUCAR"", ""Quantidade"": 12.0, ""ValorUnitario"": 12.12, ""ValorFrete"": 1.62, ""DescontoUnitario"": 0.0, ""ValorTotal"": 145.44, ""PesoKG"": 0.0, ""Comprimento"": 0.0, ""Altura"": 0.0, ""Largura"": 0.0, ""FreteGratis"": false, ""ValorUnitarioFrete"": 12.0, ""PrazoEntregaFrete"": 0, ""ComissaoVendedor"": 0.0, ""Seguro"": 0.0, ""Composicoes"": [], ""Atributos"": null, ""ProductGroupId"": 1, ""Categoria"": ""COM AÇUCAR"", ""CategoriaID"": ""6344371e5b452fbeceeea9ec""}, {""Codigo"": ""0225"", ""Unidade"": ""UN"", ""Descricao"": ""0225 - SUCO DE MARACUJA 2L - COM AÇUCAR"", ""Quantidade"": 12.0, ""ValorUnitario"": 23.01, ""ValorFrete"": 3.08, ""DescontoUnitario"": 0.0, ""ValorTotal"": 276.12, ""PesoKG"": 0.0, ""Comprimento"": 0.0, ""Altura"": 0.0, ""Largura"": 0.0, ""FreteGratis"": false, ""ValorUnitarioFrete"": 12.0, ""PrazoEntregaFrete"": 0, ""ComissaoVendedor"": 0.0, ""Seguro"": 0.0, ""Composicoes"": [], ""Atributos"": null, ""ProductGroupId"": 1, ""Categoria"": ""COM AÇUCAR"", ""CategoriaID"": ""6344371e5b452fbeceeea9ec""}, {""Codigo"": ""0213"", ""Unidade"": ""UN"", ""Descricao"": ""0213 - SUCO DE TAMARINDO 1L - COM AÇUCAR"", ""Quantidade"": 1.0, ""ValorUnitario"": 9.13, ""ValorFrete"": 0.1, ""DescontoUnitario"": 0.0, ""ValorTotal"": 9.13, ""PesoKG"": 0.0, ""Comprimento"": 0.0, ""Altura"": 0.0, ""Largura"": 0.0, ""FreteGratis"": false, ""ValorUnitarioFrete"": 1.0, ""PrazoEntregaFrete"": 0, ""ComissaoVendedor"": 0.0, ""Seguro"": 0.0, ""Composicoes"": [], ""Atributos"": null, ""ProductGroupId"": 1, ""Categoria"": ""COM AÇUCAR"", ""CategoriaID"": ""6344371e5b452fbeceeea9ec""}, {""Codigo"": ""0220"", ""Unidade"": ""UN"", ""Descricao"": ""0220 - SUCO DE CUPUAÇU 2L - COM AÇUCAR"", ""Quantidade"": 1.0, ""ValorUnitario"": 17.5, ""ValorFrete"": 0.2, ""DescontoUnitario"": 0.0, ""ValorTotal"": 17.5, ""PesoKG"": 0.0, ""Comprimento"": 0.0, ""Altura"": 0.0, ""Largura"": 0.0, ""FreteGratis"": false, ""ValorUnitarioFrete"": 1.0, ""PrazoEntregaFrete"": 0, ""ComissaoVendedor"": 0.0, ""Seguro"": 0.0, ""Composicoes"": [], ""Atributos"": null, ""ProductGroupId"": 1, ""Categoria"": ""COM AÇUCAR"", ""CategoriaID"": ""6344371e5b452fbeceeea9ec""}, {""Codigo"": ""0223"", ""Unidade"": ""UN"", ""Descricao"": ""0223 - SUCO DE GRAVIOLA 2L - COM AÇUCAR"", ""Quantidade"": 1.0, ""ValorUnitario"": 23.5, ""ValorFrete"": 0.26, ""DescontoUnitario"": 0.0, ""ValorTotal"": 23.5, ""PesoKG"": 0.0, ""Comprimento"": 0.0, ""Altura"": 0.0, ""Largura"": 0.0, ""FreteGratis"": false, ""ValorUnitarioFrete"": 1.0, ""PrazoEntregaFrete"": 0, ""ComissaoVendedor"": 0.0, ""Seguro"": 0.0, ""Composicoes"": [], ""Atributos"": null, ""ProductGroupId"": 1, ""Categoria"": """", ""CategoriaID"": """"}, {""Codigo"": ""0222"", ""Unidade"": ""UN"", ""Descricao"": ""0222 - SUCO DE GOIABA 2L - COM AÇUCAR"", ""Quantidade"": 6.0, ""ValorUnitario"": 16.84, ""ValorFrete"": 1.13, ""DescontoUnitario"": 0.0, ""ValorTotal"": 101.04, ""PesoKG"": 0.0, ""Comprimento"": 0.0, ""Altura"": 0.0, ""Largura"": 0.0, ""FreteGratis"": false, ""ValorUnitarioFrete"": 6.0, ""PrazoEntregaFrete"": 0, ""ComissaoVendedor"": 0.0, ""Seguro"": 0.0, ""Composicoes"": [], ""Atributos"": null, ""ProductGroupId"": 1, ""Categoria"": ""COM AÇUCAR"", ""CategoriaID"": ""6344371e5b452fbeceeea9ec""}, {""Codigo"": ""0249"", ""Unidade"": ""UN"", ""Descricao"": ""0249 - SUCO DE GOIABA 5L - COM AÇUCAR"", ""Quantidade"": 2.0, ""ValorUnitario"": 40.08, ""ValorFrete"": 0.89, ""DescontoUnitario"": 0.0, ""ValorTotal"": 80.16, ""PesoKG"": 0.0, ""Comprimento"": 0.0, ""Altura"": 0.0, ""Largura"": 0.0, ""FreteGratis"": false, ""ValorUnitarioFrete"": 2.0, ""PrazoEntregaFrete"": 0, ""ComissaoVendedor"": 0.0, ""Seguro"": 0.0, ""Composicoes"": [], ""Atributos"": null, ""ProductGroupId"": 1, ""Categoria"": ""COM AÇUCAR"", ""CategoriaID"": ""6344371e5b452fbeceeea9ec""}, {""Codigo"": ""0229"", ""Unidade"": ""UN"", ""Descricao"": ""0229 - SUCO DE ACEROLA 300ML - COM AÇUCAR"", ""Quantidade"": 4.0, ""ValorUnitario"": 4.38, ""ValorFrete"": 0.2, ""DescontoUnitario"": 0.0, ""ValorTotal"": 17.52, ""PesoKG"": 0.0, ""Comprimento"": 0.0, ""Altura"": 0.0, ""Largura"": 0.0, ""FreteGratis"": false, ""ValorUnitarioFrete"": 4.0, ""PrazoEntregaFrete"": 0, ""ComissaoVendedor"": 0.0, ""Seguro"": 0.0, ""Composicoes"": [], ""Atributos"": null, ""ProductGroupId"": 1, ""Categoria"": ""COM AÇUCAR"", ""CategoriaID"": ""6344371e5b452fbeceeea9ec""}, {""Codigo"": ""0324"", ""Unidade"": ""UN"", ""Descricao"": ""0324 - SUCO DE LARANJA 2L - SEM AÇUCAR"", ""Quantidade"": 2.0, ""ValorUnitario"": 18.5, ""ValorFrete"": 0.41, ""DescontoUnitario"": 0.0, ""ValorTotal"": 37.0, ""PesoKG"": 0.0, ""Comprimento"": 0.0, ""Altura"": 0.0, ""Largura"": 0.0, ""FreteGratis"": false, ""ValorUnitarioFrete"": 2.0, ""PrazoEntregaFrete"": 0, ""ComissaoVendedor"": 0.0, ""Seguro"": 0.0, ""Composicoes"": [], ""Atributos"": null, ""ProductGroupId"": 1, ""Categoria"": ""SEM AÇUCAR"", ""CategoriaID"": ""6525b5fade6325a32c55386b""}, {""Codigo"": ""0216"", ""Unidade"": ""UN"", ""Descricao"": ""0216 - SUCO DE ACEROLA 2L - COM AÇUCAR"", ""Quantidade"": 8.0, ""ValorUnitario"": 21.36, ""ValorFrete"": 1.91, ""DescontoUnitario"": 0.0, ""ValorTotal"": 170.88, ""PesoKG"": 0.0, ""Comprimento"": 0.0, ""Altura"": 0.0, ""Largura"": 0.0, ""FreteGratis"": false, ""ValorUnitarioFrete"": 8.0, ""PrazoEntregaFrete"": 0, ""ComissaoVendedor"": 0.0, ""Seguro"": 0.0, ""Composicoes"": [], ""Atributos"": null, ""ProductGroupId"": 1, ""Categoria"": ""COM AÇUCAR"", ""CategoriaID"": ""6344371e5b452fbeceeea9ec""}, {""Codigo"": ""0208"", ""Unidade"": ""UN"", ""Descricao"": ""0208 - SUCO DE GRAVIOLA 1L - COM AÇUCAR"", ""Quantidade"": 1.0, ""ValorUnitario"": 12.5, ""ValorFrete"": 0.14, ""DescontoUnitario"": 0.0, ""ValorTotal"": 12.5, ""PesoKG"": 0.0, ""Comprimento"": 0.0, ""Altura"": 0.0, ""Largura"": 0.0, ""FreteGratis"": false, ""ValorUnitarioFrete"": 1.0, ""PrazoEntregaFrete"": 0, ""ComissaoVendedor"": 0.0, ""Seguro"": 0.0, ""Composicoes"": [], ""Atributos"": null, ""ProductGroupId"": 1, ""Categoria"": """", ""CategoriaID"": """"}, {""Codigo"": ""0309"", ""Unidade"": ""UN"", ""Descricao"": ""0309 - SUCO DE LARANJA 1L - SEM AÇUCAR"", ""Quantidade"": 2.0, ""ValorUnitario"": 10.0, ""ValorFrete"": 0.22, ""DescontoUnitario"": 0.0, ""ValorTotal"": 20.0, ""PesoKG"": 0.0, ""Comprimento"": 0.0, ""Altura"": 0.0, ""Largura"": 0.0, ""FreteGratis"": false, ""ValorUnitarioFrete"": 2.0, ""PrazoEntregaFrete"": 0, ""ComissaoVendedor"": 0.0, ""Seguro"": 0.0, ""Composicoes"": [], ""Atributos"": null, ""ProductGroupId"": 1, ""Categoria"": ""SEM AÇUCAR"", ""CategoriaID"": ""6525b5fade6325a32c55386b""}, {""Codigo"": ""0207"", ""Unidade"": ""UN"", ""Descricao"": ""0207 - SUCO DE GOIABA 1L - COM AÇUCAR"", ""Quantidade"": 6.0, ""ValorUnitario"": 9.41, ""ValorFrete"": 0.63, ""DescontoUnitario"": 0.0, ""ValorTotal"": 56.46, ""PesoKG"": 0.0, ""Comprimento"": 0.0, ""Altura"": 0.0, ""Largura"": 0.0, ""FreteGratis"": false, ""ValorUnitarioFrete"": 6.0, ""PrazoEntregaFrete"": 0, ""ComissaoVendedor"": 0.0, ""Seguro"": 0.0, ""Composicoes"": [], ""Atributos"": null, ""ProductGroupId"": 1, ""Categoria"": ""COM AÇUCAR"", ""CategoriaID"": ""6344371e5b452fbeceeea9ec""}, {""Codigo"": ""0252"", ""Unidade"": ""UN"", ""Descricao"": ""0252 - SUCO DE MARACUJA 5L - COM AÇUCAR"", ""Quantidade"": 2.0, ""ValorUnitario"": 71.26, ""ValorFrete"": 1.59, ""DescontoUnitario"": 0.0, ""ValorTotal"": 142.52, ""PesoKG"": 0.0, ""Comprimento"": 0.0, ""Altura"": 0.0, ""Largura"": 0.0, ""FreteGratis"": false, ""ValorUnitarioFrete"": 2.0, ""PrazoEntregaFrete"": 0, ""ComissaoVendedor"": 0.0, ""Seguro"": 0.0, ""Composicoes"": [], ""Atributos"": null, ""ProductGroupId"": 1, ""Categoria"": ""COM AÇUCAR"", ""CategoriaID"": ""6344371e5b452fbeceeea9ec""}, {""Codigo"": ""0218"", ""Unidade"": ""UN"", ""Descricao"": ""0218 - SUCO DE CAJA 2L - COM AÇUCAR"", ""Quantidade"": 2.0, ""ValorUnitario"": 21.5, ""ValorFrete"": 0.48, ""DescontoUnitario"": 0.0, ""ValorTotal"": 43.0, ""PesoKG"": 0.0, ""Comprimento"": 0.0, ""Altura"": 0.0, ""Largura"": 0.0, ""FreteGratis"": false, ""ValorUnitarioFrete"": 2.0, ""PrazoEntregaFrete"": 0, ""ComissaoVendedor"": 0.0, ""Seguro"": 0.0, ""Composicoes"": [], ""Atributos"": null, ""ProductGroupId"": 1, ""Categoria"": ""COM AÇUCAR"", ""CategoriaID"": ""6344371e5b452fbeceeea9ec""}, {""Codigo"": ""0251"", ""Unidade"": ""UN"", ""Descricao"": ""0251 - SUCO DE LARANJA 5L - COM AÇUCAR"", ""Quantidade"": 1.0, ""ValorUnitario"": 45.5, ""ValorFrete"": 0.51, ""DescontoUnitario"": 0.0, ""ValorTotal"": 45.5, ""PesoKG"": 0.0, ""Comprimento"": 0.0, ""Altura"": 0.0, ""Largura"": 0.0, ""FreteGratis"": false, ""ValorUnitarioFrete"": 1.0, ""PrazoEntregaFrete"": 0, ""ComissaoVendedor"": 0.0, ""Seguro"": 0.0, ""Composicoes"": [], ""Atributos"": null, ""ProductGroupId"": 1, ""Categoria"": ""COM AÇUCAR"", ""CategoriaID"": ""6344371e5b452fbeceeea9ec""}]";;2026-10-01T07:44:00-03:00;"[{""FormaPagamento"": ""Dinheiro"", ""DescricaoPagamento"": null, ""ValorPagamento"": 1811.83, ""BandeiraCartao"": null, ""NumeroTerminal"": null, ""DataTransacao"": ""2026-10-03T03:00:00Z"", ""CredenciadoraCartao"": null, ""CredenciadoraCNPJ"": null, ""CV_NSU"": null, ""TipoIntegracao"": null, ""CondicaoPagamento"": 0, ""Parcelas"": 0, ""PeriodoParcelas"": 0, ""Adiantamento"": 0.0, ""Quitar"": null}]";;0.0;;2026-10-01T11:17:45.775-03:00;;;;;;2026-10-01T11:17:32.842-03:00;GRUPO_BARRA;GRUPO_BARRA_CASA DE SUCO - BARRA DO CORDA_6abe3b05de3d6305f93a8486
6abe410aa93bcdf35ada1d79;;99704982;Venda Direta;65f1ef07ee68912546e82f33;TAB FOOD BDC;65f1f089ee68912546e835a7;ESTOQUE FABRICA BDC;Pedido Faturado;;Pedido;2026-10-01T00:00:00-03:00;CASA DE SUCO - BARRA DO CORDA;65f1eea0050d165884add5cc;6887a03c106f4e15c730b56c;PANIFICADORA KIPAO;6887a03c106f4e15c730b56c;02577005369;;Venda EXT BDC;5680e16a-d0a3-4781-9eae-790914885c50;VENDAS B2B;Dinheiro;5b648d1c3498afae6d5bfd89;0;0;;PAC;2026-10-01T08:15:00-03:00;0001-01-01T00:00:00-02:00;0001-01-01T00:00:00-02:00;False;0.0;False;;False;0.0;;0.0;;41.6;True;True;Barra do Corda;2101608;Brasil;65950000;MA;21;ALTAMIRA;RUA POR TRÁS DA ESCOLA CAIC;;EM FRENTE AO POINT DO SPETO;"[{""Id"": 1, ""Nome"": ""Grupo de Produtos Padrão - 01""}]";"[{""Codigo"": ""0236"", ""Unidade"": ""UN"", ""Descricao"": ""0236 - SUCO DE LARANJA 300ML - COM AÇUCAR"", ""Quantidade"": 2.0, ""ValorUnitario"": 4.0, ""ValorFrete"": 0.0, ""DescontoUnitario"": 0.0, ""ValorTotal"": 8.0, ""PesoKG"": 0.0, ""Comprimento"": 0.0, ""Altura"": 0.0, ""Largura"": 0.0, ""FreteGratis"": false, ""ValorUnitarioFrete"": 1.0, ""PrazoEntregaFrete"": 0, ""ComissaoVendedor"": 0.0, ""Seguro"": 0.0, ""Composicoes"": [], ""Atributos"": null, ""ProductGroupId"": 1, ""Categoria"": ""COM AÇUCAR"", ""CategoriaID"": ""6344371e5b452fbeceeea9ec""}, {""Codigo"": ""0237"", ""Unidade"": ""UN"", ""Descricao"": ""0237 - SUCO DE MARACUJA 300ML - COM AÇUCAR"", ""Quantidade"": 2.0, ""ValorUnitario"": 4.6, ""ValorFrete"": 0.0, ""DescontoUnitario"": 0.0, ""ValorTotal"": 9.2, ""PesoKG"": 0.0, ""Comprimento"": 0.0, ""Altura"": 0.0, ""Largura"": 0.0, ""FreteGratis"": false, ""ValorUnitarioFrete"": 1.0, ""PrazoEntregaFrete"": 0, ""ComissaoVendedor"": 0.0, ""Seguro"": 0.0, ""Composicoes"": [], ""Atributos"": null, ""ProductGroupId"": 1, ""Categoria"": ""COM AÇUCAR"", ""CategoriaID"": ""6344371e5b452fbeceeea9ec""}, {""Codigo"": ""0229"", ""Unidade"": ""UN"", ""Descricao"": ""0229 - SUCO DE ACEROLA 300ML - COM AÇUCAR"", ""Quantidade"": 2.0, ""ValorUnitario"": 4.35, ""ValorFrete"": 0.0, ""DescontoUnitario"": 0.0, ""ValorTotal"": 8.7, ""PesoKG"": 0.0, ""Comprimento"": 0.0, ""Altura"": 0.0, ""Largura"": 0.0, ""FreteGratis"": false, ""ValorUnitarioFrete"": 1.0, ""PrazoEntregaFrete"": 0, ""ComissaoVendedor"": 0.0, ""Seguro"": 0.0, ""Composicoes"": [], ""Atributos"": null, ""ProductGroupId"": 1, ""Categoria"": ""COM AÇUCAR"", ""CategoriaID"": ""6344371e5b452fbeceeea9ec""}, {""Codigo"": ""0231"", ""Unidade"": ""UN"", ""Descricao"": ""0231 - SUCO DE CAJA 300ML - COM AÇUCAR"", ""Quantidade"": 2.0, ""ValorUnitario"": 4.35, ""ValorFrete"": 0.0, ""DescontoUnitario"": 0.0, ""ValorTotal"": 8.7, ""PesoKG"": 0.0, ""Comprimento"": 0.0, ""Altura"": 0.0, ""Largura"": 0.0, ""FreteGratis"": false, ""ValorUnitarioFrete"": 1.0, ""PrazoEntregaFrete"": 0, ""ComissaoVendedor"": 0.0, ""Seguro"": 0.0, ""Composicoes"": [], ""Atributos"": null, ""ProductGroupId"": 1, ""Categoria"": ""COM AÇUCAR"", ""CategoriaID"": ""6344371e5b452fbeceeea9ec""}, {""Codigo"": ""0233"", ""Unidade"": ""UN"", ""Descricao"": ""0233 - SUCO DE GOIABA 300ML - COM AÇUCAR"", ""Quantidade"": 2.0, ""ValorUnitario"": 3.5, ""ValorFrete"": 0.0, ""DescontoUnitario"": 0.0, ""ValorTotal"": 7.0, ""PesoKG"": 0.0, ""Comprimento"": 0.0, ""Altura"": 0.0, ""Largura"": 0.0, ""FreteGratis"": false, ""ValorUnitarioFrete"": 1.0, ""PrazoEntregaFrete"": 0, ""ComissaoVendedor"": 0.0, ""Seguro"": 0.0, ""Composicoes"": [], ""Atributos"": null, ""ProductGroupId"": 1, ""Categoria"": ""COM AÇUCAR"", ""CategoriaID"": ""6344371e5b452fbeceeea9ec""}]";;2026-10-01T08:15:00-03:00;"[{""FormaPagamento"": ""Dinheiro"", ""DescricaoPagamento"": null, ""ValorPagamento"": 41.6, ""BandeiraCartao"": null, ""NumeroTerminal"": null, ""DataTransacao"": ""2026-10-01T03:00:00Z"", ""CredenciadoraCartao"": null, ""CredenciadoraCNPJ"": null, ""CV_NSU"": null, ""TipoIntegracao"": null, ""CondicaoPagamento"": 0, ""Parcelas"": 0, ""PeriodoParcelas"": 0, ""Adiantamento"": 0.0, ""Quitar"": null}]";;0.0;;2026-10-01T11:18:55.391-03:00;;;;;;2026-10-01T11:18:44.618-03:00;GRUPO_BARRA;GRUPO_BARRA_CASA DE SUCO - BARRA DO CORDA_6abe410aa93bcdf35ada1d79
6abe406f8a25980045133c41;;99704980;Venda Direta;65f1ef07ee68912546e82f33;TAB FOOD BDC;65f1f089ee68912546e835a7;ESTOQUE FABRICA BDC;Pedido Faturado;;;2026-10-01T00:00:00-03:00;CASA DE SUCO - BARRA DO CORDA;65f1eea0050d165884add5cc;661e7bb6d70694f28e9607a5;Caixa Escolar Dom Marcelino;661e7bb6d70694f28e9607a5;01833220000169;;Venda ext bdc;b37b3592-9adf-4620-adb5-63db41695826;VENDAS B2B;A Prazo;663e2c99993e71a10f3bad2e;0;0;;PAC;2026-10-01T08:13:00-03:00;0001-01-01T00:00:00-02:00;0001-01-01T00:00:00-02:00;False;0.0;False;;False;0.0;;0.0;;190.0;True;True;Barra do Corda;2101608;Brasil;65950000;MA;21;Altamira;Av. José Delfino de Meneses;;Escola;"[{""Id"": 1, ""Nome"": ""Grupo de Produtos Padrão - 01""}]";"[{""Codigo"": ""0249"", ""Unidade"": ""UN"", ""Descricao"": ""0249 - SUCO DE GOIABA 5L - COM AÇUCAR"", ""Quantidade"": 5.0, ""ValorUnitario"": 38.0, ""ValorFrete"": 0.0, ""DescontoUnitario"": 0.0, ""ValorTotal"": 190.0, ""PesoKG"": 0.0, ""Comprimento"": 0.0, ""Altura"": 0.0, ""Largura"": 0.0, ""FreteGratis"": false, ""ValorUnitarioFrete"": 1.0, ""PrazoEntregaFrete"": 0, ""ComissaoVendedor"": 0.0, ""Seguro"": 0.0, ""Composicoes"": [], ""Atributos"": null, ""ProductGroupId"": 1, ""Categoria"": ""COM AÇUCAR"", ""CategoriaID"": ""6344371e5b452fbeceeea9ec""}]";;2026-10-01T08:13:00-03:00;"[{""FormaPagamento"": ""Duplicata"", ""DescricaoPagamento"": null, ""ValorPagamento"": 190.0, ""BandeiraCartao"": null, ""NumeroTerminal"": null, ""DataTransacao"": ""2026-10-15T03:00:00Z"", ""CredenciadoraCartao"": null, ""CredenciadoraCNPJ"": null, ""CV_NSU"": null, ""TipoIntegracao"": null, ""CondicaoPagamento"": 0, ""Parcelas"": 0, ""PeriodoParcelas"": 0, ""Adiantamento"": 0.0, ""Quitar"": null}]";;0.0;;2026-10-01T11:19:27.306-03:00;;;;;;2026-10-01T11:19:17.492-03:00;GRUPO_BARRA;GRUPO_BARRA_CASA DE SUCO - BARRA DO CORDA_6abe406f8a25980045133c41
6abe6c287064f37d84a04adb;;99705124;Venda Direta;65f1ef07ee68912546e82f33;TAB FOOD BDC;65f1f089ee68912546e835a7;ESTOQUE FABRICA BDC;Pedido Faturado;;;2026-10-01T00:00:00-03:00;CASA DE SUCO - BARRA DO CORDA;65f1eea0050d165884add5cc;672fa19d654180c1a2d7998e;RESTAURANTE DO GAGUINHO;672fa19d654180c1a2d7998e;62766323333;;Venda ext bdc;b37b3592-9adf-4620-adb5-63db41695826;VENDAS B2B;;;0;0;;PAC;2026-10-01T11:19:00-03:00;0001-01-01T00:00:00-02:00;0001-01-01T00:00:00-02:00;False;0.0;False;;False;0.0;;0.0;;135.0;True;True;Barra do Corda;2101608;Brasil;65950000;MA;21;;;;;"[{""Id"": 1, ""Nome"": ""Grupo de Produtos Padrão - 01""}]";"[{""Codigo"": ""0252"", ""Unidade"": ""UN"", ""Descricao"": ""0252 - SUCO DE MARACUJA 5L - COM AÇUCAR"", ""Quantidade"": 1.0, ""ValorUnitario"": 50.0, ""ValorFrete"": 0.0, ""DescontoUnitario"": 0.0, ""ValorTotal"": 50.0, ""PesoKG"": 0.0, ""Comprimento"": 0.0, ""Altura"": 0.0, ""Largura"": 0.0, ""FreteGratis"": false, ""ValorUnitarioFrete"": 1.0, ""PrazoEntregaFrete"": 0, ""ComissaoVendedor"": 0.0, ""Seguro"": 0.0, ""Composicoes"": [], ""Atributos"": null, ""ProductGroupId"": 1, ""Categoria"": ""COM AÇUCAR"", ""CategoriaID"": ""6344371e5b452fbeceeea9ec""}, {""Codigo"": ""0243"", ""Unidade"": ""UN"", ""Descricao"": ""0243 - SUCO DE ACEROLA 5L - COM AÇUCAR"", ""Quantidade"": 1.0, ""ValorUnitario"": 50.0, ""ValorFrete"": 0.0, ""DescontoUnitario"": 0.0, ""ValorTotal"": 50.0, ""PesoKG"": 0.0, ""Comprimento"": 0.0, ""Altura"": 0.0, ""Largura"": 0.0, ""FreteGratis"": false, ""ValorUnitarioFrete"": 1.0, ""PrazoEntregaFrete"": 0, ""ComissaoVendedor"": 0.0, ""Seguro"": 0.0, ""Composicoes"": [], ""Atributos"": null, ""ProductGroupId"": 1, ""Categoria"": ""COM AÇUCAR"", ""CategoriaID"": ""6344371e5b452fbeceeea9ec""}, {""Codigo"": ""0249"", ""Unidade"": ""UN"", ""Descricao"": ""0249 - SUCO DE GOIABA 5L - COM AÇUCAR"", ""Quantidade"": 1.0, ""ValorUnitario"": 35.0, ""ValorFrete"": 0.0, ""DescontoUnitario"": 0.0, ""ValorTotal"": 35.0, ""PesoKG"": 0.0, ""Comprimento"": 0.0, ""Altura"": 0.0, ""Largura"": 0.0, ""FreteGratis"": false, ""ValorUnitarioFrete"": 1.0, ""PrazoEntregaFrete"": 0, ""ComissaoVendedor"": 0.0, ""Seguro"": 0.0, ""Composicoes"": [], ""Atributos"": null, ""ProductGroupId"": 1, ""Categoria"": ""COM AÇUCAR"", ""CategoriaID"": ""6344371e5b452fbeceeea9ec""}]";;2026-10-01T11:19:00-03:00;"[{""FormaPagamento"": ""PIX"", ""DescricaoPagamento"": null, ""ValorPagamento"": 135.0, ""BandeiraCartao"": null, ""NumeroTerminal"": null, ""DataTransacao"": ""2026-10-01T03:00:00Z"", ""CredenciadoraCartao"": null, ""CredenciadoraCNPJ"": null, ""CV_NSU"": null, ""TipoIntegracao"": null, ""CondicaoPagamento"": 0, ""Parcelas"": 0, ""PeriodoParcelas"": 0, ""Adiantamento"": 0.0, ""Quitar"": null}]";;0.0;;2026-10-01T11:20:39.323-03:00;;;;;;2026-10-01T11:20:31.218-03:00;GRUPO_BARRA;GRUPO_BARRA_CASA DE SUCO - BARRA DO CORDA_6abe6c287064f37d84a04adb
6abc1bc8bd516a9f04193fd7;;99704019;Venda Direta;65f1ef07ee68912546e82f33;TABELA PK 1;68aeeaea3f1a46d41fc56759;ESTOQUE FABRICA BDC;Pedido Faturado;;;2026-09-29T00:00:00-03:00;CASA DE SUCO - BARRA DO CORDA;65f1eea0050d165884add5cc;6a1853a2f5523c6ae3750ad2;PAULO SALGADOS S. ANTÔNIO DOS LOPES ;6a1853a2f5523c6ae3750ad2;60772307318;;VENDAPK;b053105b-09bd-4674-b9bb-6ba16b7cde35;VENDAS B2B;Dinheiro;5b648d1c3498afae6d5bfd89;0;0;;PAC;2026-09-29T17:10:00-03:00;0001-01-01T00:00:00-02:00;0001-01-01T00:00:00-02:00;False;0.0;False;;False;0.0;;0.0;;250.0;True;True;;;;;;;;;;;"[{""Id"": 1, ""Nome"": ""Grupo de Produtos Padrão - 01""}]";"[{""Codigo"": ""0237"", ""Unidade"": ""UN"", ""Descricao"": ""0237 - SUCO DE MARACUJA 300ML - COM AÇUCAR"", ""Quantidade"": 20.0, ""ValorUnitario"": 5.0, ""ValorFrete"": 0.0, ""DescontoUnitario"": 0.0, ""ValorTotal"": 100.0, ""PesoKG"": 0.0, ""Comprimento"": 0.0, ""Altura"": 0.0, ""Largura"": 0.0, ""FreteGratis"": false, ""ValorUnitarioFrete"": 1.0, ""PrazoEntregaFrete"": 0, ""ComissaoVendedor"": 0.0, ""Seguro"": 0.0, ""Composicoes"": [], ""Atributos"": null, ""ProductGroupId"": 1, ""Categoria"": ""COM AÇUCAR"", ""CategoriaID"": ""6344371e5b452fbeceeea9ec""}, {""Codigo"": ""0236"", ""Unidade"": ""UN"", ""Descricao"": ""0236 - SUCO DE LARANJA 300ML - COM AÇUCAR"", ""Quantidade"": 10.0, ""ValorUnitario"": 5.0, ""ValorFrete"": 0.0, ""DescontoUnitario"": 0.0, ""ValorTotal"": 50.0, ""PesoKG"": 0.0, ""Comprimento"": 0.0, ""Altura"": 0.0, ""Largura"": 0.0, ""FreteGratis"": false, ""ValorUnitarioFrete"": 1.0, ""PrazoEntregaFrete"": 0, ""ComissaoVendedor"": 0.0, ""Seguro"": 0.0, ""Composicoes"": [], ""Atributos"": null, ""ProductGroupId"": 1, ""Categoria"": ""COM AÇUCAR"", ""CategoriaID"": ""6344371e5b452fbeceeea9ec""}, {""Codigo"": ""0229"", ""Unidade"": ""UN"", ""Descricao"": ""0229 - SUCO DE ACEROLA 300ML - COM AÇUCAR"", ""Quantidade"": 10.0, ""ValorUnitario"": 4.0, ""ValorFrete"": 0.0, ""DescontoUnitario"": 0.0, ""ValorTotal"": 40.0, ""PesoKG"": 0.0, ""Comprimento"": 0.0, ""Altura"": 0.0, ""Largura"": 0.0, ""FreteGratis"": false, ""ValorUnitarioFrete"": 1.0, ""PrazoEntregaFrete"": 0, ""ComissaoVendedor"": 0.0, ""Seguro"": 0.0, ""Composicoes"": [], ""Atributos"": null, ""ProductGroupId"": 1, ""Categoria"": ""COM AÇUCAR"", ""CategoriaID"": ""6344371e5b452fbeceeea9ec""}, {""Codigo"": ""0246"", ""Unidade"": ""UN"", ""Descricao"": ""0246 - SUCO DE CAJU 5L - COM AÇUCAR"", ""Quantidade"": 1.0, ""ValorUnitario"": 60.0, ""ValorFrete"": 0.0, ""DescontoUnitario"": 0.0, ""ValorTotal"": 60.0, ""PesoKG"": 0.0, ""Comprimento"": 0.0, ""Altura"": 0.0, ""Largura"": 0.0, ""FreteGratis"": false, ""ValorUnitarioFrete"": 1.0, ""PrazoEntregaFrete"": 0, ""ComissaoVendedor"": 0.0, ""Seguro"": 0.0, ""Composicoes"": [], ""Atributos"": null, ""ProductGroupId"": 1, ""Categoria"": ""COM AÇUCAR"", ""CategoriaID"": ""6344371e5b452fbeceeea9ec""}]";;2026-09-29T17:10:00-03:00;"[{""FormaPagamento"": ""PIX"", ""DescricaoPagamento"": null, ""ValorPagamento"": 250.0, ""BandeiraCartao"": null, ""NumeroTerminal"": null, ""DataTransacao"": ""2026-10-01T03:00:00Z"", ""CredenciadoraCartao"": null, ""CredenciadoraCNPJ"": null, ""CV_NSU"": null, ""TipoIntegracao"": null, ""CondicaoPagamento"": 0, ""Parcelas"": 0, ""PeriodoParcelas"": 0, ""Adiantamento"": 0.0, ""Quitar"": null}]";;0.0;;2026-10-01T11:30:17.748-03:00;;;;;;2026-10-01T11:29:58.005-03:00;GRUPO_BARRA;GRUPO_BARRA_CASA DE SUCO - BARRA DO CORDA_6abc1bc8bd516a9f04193fd7
6abe5b1e31195d99ead5e3df;;99705066;Venda Direta;65f1ef07ee68912546e82f33;TAB FOOD BDC;65f1f089ee68912546e835a7;ESTOQUE FABRICA BDC;Pedido Faturado;;;2026-10-01T00:00:00-03:00;CASA DE SUCO - BARRA DO CORDA;65f1eea0050d165884add5cc;66339b9275422eabc4e9b6e3;BATE PAPO 01;66339b9275422eabc4e9b6e3;00380551390;;Venda ext bdc;b37b3592-9adf-4620-adb5-63db41695826;VENDAS B2B;Dinheiro;5b648d1c3498afae6d5bfd89;0;0;;PAC;2026-10-01T10:06:00-03:00;0001-01-01T00:00:00-02:00;0001-01-01T00:00:00-02:00;False;0.0;False;;False;0.0;;0.0;;221.85;True;True;Barra do Corda;2101608;Brasil;65950000;MA;21;TREZIDELA;RUA RIO TEFÉ;897;AO LADO DA IGREJA JOANA BERETTA;"[{""Id"": 1, ""Nome"": ""Grupo de Produtos Padrão - 01""}]";"[{""Codigo"": ""0237"", ""Unidade"": ""UN"", ""Descricao"": ""0237 - SUCO DE MARACUJA 300ML - COM AÇUCAR"", ""Quantidade"": 6.0, ""ValorUnitario"": 4.6, ""ValorFrete"": 0.0, ""DescontoUnitario"": 0.0, ""ValorTotal"": 27.6, ""PesoKG"": 0.0, ""Comprimento"": 0.0, ""Altura"": 0.0, ""Largura"": 0.0, ""FreteGratis"": false, ""ValorUnitarioFrete"": 1.0, ""PrazoEntregaFrete"": 0, ""ComissaoVendedor"": 0.0, ""Seguro"": 0.0, ""Composicoes"": [], ""Atributos"": null, ""ProductGroupId"": 1, ""Categoria"": ""COM AÇUCAR"", ""CategoriaID"": ""6344371e5b452fbeceeea9ec""}, {""Codigo"": ""0233"", ""Unidade"": ""UN"", ""Descricao"": ""0233 - SUCO DE GOIABA 300ML - COM AÇUCAR"", ""Quantidade"": 5.0, ""ValorUnitario"": 3.5, ""ValorFrete"": 0.0, ""DescontoUnitario"": 0.0, ""ValorTotal"": 17.5, ""PesoKG"": 0.0, ""Comprimento"": 0.0, ""Altura"": 0.0, ""Largura"": 0.0, ""FreteGratis"": false, ""ValorUnitarioFrete"": 1.0, ""PrazoEntregaFrete"": 0, ""ComissaoVendedor"": 0.0, ""Seguro"": 0.0, ""Composicoes"": [], ""Atributos"": null, ""ProductGroupId"": 1, ""Categoria"": ""COM AÇUCAR"", ""CategoriaID"": ""6344371e5b452fbeceeea9ec""}, {""Codigo"": ""0249"", ""Unidade"": ""UN"", ""Descricao"": ""0249 - SUCO DE GOIABA 5L - COM AÇUCAR"", ""Quantidade"": 1.0, ""ValorUnitario"": 38.0, ""ValorFrete"": 0.0, ""DescontoUnitario"": 0.0, ""ValorTotal"": 38.0, ""PesoKG"": 0.0, ""Comprimento"": 0.0, ""Altura"": 0.0, ""Largura"": 0.0, ""FreteGratis"": false, ""ValorUnitarioFrete"": 1.0, ""PrazoEntregaFrete"": 0, ""ComissaoVendedor"": 0.0, ""Seguro"": 0.0, ""Composicoes"": [], ""Atributos"": null, ""ProductGroupId"": 1, ""Categoria"": ""COM AÇUCAR"", ""CategoriaID"": ""6344371e5b452fbeceeea9ec""}, {""Codigo"": ""0251"", ""Unidade"": ""UN"", ""Descricao"": ""0251 - SUCO DE LARANJA 5L - COM AÇUCAR"", ""Quantidade"": 1.0, ""ValorUnitario"": 50.0, ""ValorFrete"": 0.0, ""DescontoUnitario"": 0.0, ""ValorTotal"": 50.0, ""PesoKG"": 0.0, ""Comprimento"": 0.0, ""Altura"": 0.0, ""Largura"": 0.0, ""FreteGratis"": false, ""ValorUnitarioFrete"": 1.0, ""PrazoEntregaFrete"": 0, ""ComissaoVendedor"": 0.0, ""Seguro"": 0.0, ""Composicoes"": [], ""Atributos"": null, ""ProductGroupId"": 1, ""Categoria"": ""COM AÇUCAR"", ""CategoriaID"": ""6344371e5b452fbeceeea9ec""}, {""Codigo"": ""0229"", ""Unidade"": ""UN"", ""Descricao"": ""0229 - SUCO DE ACEROLA 300ML - COM AÇUCAR"", ""Quantidade"": 5.0, ""ValorUnitario"": 4.35, ""ValorFrete"": 0.0, ""DescontoUnitario"": 0.0, ""ValorTotal"": 21.75, ""PesoKG"": 0.0, ""Comprimento"": 0.0, ""Altura"": 0.0, ""Largura"": 0.0, ""FreteGratis"": false, ""ValorUnitarioFrete"": 1.0, ""PrazoEntregaFrete"": 0, ""ComissaoVendedor"": 0.0, ""Seguro"": 0.0, ""Composicoes"": [], ""Atributos"": null, ""ProductGroupId"": 1, ""Categoria"": ""COM AÇUCAR"", ""CategoriaID"": ""6344371e5b452fbeceeea9ec""}, {""Codigo"": ""0252"", ""Unidade"": ""UN"", ""Descricao"": ""0252 - SUCO DE MARACUJA 5L - COM AÇUCAR"", ""Quantidade"": 1.0, ""ValorUnitario"": 59.0, ""ValorFrete"": 0.0, ""DescontoUnitario"": 0.0, ""ValorTotal"": 59.0, ""PesoKG"": 0.0, ""Comprimento"": 0.0, ""Altura"": 0.0, ""Largura"": 0.0, ""FreteGratis"": false, ""ValorUnitarioFrete"": 1.0, ""PrazoEntregaFrete"": 0, ""ComissaoVendedor"": 0.0, ""Seguro"": 0.0, ""Composicoes"": [], ""Atributos"": null, ""ProductGroupId"": 1, ""Categoria"": ""COM AÇUCAR"", ""CategoriaID"": ""6344371e5b452fbeceeea9ec""}, {""Codigo"": ""0236"", ""Unidade"": ""UN"", ""Descricao"": ""0236 - SUCO DE LARANJA 300ML - COM AÇUCAR"", ""Quantidade"": 2.0, ""ValorUnitario"": 4.0, ""ValorFrete"": 0.0, ""DescontoUnitario"": 0.0, ""ValorTotal"": 8.0, ""PesoKG"": 0.0, ""Comprimento"": 0.0, ""Altura"": 0.0, ""Largura"": 0.0, ""FreteGratis"": false, ""ValorUnitarioFrete"": 1.0, ""PrazoEntregaFrete"": 0, ""ComissaoVendedor"": 0.0, ""Seguro"": 0.0, ""Composicoes"": [], ""Atributos"": null, ""ProductGroupId"": 1, ""Categoria"": ""COM AÇUCAR"", ""CategoriaID"": ""6344371e5b452fbeceeea9ec""}]";;2026-10-01T10:06:00-03:00;"[{""FormaPagamento"": ""Dinheiro"", ""DescricaoPagamento"": null, ""ValorPagamento"": 221.85, ""BandeiraCartao"": null, ""NumeroTerminal"": null, ""DataTransacao"": ""2026-10-01T03:00:00Z"", ""CredenciadoraCartao"": null, ""CredenciadoraCNPJ"": null, ""CV_NSU"": null, ""TipoIntegracao"": null, ""CondicaoPagamento"": 0, ""Parcelas"": 0, ""PeriodoParcelas"": 0, ""Adiantamento"": 0.0, ""Quitar"": null}]";;0.0;;2026-10-01T12:10:53.686-03:00;;;;;;2026-10-01T12:10:47.035-03:00;GRUPO_BARRA;GRUPO_BARRA_CASA DE SUCO - BARRA DO CORDA_6abe5b1e31195d99ead5e3df
6abe634a9c74cd6eecf13dfc;;99705088;Venda Direta;65f1ef07ee68912546e82f33;TAB FOOD BDC;65f1f089ee68912546e835a7;ESTOQUE FABRICA BDC;Pedido Faturado;;;2026-10-01T00:00:00-03:00;CASA DE SUCO - BARRA DO CORDA;65f1eea0050d165884add5cc;6650a7ace328979afd064cd2;Restaurante - MARADA;6650a7ace328979afd064cd2;51074481000110;;Venda ext bdc;b37b3592-9adf-4620-adb5-63db41695826;VENDAS B2B;Dinheiro;5b648d1c3498afae6d5bfd89;0;0;;PAC;2026-10-01T10:42:00-03:00;0001-01-01T00:00:00-02:00;0001-01-01T00:00:00-02:00;False;0.0;False;;False;0.0;;0.0;;50.0;True;True;Barra do Corda;2101608;Brasil;65950000;MA;21;ALTAMIRA;;00;BR.226 AEROPORTO;"[{""Id"": 1, ""Nome"": ""Grupo de Produtos Padrão - 01""}]";"[{""Codigo"": ""0251"", ""Unidade"": ""UN"", ""Descricao"": ""0251 - SUCO DE LARANJA 5L - COM AÇUCAR"", ""Quantidade"": 1.0, ""ValorUnitario"": 50.0, ""ValorFrete"": 0.0, ""DescontoUnitario"": 0.0, ""ValorTotal"": 50.0, ""PesoKG"": 0.0, ""Comprimento"": 0.0, ""Altura"": 0.0, ""Largura"": 0.0, ""FreteGratis"": false, ""ValorUnitarioFrete"": 1.0, ""PrazoEntregaFrete"": 0, ""ComissaoVendedor"": 0.0, ""Seguro"": 0.0, ""Composicoes"": [], ""Atributos"": null, ""ProductGroupId"": 1, ""Categoria"": ""COM AÇUCAR"", ""CategoriaID"": ""6344371e5b452fbeceeea9ec""}]";;2026-10-01T10:42:00-03:00;"[{""FormaPagamento"": ""Dinheiro"", ""DescricaoPagamento"": null, ""ValorPagamento"": 50.0, ""BandeiraCartao"": null, ""NumeroTerminal"": null, ""DataTransacao"": ""2026-10-01T03:00:00Z"", ""CredenciadoraCartao"": null, ""CredenciadoraCNPJ"": null, ""CV_NSU"": null, ""TipoIntegracao"": null, ""CondicaoPagamento"": 0, ""Parcelas"": 0, ""PeriodoParcelas"": 0, ""Adiantamento"": 0.0, ""Quitar"": null}]";;0.0;;2026-10-01T12:11:35.935-03:00;;;;;;2026-10-01T12:11:30.3-03:00;GRUPO_BARRA;GRUPO_BARRA_CASA DE SUCO - BARRA DO CORDA_6abe634a9c74cd6eecf13dfc
6abe30cbf8094b3cf4afdb43;;99704946;PDV;698e1e656e2979a65b3595b7;EMPORIO MIX;69a397811c48b3770d64e993;EMPORIO MIX;Pedido Faturado;;Consumidor Final;2026-10-01T07:07:07.841-03:00;EMPORIO MIX;698e1dfa6e2979a65b359173;659057a8395f2736400d9dbd;CONSUMIDOR NÃO IDENTIFICADO;659057a8395f2736400d9dbd;;;Diego.Oalbuquerque@Hotmail.Com;28f81638-c595-4134-9287-9e27aa0e4112;Receitas PDV;Dinheiro;5b648d1c3498afae6d5bfd89;0;0;;;2026-10-01T07:07:07.872-03:00;0001-01-01T00:00:00-02:00;0001-01-01T00:00:00-02:00;False;0.0;False;;False;0.0;Gerado automaticamente através do modulo PDV;0.0;;3.8;True;True;;;;;;;;;;;"[{""Id"": 1, ""Nome"": ""Grupo de Produtos Padrão - 01""}]";"[{""Codigo"": ""123213633323530"", ""Unidade"": """", ""Descricao"": ""123213633323530 - FLOCÃO DE ARROZ NUTRIVITA 500G"", ""Quantidade"": 1.0, ""ValorUnitario"": 3.8, ""ValorFrete"": 0.0, ""DescontoUnitario"": 0.0, ""ValorTotal"": 3.8, ""PesoKG"": 0.0, ""Comprimento"": 0.0, ""Altura"": 0.0, ""Largura"": 0.0, ""FreteGratis"": false, ""ValorUnitarioFrete"": 1.0, ""PrazoEntregaFrete"": 0, ""ComissaoVendedor"": 0.0, ""Seguro"": 0.0, ""Composicoes"": [], ""Atributos"": null, ""ProductGroupId"": 1, ""Categoria"": """", ""CategoriaID"": """"}]";;2026-10-01T07:07:07.872-03:00;"[{""FormaPagamento"": ""Dinheiro"", ""DescricaoPagamento"": ""Pagamento recebido em Dinheiro"", ""ValorPagamento"": 3.8, ""BandeiraCartao"": """", ""NumeroTerminal"": null, ""DataTransacao"": ""2026-10-01T03:00:00Z"", ""CredenciadoraCartao"": null, ""CredenciadoraCNPJ"": null, ""CV_NSU"": null, ""TipoIntegracao"": null, ""CondicaoPagamento"": 0, ""Parcelas"": 1, ""PeriodoParcelas"": 30, ""Adiantamento"": 0.0, ""Quitar"": null}]";;0.0;;2026-10-01T07:07:08.342-03:00;;;;;;0001-01-01T00:00:00-02:00;GRUPO_BARRA;GRUPO_BARRA_EMPORIO MIX_6abe30cbf8094b3cf4afdb43
6abe3171f8094b3cf4afe4f0;;99704949;PDV;698e1e656e2979a65b3595b7;EMPORIO MIX;69a397811c48b3770d64e993;EMPORIO MIX;Pedido Faturado;;Consumidor Final;2026-10-01T07:09:52.977-03:00;EMPORIO MIX;698e1dfa6e2979a65b359173;659057a8395f2736400d9dbd;CONSUMIDOR NÃO IDENTIFICADO;659057a8395f2736400d9dbd;;;Diego.Oalbuquerque@Hotmail.Com;28f81638-c595-4134-9287-9e27aa0e4112;Receitas PDV;Dinheiro;5b648d1c3498afae6d5bfd89;0;0;;;2026-10-01T07:09:53.008-03:00;0001-01-01T00:00:00-02:00;0001-01-01T00:00:00-02:00;False;0.0;False;;False;0.0;Gerado automaticamente através do modulo PDV;0.0;;6.0;True;True;;;;;;;;;;;"[{""Id"": 1, ""Nome"": ""Grupo de Produtos Padrão - 01""}]";"[{""Codigo"": ""123213633322977"", ""Unidade"": """", ""Descricao"": ""123213633322977 - NESCAU LIQUIDO 180ML"", ""Quantidade"": 2.0, ""ValorUnitario"": 3.0, ""ValorFrete"": 0.0, ""DescontoUnitario"": 0.0, ""ValorTotal"": 6.0, ""PesoKG"": 0.0, ""Comprimento"": 0.0, ""Altura"": 0.0, ""Largura"": 0.0, ""FreteGratis"": false, ""ValorUnitarioFrete"": 1.0, ""PrazoEntregaFrete"": 0, ""ComissaoVendedor"": 0.0, ""Seguro"": 0.0, ""Composicoes"": [], ""Atributos"": null, ""ProductGroupId"": 1, ""Categoria"": """", ""CategoriaID"": """"}]";;2026-10-01T07:09:53.008-03:00;"[{""FormaPagamento"": ""Dinheiro"", ""DescricaoPagamento"": ""Pagamento recebido em Dinheiro"", ""ValorPagamento"": 6.0, ""BandeiraCartao"": """", ""NumeroTerminal"": null, ""DataTransacao"": ""2026-10-01T03:00:00Z"", ""CredenciadoraCartao"": null, ""CredenciadoraCNPJ"": null, ""CV_NSU"": null, ""TipoIntegracao"": null, ""CondicaoPagamento"": 0, ""Parcelas"": 1, ""PeriodoParcelas"": 30, ""Adiantamento"": 0.0, ""Quitar"": null}]";;0.0;;2026-10-01T07:09:53.524-03:00;;;;;;0001-01-01T00:00:00-02:00;GRUPO_BARRA;GRUPO_BARRA_EMPORIO MIX_6abe3171f8094b3cf4afe4f0
6abe34c5f8094b3cf4b01955;;99704954;PDV;698e1e656e2979a65b3595b7;EMPORIO MIX;69a397811c48b3770d64e993;EMPORIO MIX;Pedido Faturado;;Consumidor Final;2026-10-01T07:24:05.22-03:00;EMPORIO MIX;698e1dfa6e2979a65b359173;659057a8395f2736400d9dbd;CONSUMIDOR NÃO IDENTIFICADO;659057a8395f2736400d9dbd;;;Diego.Oalbuquerque@Hotmail.Com;28f81638-c595-4134-9287-9e27aa0e4112;Receitas PDV;Dinheiro;5b648d1c3498afae6d5bfd89;0;0;;;2026-10-01T07:24:05.251-03:00;0001-01-01T00:00:00-02:00;0001-01-01T00:00:00-02:00;False;0.0;False;;False;0.0;Gerado automaticamente através do modulo PDV;0.0;;8.23;True;True;;;;;;;;;;;"[{""Id"": 1, ""Nome"": ""Grupo de Produtos Padrão - 01""}]";"[{""Codigo"": ""123213633323073"", ""Unidade"": """", ""Descricao"": ""123213633323073 - BOLINHO DUO CHOC 27G"", ""Quantidade"": 2.0, ""ValorUnitario"": 1.99, ""ValorFrete"": 0.0, ""DescontoUnitario"": 0.0, ""ValorTotal"": 3.98, ""PesoKG"": 0.0, ""Comprimento"": 0.0, ""Altura"": 0.0, ""Largura"": 0.0, ""FreteGratis"": false, ""ValorUnitarioFrete"": 1.0, ""PrazoEntregaFrete"": 0, ""ComissaoVendedor"": 0.0, ""Seguro"": 0.0, ""Composicoes"": [], ""Atributos"": null, ""ProductGroupId"": 1, ""Categoria"": """", ""CategoriaID"": """"}, {""Codigo"": ""123213633322886"", ""Unidade"": """", ""Descricao"": ""123213633322886 - IOG LIQUIDO CHAMBINHO RECREIO MOR"", ""Quantidade"": 1.0, ""ValorUnitario"": 4.25, ""ValorFrete"": 0.0, ""DescontoUnitario"": 0.0, ""ValorTotal"": 4.25, ""PesoKG"": 0.0, ""Comprimento"": 0.0, ""Altura"": 0.0, ""Largura"": 0.0, ""FreteGratis"": false, ""ValorUnitarioFrete"": 1.0, ""PrazoEntregaFrete"": 0, ""ComissaoVendedor"": 0.0, ""Seguro"": 0.0, ""Composicoes"": [], ""Atributos"": null, ""ProductGroupId"": 1, ""Categoria"": """", ""CategoriaID"": """"}]";;2026-10-01T07:24:05.251-03:00;"[{""FormaPagamento"": ""Dinheiro"", ""DescricaoPagamento"": ""Pagamento recebido em Dinheiro"", ""ValorPagamento"": 8.23, ""BandeiraCartao"": """", ""NumeroTerminal"": null, ""DataTransacao"": ""2026-10-01T03:00:00Z"", ""CredenciadoraCartao"": null, ""CredenciadoraCNPJ"": null, ""CV_NSU"": null, ""TipoIntegracao"": null, ""CondicaoPagamento"": 0, ""Parcelas"": 1, ""PeriodoParcelas"": 30, ""Adiantamento"": 0.0, ""Quitar"": null}]";;0.0;;2026-10-01T07:24:05.877-03:00;;;;;;0001-01-01T00:00:00-02:00;GRUPO_BARRA;GRUPO_BARRA_EMPORIO MIX_6abe34c5f8094b3cf4b01955
6abe35d7aa0b5eef7cd39469;;99704957;PDV;698e1e656e2979a65b3595b7;EMPORIO MIX;69a397811c48b3770d64e993;EMPORIO MIX;Pedido Faturado;;Consumidor Final;2026-10-01T07:28:39.365-03:00;EMPORIO MIX;698e1dfa6e2979a65b359173;659057a8395f2736400d9dbd;CONSUMIDOR NÃO IDENTIFICADO;659057a8395f2736400d9dbd;;;Diego.Oalbuquerque@Hotmail.Com;28f81638-c595-4134-9287-9e27aa0e4112;Receitas PDV;PIX;635ae864cd43d34b928b24c4;0;0;;;2026-10-01T07:28:39.428-03:00;0001-01-01T00:00:00-02:00;0001-01-01T00:00:00-02:00;False;0.0;False;;False;0.0;Gerado automaticamente através do modulo PDV;0.0;;16.0;True;True;;;;;;;;;;;"[{""Id"": 1, ""Nome"": ""Grupo de Produtos Padrão - 01""}]";"[{""Codigo"": ""0209"", ""Unidade"": ""UN"", ""Descricao"": ""0209 - SUCO DE LARANJA 1L - COM AÇUCAR"", ""Quantidade"": 1.0, ""ValorUnitario"": 16.0, ""ValorFrete"": 0.0, ""DescontoUnitario"": 0.0, ""ValorTotal"": 16.0, ""PesoKG"": 0.0, ""Comprimento"": 0.0, ""Altura"": 0.0, ""Largura"": 0.0, ""FreteGratis"": false, ""ValorUnitarioFrete"": 1.0, ""PrazoEntregaFrete"": 0, ""ComissaoVendedor"": 0.0, ""Seguro"": 0.0, ""Composicoes"": [], ""Atributos"": null, ""ProductGroupId"": 1, ""Categoria"": ""COM AÇUCAR"", ""CategoriaID"": ""6344371e5b452fbeceeea9ec""}]";;2026-10-01T07:28:39.428-03:00;"[{""FormaPagamento"": ""PIX"", ""DescricaoPagamento"": ""Pagamento recebido em PIX"", ""ValorPagamento"": 16.0, ""BandeiraCartao"": """", ""NumeroTerminal"": null, ""DataTransacao"": ""2026-10-01T03:00:00Z"", ""CredenciadoraCartao"": null, ""CredenciadoraCNPJ"": null, ""CV_NSU"": null, ""TipoIntegracao"": null, ""CondicaoPagamento"": 0, ""Parcelas"": 1, ""PeriodoParcelas"": 30, ""Adiantamento"": 0.0, ""Quitar"": null}]";;0.0;;2026-10-01T07:28:40.213-03:00;;;;;;0001-01-01T00:00:00-02:00;GRUPO_BARRA;GRUPO_BARRA_EMPORIO MIX_6abe35d7aa0b5eef7cd39469
6abe3601aa0b5eef7cd3977e;;99704958;PDV;698e1e656e2979a65b3595b7;EMPORIO MIX;69a397811c48b3770d64e993;EMPORIO MIX;Pedido Faturado;;Consumidor Final;2026-10-01T07:29:21.497-03:00;EMPORIO MIX;698e1dfa6e2979a65b359173;659057a8395f2736400d9dbd;CONSUMIDOR NÃO IDENTIFICADO;659057a8395f2736400d9dbd;;;Diego.Oalbuquerque@Hotmail.Com;28f81638-c595-4134-9287-9e27aa0e4112;Receitas PDV;Cartão de Débito;5b648d993498afae6d5c361b;0;0;;;2026-10-01T07:29:21.545-03:00;0001-01-01T00:00:00-02:00;0001-01-01T00:00:00-02:00;False;0.0;False;;False;0.0;Gerado automaticamente através do modulo PDV;0.0;;10.5;True;True;;;;;;;;;;;"[{""Id"": 1, ""Nome"": ""Grupo de Produtos Padrão - 01""}]";"[{""Codigo"": ""123213633323014"", ""Unidade"": """", ""Descricao"": ""123213633323014 - LEITE PIRACANJUBA INTEGRAL 1L"", ""Quantidade"": 1.0, ""ValorUnitario"": 10.5, ""ValorFrete"": 0.0, ""DescontoUnitario"": 0.0, ""ValorTotal"": 10.5, ""PesoKG"": 0.0, ""Comprimento"": 0.0, ""Altura"": 0.0, ""Largura"": 0.0, ""FreteGratis"": false, ""ValorUnitarioFrete"": 1.0, ""PrazoEntregaFrete"": 0, ""ComissaoVendedor"": 0.0, ""Seguro"": 0.0, ""Composicoes"": [], ""Atributos"": null, ""ProductGroupId"": 1, ""Categoria"": """", ""CategoriaID"": """"}]";;2026-10-01T07:29:21.545-03:00;"[{""FormaPagamento"": ""Cartão de Débito"", ""DescricaoPagamento"": ""Pagamento recebido em Cartão de Débito"", ""ValorPagamento"": 10.5, ""BandeiraCartao"": ""01"", ""NumeroTerminal"": null, ""DataTransacao"": ""2026-10-01T03:00:00Z"", ""CredenciadoraCartao"": ""STONE INSTITUICAO DE PAGAMENTO S.A"", ""CredenciadoraCNPJ"": ""16501555000157"", ""CV_NSU"": null, ""TipoIntegracao"": ""2"", ""CondicaoPagamento"": 0, ""Parcelas"": 1, ""PeriodoParcelas"": 30, ""Adiantamento"": 0.0, ""Quitar"": null}]";;0.0;;2026-10-01T07:29:22.139-03:00;;;;;;0001-01-01T00:00:00-02:00;GRUPO_BARRA;GRUPO_BARRA_EMPORIO MIX_6abe3601aa0b5eef7cd3977e
6abe366cf8094b3cf4b03b5b;;99704959;PDV;698e1e656e2979a65b3595b7;EMPORIO MIX;69a397811c48b3770d64e993;EMPORIO MIX;Pedido Faturado;;Consumidor Final;2026-10-01T07:31:08.254-03:00;EMPORIO MIX;698e1dfa6e2979a65b359173;659057a8395f2736400d9dbd;CONSUMIDOR NÃO IDENTIFICADO;659057a8395f2736400d9dbd;;;Diego.Oalbuquerque@Hotmail.Com;28f81638-c595-4134-9287-9e27aa0e4112;Receitas PDV;PIX;635ae864cd43d34b928b24c4;0;0;;;2026-10-01T07:31:08.285-03:00;0001-01-01T00:00:00-02:00;0001-01-01T00:00:00-02:00;False;0.0;False;;False;0.0;Gerado automaticamente através do modulo PDV;0.0;;32.2;True;True;;;;;;;;;;;"[{""Id"": 1, ""Nome"": ""Grupo de Produtos Padrão - 01""}]";"[{""Codigo"": ""123213633323079"", ""Unidade"": """", ""Descricao"": ""123213633323079 - PÃO DE SAL"", ""Quantidade"": 7.0, ""ValorUnitario"": 0.6, ""ValorFrete"": 0.0, ""DescontoUnitario"": 0.0, ""ValorTotal"": 4.2, ""PesoKG"": 0.0, ""Comprimento"": 0.0, ""Altura"": 0.0, ""Largura"": 0.0, ""FreteGratis"": false, ""ValorUnitarioFrete"": 1.0, ""PrazoEntregaFrete"": 0, ""ComissaoVendedor"": 0.0, ""Seguro"": 0.0, ""Composicoes"": [], ""Atributos"": null, ""ProductGroupId"": 1, ""Categoria"": """", ""CategoriaID"": """"}, {""Codigo"": ""123213633323255"", ""Unidade"": """", ""Descricao"": ""123213633323255 - CAFÉ SANTA CLARA 250G"", ""Quantidade"": 1.0, ""ValorUnitario"": 17.5, ""ValorFrete"": 0.0, ""DescontoUnitario"": 0.0, ""ValorTotal"": 17.5, ""PesoKG"": 0.0, ""Comprimento"": 0.0, ""Altura"": 0.0, ""Largura"": 0.0, ""FreteGratis"": false, ""ValorUnitarioFrete"": 1.0, ""PrazoEntregaFrete"": 0, ""ComissaoVendedor"": 0.0, ""Seguro"": 0.0, ""Composicoes"": [], ""Atributos"": null, ""ProductGroupId"": 1, ""Categoria"": """", ""CategoriaID"": """"}, {""Codigo"": ""123213633323014"", ""Unidade"": """", ""Descricao"": ""123213633323014 - LEITE PIRACANJUBA INTEGRAL 1L"", ""Quantidade"": 1.0, ""ValorUnitario"": 10.5, ""ValorFrete"": 0.0, ""DescontoUnitario"": 0.0, ""ValorTotal"": 10.5, ""PesoKG"": 0.0, ""Comprimento"": 0.0, ""Altura"": 0.0, ""Largura"": 0.0, ""FreteGratis"": false, ""ValorUnitarioFrete"": 1.0, ""PrazoEntregaFrete"": 0, ""ComissaoVendedor"": 0.0, ""Seguro"": 0.0, ""Composicoes"": [], ""Atributos"": null, ""ProductGroupId"": 1, ""Categoria"": """", ""CategoriaID"": """"}]";;2026-10-01T07:31:08.285-03:00;"[{""FormaPagamento"": ""PIX"", ""DescricaoPagamento"": ""Pagamento recebido em PIX"", ""ValorPagamento"": 32.2, ""BandeiraCartao"": """", ""NumeroTerminal"": null, ""DataTransacao"": ""2026-10-01T03:00:00Z"", ""CredenciadoraCartao"": null, ""CredenciadoraCNPJ"": null, ""CV_NSU"": null, ""TipoIntegracao"": null, ""CondicaoPagamento"": 0, ""Parcelas"": 1, ""PeriodoParcelas"": 30, ""Adiantamento"": 0.0, ""Quitar"": null}]";;0.0;;2026-10-01T07:31:09.74-03:00;;;;;;0001-01-01T00:00:00-02:00;GRUPO_BARRA;GRUPO_BARRA_EMPORIO MIX_6abe366cf8094b3cf4b03b5b
6abe38bdaa0b5eef7cd3c6d1;;99704964;PDV;698e1e656e2979a65b3595b7;EMPORIO MIX;69a397811c48b3770d64e993;EMPORIO MIX;Pedido Faturado;;Consumidor Final;2026-10-01T07:41:01.883-03:00;EMPORIO MIX;698e1dfa6e2979a65b359173;659057a8395f2736400d9dbd;CONSUMIDOR NÃO IDENTIFICADO;659057a8395f2736400d9dbd;;;Diego.Oalbuquerque@Hotmail.Com;28f81638-c595-4134-9287-9e27aa0e4112;Receitas PDV;Dinheiro;5b648d1c3498afae6d5bfd89;0;0;;;2026-10-01T07:41:01.961-03:00;0001-01-01T00:00:00-02:00;0001-01-01T00:00:00-02:00;False;0.0;False;;False;0.0;Gerado automaticamente através do modulo PDV;0.0;;9.99;True;True;;;;;;;;;;;"[{""Id"": 1, ""Nome"": ""Grupo de Produtos Padrão - 01""}]";"[{""Codigo"": ""123213633323701"", ""Unidade"": """", ""Descricao"": ""123213633323701 - BISCOITO OREO MORANGO"", ""Quantidade"": 1.0, ""ValorUnitario"": 5.0, ""ValorFrete"": 0.0, ""DescontoUnitario"": 0.0, ""ValorTotal"": 5.0, ""PesoKG"": 0.0, ""Comprimento"": 0.0, ""Altura"": 0.0, ""Largura"": 0.0, ""FreteGratis"": false, ""ValorUnitarioFrete"": 1.0, ""PrazoEntregaFrete"": 0, ""ComissaoVendedor"": 0.0, ""Seguro"": 0.0, ""Composicoes"": [], ""Atributos"": null, ""ProductGroupId"": 1, ""Categoria"": """", ""CategoriaID"": """"}, {""Codigo"": ""123213633322833"", ""Unidade"": """", ""Descricao"": ""123213633322833 - RUFFLES ORIGINAL 33G"", ""Quantidade"": 1.0, ""ValorUnitario"": 4.99, ""ValorFrete"": 0.0, ""DescontoUnitario"": 0.0, ""ValorTotal"": 4.99, ""PesoKG"": 0.0, ""Comprimento"": 0.0, ""Altura"": 0.0, ""Largura"": 0.0, ""FreteGratis"": false, ""ValorUnitarioFrete"": 1.0, ""PrazoEntregaFrete"": 0, ""ComissaoVendedor"": 0.0, ""Seguro"": 0.0, ""Composicoes"": [], ""Atributos"": null, ""ProductGroupId"": 1, ""Categoria"": """", ""CategoriaID"": """"}]";;2026-10-01T07:41:01.961-03:00;"[{""FormaPagamento"": ""Dinheiro"", ""DescricaoPagamento"": ""Pagamento recebido em Dinheiro"", ""ValorPagamento"": 9.99, ""BandeiraCartao"": """", ""NumeroTerminal"": null, ""DataTransacao"": ""2026-10-01T03:00:00Z"", ""CredenciadoraCartao"": null, ""CredenciadoraCNPJ"": null, ""CV_NSU"": null, ""TipoIntegracao"": null, ""CondicaoPagamento"": 0, ""Parcelas"": 1, ""PeriodoParcelas"": 30, ""Adiantamento"": 0.0, ""Quitar"": null}]";;0.0;;2026-10-01T07:41:02.697-03:00;;;;;;0001-01-01T00:00:00-02:00;GRUPO_BARRA;GRUPO_BARRA_EMPORIO MIX_6abe38bdaa0b5eef7cd3c6d1
6abe3a0cf8094b3cf4b081ec;;99704965;PDV;698e1e656e2979a65b3595b7;EMPORIO MIX;69a397811c48b3770d64e993;EMPORIO MIX;Pedido Faturado;;Consumidor Final;2026-10-01T07:46:36.888-03:00;EMPORIO MIX;698e1dfa6e2979a65b359173;659057a8395f2736400d9dbd;CONSUMIDOR NÃO IDENTIFICADO;659057a8395f2736400d9dbd;;;Diego.Oalbuquerque@Hotmail.Com;28f81638-c595-4134-9287-9e27aa0e4112;Receitas PDV;Cartão de Débito;5b648d993498afae6d5c361b;0;0;;;2026-10-01T07:46:36.919-03:00;0001-01-01T00:00:00-02:00;0001-01-01T00:00:00-02:00;False;0.0;False;;False;0.0;Gerado automaticamente através do modulo PDV;0.0;;7.99;True;True;;;;;;;;;;;"[{""Id"": 1, ""Nome"": ""Grupo de Produtos Padrão - 01""}]";"[{""Codigo"": ""123213633323031"", ""Unidade"": """", ""Descricao"": ""123213633323031 - KAPO UVA 200ML"", ""Quantidade"": 1.0, ""ValorUnitario"": 3.0, ""ValorFrete"": 0.0, ""DescontoUnitario"": 0.0, ""ValorTotal"": 3.0, ""PesoKG"": 0.0, ""Comprimento"": 0.0, ""Altura"": 0.0, ""Largura"": 0.0, ""FreteGratis"": false, ""ValorUnitarioFrete"": 1.0, ""PrazoEntregaFrete"": 0, ""ComissaoVendedor"": 0.0, ""Seguro"": 0.0, ""Composicoes"": [], ""Atributos"": null, ""ProductGroupId"": 1, ""Categoria"": """", ""CategoriaID"": """"}, {""Codigo"": ""123213633322826"", ""Unidade"": """", ""Descricao"": ""123213633322826 - DORITOS NACHO 32G"", ""Quantidade"": 1.0, ""ValorUnitario"": 4.99, ""ValorFrete"": 0.0, ""DescontoUnitario"": 0.0, ""ValorTotal"": 4.99, ""PesoKG"": 0.0, ""Comprimento"": 0.0, ""Altura"": 0.0, ""Largura"": 0.0, ""FreteGratis"": false, ""ValorUnitarioFrete"": 1.0, ""PrazoEntregaFrete"": 0, ""ComissaoVendedor"": 0.0, ""Seguro"": 0.0, ""Composicoes"": [], ""Atributos"": null, ""ProductGroupId"": 1, ""Categoria"": """", ""CategoriaID"": """"}]";;2026-10-01T07:46:36.919-03:00;"[{""FormaPagamento"": ""Cartão de Débito"", ""DescricaoPagamento"": ""Pagamento recebido em Cartão de Débito"", ""ValorPagamento"": 7.99, ""BandeiraCartao"": ""01"", ""NumeroTerminal"": null, ""DataTransacao"": ""2026-10-01T03:00:00Z"", ""CredenciadoraCartao"": ""STONE INSTITUICAO DE PAGAMENTO S.A"", ""CredenciadoraCNPJ"": ""16501555000157"", ""CV_NSU"": null, ""TipoIntegracao"": ""2"", ""CondicaoPagamento"": 0, ""Parcelas"": 1, ""PeriodoParcelas"": 30, ""Adiantamento"": 0.0, ""Quitar"": null}]";;0.0;;2026-10-01T07:46:37.45-03:00;;;;;;0001-01-01T00:00:00-02:00;GRUPO_BARRA;GRUPO_BARRA_EMPORIO MIX_6abe3a0cf8094b3cf4b081ec
6abe3c1eb36b21c5cbf972d3;;99704969;PDV;698e1e656e2979a65b3595b7;CLUB VANTAGEM BDC;66c8caacba311769cd7ddafd;EMPORIO MIX;Pedido Faturado;;Consumidor Final;2026-10-01T07:55:26.581-03:00;EMPORIO MIX;698e1dfa6e2979a65b359173;68c0674c9145a063735984bd;Kaik dj CLUBE;68c0674c9145a063735984bd;00012268356;;Diego.Oalbuquerque@Hotmail.Com;28f81638-c595-4134-9287-9e27aa0e4112;Receitas PDV;Dinheiro;5b648d1c3498afae6d5bfd89;0;0;;;2026-10-01T07:55:26.643-03:00;0001-01-01T00:00:00-02:00;0001-01-01T00:00:00-02:00;False;0.0;False;;False;0.0;Gerado automaticamente através do modulo PDV;0.0;;27.5;True;True;;;Brasil;;;;;;;;"[{""Id"": 1, ""Nome"": ""Grupo de Produtos Padrão - 01""}]";"[{""Codigo"": ""0211"", ""Unidade"": ""UN"", ""Descricao"": ""0211 - SUCO DE MARACUJA 1L - COM AÇUCAR"", ""Quantidade"": 1.0, ""ValorUnitario"": 14.5, ""ValorFrete"": 0.0, ""DescontoUnitario"": 0.0, ""ValorTotal"": 14.5, ""PesoKG"": 0.0, ""Comprimento"": 0.0, ""Altura"": 0.0, ""Largura"": 0.0, ""FreteGratis"": false, ""ValorUnitarioFrete"": 1.0, ""PrazoEntregaFrete"": 0, ""ComissaoVendedor"": 0.0, ""Seguro"": 0.0, ""Composicoes"": [], ""Atributos"": null, ""ProductGroupId"": 1, ""Categoria"": ""COM AÇUCAR"", ""CategoriaID"": ""6344371e5b452fbeceeea9ec""}, {""Codigo"": ""0205"", ""Unidade"": ""UN"", ""Descricao"": ""0205 - SUCO DE CAJU 1L - COM AÇUCAR"", ""Quantidade"": 1.0, ""ValorUnitario"": 13.0, ""ValorFrete"": 0.0, ""DescontoUnitario"": 0.0, ""ValorTotal"": 13.0, ""PesoKG"": 0.0, ""Comprimento"": 0.0, ""Altura"": 0.0, ""Largura"": 0.0, ""FreteGratis"": false, ""ValorUnitarioFrete"": 1.0, ""PrazoEntregaFrete"": 0, ""ComissaoVendedor"": 0.0, ""Seguro"": 0.0, ""Composicoes"": [], ""Atributos"": null, ""ProductGroupId"": 1, ""Categoria"": ""COM AÇUCAR"", ""CategoriaID"": ""6344371e5b452fbeceeea9ec""}]";;2026-10-01T07:55:26.643-03:00;"[{""FormaPagamento"": ""Dinheiro"", ""DescricaoPagamento"": ""Pagamento recebido em Dinheiro"", ""ValorPagamento"": 27.5, ""BandeiraCartao"": """", ""NumeroTerminal"": null, ""DataTransacao"": ""2026-10-01T03:00:00Z"", ""CredenciadoraCartao"": null, ""CredenciadoraCNPJ"": null, ""CV_NSU"": null, ""TipoIntegracao"": null, ""CondicaoPagamento"": 0, ""Parcelas"": 1, ""PeriodoParcelas"": 30, ""Adiantamento"": 0.0, ""Quitar"": null}]";;0.0;;2026-10-01T07:55:27.644-03:00;;;;;;0001-01-01T00:00:00-02:00;GRUPO_BARRA;GRUPO_BARRA_EMPORIO MIX_6abe3c1eb36b21c5cbf972d3
6abe4178de3d6305f93b1443;;99704985;PDV;698e1e656e2979a65b3595b7;REVENDEDORES BDC;6757808bcf756b084c8948e7;EMPORIO MIX;Pedido Faturado;;Consumidor Final;2026-10-01T08:18:16.24-03:00;EMPORIO MIX;698e1dfa6e2979a65b359173;68d7e180fe0e27205bbcce2e;Jane Lanches;68d7e180fe0e27205bbcce2e;01438851383;;Diego.Oalbuquerque@Hotmail.Com;28f81638-c595-4134-9287-9e27aa0e4112;Receitas PDV;Cartão de Débito;5b648d993498afae6d5c361b;0;0;;;2026-10-01T08:18:16.303-03:00;0001-01-01T00:00:00-02:00;0001-01-01T00:00:00-02:00;False;0.0;False;;False;0.0;Gerado automaticamente através do modulo PDV;0.0;;44.0;True;True;;;Brasil;;;;Araticum;Rua Deodoro Arruda;31;;"[{""Id"": 1, ""Nome"": ""Grupo de Produtos Padrão - 01""}]";"[{""Codigo"": ""0224"", ""Unidade"": ""UN"", ""Descricao"": ""0224 - SUCO DE LARANJA 2L - COM AÇUCAR"", ""Quantidade"": 2.0, ""ValorUnitario"": 22.0, ""ValorFrete"": 0.0, ""DescontoUnitario"": 0.0, ""ValorTotal"": 44.0, ""PesoKG"": 0.0, ""Comprimento"": 0.0, ""Altura"": 0.0, ""Largura"": 0.0, ""FreteGratis"": false, ""ValorUnitarioFrete"": 1.0, ""PrazoEntregaFrete"": 0, ""ComissaoVendedor"": 0.0, ""Seguro"": 0.0, ""Composicoes"": [], ""Atributos"": null, ""ProductGroupId"": 1, ""Categoria"": ""COM AÇUCAR"", ""CategoriaID"": ""6344371e5b452fbeceeea9ec""}]";;2026-10-01T08:18:16.303-03:00;"[{""FormaPagamento"": ""Cartão de Débito"", ""DescricaoPagamento"": ""Descrição"", ""ValorPagamento"": 22.0, ""BandeiraCartao"": ""01"", ""NumeroTerminal"": null, ""DataTransacao"": ""2026-10-01T03:00:00Z"", ""CredenciadoraCartao"": ""STONE INSTITUICAO DE PAGAMENTO S.A"", ""CredenciadoraCNPJ"": ""16501555000157"", ""CV_NSU"": null, ""TipoIntegracao"": ""2"", ""CondicaoPagamento"": 0, ""Parcelas"": 1, ""PeriodoParcelas"": 30, ""Adiantamento"": 0.0, ""Quitar"": null}, {""FormaPagamento"": ""Dinheiro"", ""DescricaoPagamento"": ""Pagamento recebido em Dinheiro"", ""ValorPagamento"": 22.0, ""BandeiraCartao"": """", ""NumeroTerminal"": null, ""DataTransacao"": ""2026-10-01T03:00:00Z"", ""CredenciadoraCartao"": null, ""CredenciadoraCNPJ"": null, ""CV_NSU"": null, ""TipoIntegracao"": null, ""CondicaoPagamento"": 0, ""Parcelas"": 1, ""PeriodoParcelas"": 30, ""Adiantamento"": 0.0, ""Quitar"": null}]";;0.0;;2026-10-01T08:18:17.276-03:00;;;;;;0001-01-01T00:00:00-02:00;GRUPO_BARRA;GRUPO_BARRA_EMPORIO MIX_6abe4178de3d6305f93b1443
6abe44938a2598004513852a;;99705001;PDV;698e1e656e2979a65b3595b7;CLUB VANTAGEM BDC;66c8caacba311769cd7ddafd;EMPORIO MIX;Pedido Faturado;;Consumidor Final;2026-10-01T08:31:31.441-03:00;EMPORIO MIX;698e1dfa6e2979a65b359173;68d80f6b6748c1a40473684b;Andreia De Jesus Sousa Clube;68d80f6b6748c1a40473684b;79621260353;;Diego.Oalbuquerque@Hotmail.Com;28f81638-c595-4134-9287-9e27aa0e4112;Receitas PDV;PIX;635ae864cd43d34b928b24c4;0;0;;;2026-10-01T08:31:31.472-03:00;0001-01-01T00:00:00-02:00;0001-01-01T00:00:00-02:00;False;0.0;False;;False;0.0;Gerado automaticamente através do modulo PDV;0.0;;18.5;True;True;;;Brasil;;;;;;;;"[{""Id"": 1, ""Nome"": ""Grupo de Produtos Padrão - 01""}]";"[{""Codigo"": ""123213633323179"", ""Unidade"": """", ""Descricao"": ""123213633323179 - SALGADO FRITO"", ""Quantidade"": 1.0, ""ValorUnitario"": 4.0, ""ValorFrete"": 0.0, ""DescontoUnitario"": 0.0, ""ValorTotal"": 4.0, ""PesoKG"": 0.0, ""Comprimento"": 0.0, ""Altura"": 0.0, ""Largura"": 0.0, ""FreteGratis"": false, ""ValorUnitarioFrete"": 1.0, ""PrazoEntregaFrete"": 0, ""ComissaoVendedor"": 0.0, ""Seguro"": 0.0, ""Composicoes"": [], ""Atributos"": null, ""ProductGroupId"": 1, ""Categoria"": """", ""CategoriaID"": """"}, {""Codigo"": ""0211"", ""Unidade"": ""UN"", ""Descricao"": ""0211 - SUCO DE MARACUJA 1L - COM AÇUCAR"", ""Quantidade"": 1.0, ""ValorUnitario"": 14.5, ""ValorFrete"": 0.0, ""DescontoUnitario"": 0.0, ""ValorTotal"": 14.5, ""PesoKG"": 0.0, ""Comprimento"": 0.0, ""Altura"": 0.0, ""Largura"": 0.0, ""FreteGratis"": false, ""ValorUnitarioFrete"": 1.0, ""PrazoEntregaFrete"": 0, ""ComissaoVendedor"": 0.0, ""Seguro"": 0.0, ""Composicoes"": [], ""Atributos"": null, ""ProductGroupId"": 1, ""Categoria"": ""COM AÇUCAR"", ""CategoriaID"": ""6344371e5b452fbeceeea9ec""}]";;2026-10-01T08:31:31.472-03:00;"[{""FormaPagamento"": ""PIX"", ""DescricaoPagamento"": ""Pagamento recebido em PIX"", ""ValorPagamento"": 18.5, ""BandeiraCartao"": """", ""NumeroTerminal"": null, ""DataTransacao"": ""2026-10-01T03:00:00Z"", ""CredenciadoraCartao"": null, ""CredenciadoraCNPJ"": null, ""CV_NSU"": null, ""TipoIntegracao"": null, ""CondicaoPagamento"": 0, ""Parcelas"": 1, ""PeriodoParcelas"": 30, ""Adiantamento"": 0.0, ""Quitar"": null}]";;0.0;;2026-10-01T08:31:32.333-03:00;;;;;;0001-01-01T00:00:00-02:00;GRUPO_BARRA;GRUPO_BARRA_EMPORIO MIX_6abe44938a2598004513852a
6abe46b69c74cd6eecee8e43;;99705008;PDV;698e1e656e2979a65b3595b7;EMPORIO MIX;69a397811c48b3770d64e993;EMPORIO MIX;Pedido Faturado;;Consumidor Final;2026-10-01T08:40:37.998-03:00;EMPORIO MIX;698e1dfa6e2979a65b359173;659057a8395f2736400d9dbd;CONSUMIDOR NÃO IDENTIFICADO;659057a8395f2736400d9dbd;;;Diego.Oalbuquerque@Hotmail.Com;28f81638-c595-4134-9287-9e27aa0e4112;Receitas PDV;Dinheiro;5b648d1c3498afae6d5bfd89;0;0;;;2026-10-01T08:40:38.045-03:00;0001-01-01T00:00:00-02:00;0001-01-01T00:00:00-02:00;False;0.0;False;;False;0.0;Gerado automaticamente através do modulo PDV;0.0;;26.0;True;True;;;;;;;;;;;"[{""Id"": 1, ""Nome"": ""Grupo de Produtos Padrão - 01""}]";"[{""Codigo"": ""0222"", ""Unidade"": ""UN"", ""Descricao"": ""0222 - SUCO DE GOIABA 2L - COM AÇUCAR"", ""Quantidade"": 1.0, ""ValorUnitario"": 26.0, ""ValorFrete"": 0.0, ""DescontoUnitario"": 0.0, ""ValorTotal"": 26.0, ""PesoKG"": 0.0, ""Comprimento"": 0.0, ""Altura"": 0.0, ""Largura"": 0.0, ""FreteGratis"": false, ""ValorUnitarioFrete"": 1.0, ""PrazoEntregaFrete"": 0, ""ComissaoVendedor"": 0.0, ""Seguro"": 0.0, ""Composicoes"": [], ""Atributos"": null, ""ProductGroupId"": 1, ""Categoria"": ""COM AÇUCAR"", ""CategoriaID"": ""6344371e5b452fbeceeea9ec""}]";;2026-10-01T08:40:38.045-03:00;"[{""FormaPagamento"": ""Dinheiro"", ""DescricaoPagamento"": ""Pagamento recebido em Dinheiro"", ""ValorPagamento"": 26.0, ""BandeiraCartao"": """", ""NumeroTerminal"": null, ""DataTransacao"": ""2026-10-01T03:00:00Z"", ""CredenciadoraCartao"": null, ""CredenciadoraCNPJ"": null, ""CV_NSU"": null, ""TipoIntegracao"": null, ""CondicaoPagamento"": 0, ""Parcelas"": 1, ""PeriodoParcelas"": 30, ""Adiantamento"": 0.0, ""Quitar"": null}]";;0.0;;2026-10-01T08:40:38.827-03:00;;;;;;0001-01-01T00:00:00-02:00;GRUPO_BARRA;GRUPO_BARRA_EMPORIO MIX_6abe46b69c74cd6eecee8e43
6abe490f0e394172fe636a94;;99705017;PDV;698e1e656e2979a65b3595b7;CLUB VANTAGEM BDC;66c8caacba311769cd7ddafd;EMPORIO MIX;Pedido Faturado;;Consumidor Final;2026-10-01T08:50:39.499-03:00;EMPORIO MIX;698e1dfa6e2979a65b359173;69a89bdc8834b6a944a0b350;DAIANA BEZERRA MENDES CLUBE;69a89bdc8834b6a944a0b350;05925862350;;Diego.Oalbuquerque@Hotmail.Com;28f81638-c595-4134-9287-9e27aa0e4112;Receitas PDV;Dinheiro;5b648d1c3498afae6d5bfd89;0;0;;;2026-10-01T08:50:39.559-03:00;0001-01-01T00:00:00-02:00;0001-01-01T00:00:00-02:00;False;0.0;False;;False;0.0;Gerado automaticamente através do modulo PDV;0.0;;27.0;True;True;;;Brasil;;;;;;;;"[{""Id"": 1, ""Nome"": ""Grupo de Produtos Padrão - 01""}]";"[{""Codigo"": ""0224"", ""Unidade"": ""UN"", ""Descricao"": ""0224 - SUCO DE LARANJA 2L - COM AÇUCAR"", ""Quantidade"": 1.0, ""ValorUnitario"": 27.0, ""ValorFrete"": 0.0, ""DescontoUnitario"": 0.0, ""ValorTotal"": 27.0, ""PesoKG"": 0.0, ""Comprimento"": 0.0, ""Altura"": 0.0, ""Largura"": 0.0, ""FreteGratis"": false, ""ValorUnitarioFrete"": 1.0, ""PrazoEntregaFrete"": 0, ""ComissaoVendedor"": 0.0, ""Seguro"": 0.0, ""Composicoes"": [], ""Atributos"": null, ""ProductGroupId"": 1, ""Categoria"": ""COM AÇUCAR"", ""CategoriaID"": ""6344371e5b452fbeceeea9ec""}]";;2026-10-01T08:50:39.559-03:00;"[{""FormaPagamento"": ""Dinheiro"", ""DescricaoPagamento"": ""Pagamento recebido em Dinheiro"", ""ValorPagamento"": 27.0, ""BandeiraCartao"": """", ""NumeroTerminal"": null, ""DataTransacao"": ""2026-10-01T03:00:00Z"", ""CredenciadoraCartao"": null, ""CredenciadoraCNPJ"": null, ""CV_NSU"": null, ""TipoIntegracao"": null, ""CondicaoPagamento"": 0, ""Parcelas"": 1, ""PeriodoParcelas"": 30, ""Adiantamento"": 0.0, ""Quitar"": null}]";;0.0;;2026-10-01T08:50:40.343-03:00;;;;;;0001-01-01T00:00:00-02:00;GRUPO_BARRA;GRUPO_BARRA_EMPORIO MIX_6abe490f0e394172fe636a94
6abe5514aa0b5eef7cd60353;;99705053;PDV;698e1e656e2979a65b3595b7;EMPORIO MIX;69a397811c48b3770d64e993;EMPORIO MIX;Pedido Faturado;;Consumidor Final;2026-10-01T09:41:56.666-03:00;EMPORIO MIX;698e1dfa6e2979a65b359173;659057a8395f2736400d9dbd;CONSUMIDOR NÃO IDENTIFICADO;659057a8395f2736400d9dbd;;;Diego.Oalbuquerque@Hotmail.Com;28f81638-c595-4134-9287-9e27aa0e4112;Receitas PDV;Dinheiro;5b648d1c3498afae6d5bfd89;0;0;;;2026-10-01T09:41:56.719-03:00;0001-01-01T00:00:00-02:00;0001-01-01T00:00:00-02:00;False;0.0;False;;False;0.0;Gerado automaticamente através do modulo PDV;0.0;;5.0;True;True;;;;;;;;;;;"[{""Id"": 1, ""Nome"": ""Grupo de Produtos Padrão - 01""}]";"[{""Codigo"": ""123213633322934"", ""Unidade"": """", ""Descricao"": ""123213633322934 - AGUA DAFONTE 500ML"", ""Quantidade"": 1.0, ""ValorUnitario"": 2.0, ""ValorFrete"": 0.0, ""DescontoUnitario"": 0.0, ""ValorTotal"": 2.0, ""PesoKG"": 0.0, ""Comprimento"": 0.0, ""Altura"": 0.0, ""Largura"": 0.0, ""FreteGratis"": false, ""ValorUnitarioFrete"": 1.0, ""PrazoEntregaFrete"": 0, ""ComissaoVendedor"": 0.0, ""Seguro"": 0.0, ""Composicoes"": [], ""Atributos"": null, ""ProductGroupId"": 1, ""Categoria"": """", ""CategoriaID"": """"}, {""Codigo"": ""123213633323303"", ""Unidade"": """", ""Descricao"": ""123213633323303 - COCA COLA LATA 220ML"", ""Quantidade"": 1.0, ""ValorUnitario"": 3.0, ""ValorFrete"": 0.0, ""DescontoUnitario"": 0.0, ""ValorTotal"": 3.0, ""PesoKG"": 0.0, ""Comprimento"": 0.0, ""Altura"": 0.0, ""Largura"": 0.0, ""FreteGratis"": false, ""ValorUnitarioFrete"": 1.0, ""PrazoEntregaFrete"": 0, ""ComissaoVendedor"": 0.0, ""Seguro"": 0.0, ""Composicoes"": [], ""Atributos"": null, ""ProductGroupId"": 1, ""Categoria"": """", ""CategoriaID"": """"}]";;2026-10-01T09:41:56.719-03:00;"[{""FormaPagamento"": ""Dinheiro"", ""DescricaoPagamento"": ""Pagamento recebido em Dinheiro"", ""ValorPagamento"": 5.0, ""BandeiraCartao"": """", ""NumeroTerminal"": null, ""DataTransacao"": ""2026-10-01T03:00:00Z"", ""CredenciadoraCartao"": null, ""CredenciadoraCNPJ"": null, ""CV_NSU"": null, ""TipoIntegracao"": null, ""CondicaoPagamento"": 0, ""Parcelas"": 1, ""PeriodoParcelas"": 30, ""Adiantamento"": 0.0, ""Quitar"": null}]";;0.0;;2026-10-01T09:41:57.423-03:00;;;;;;0001-01-01T00:00:00-02:00;GRUPO_BARRA;GRUPO_BARRA_EMPORIO MIX_6abe5514aa0b5eef7cd60353
6abe5c85b36b21c5cbfc43cc;;99705070;PDV;698e1e656e2979a65b3595b7;EMPORIO MIX;69a397811c48b3770d64e993;EMPORIO MIX;Pedido Faturado;;Consumidor Final;2026-10-01T10:13:40.926-03:00;EMPORIO MIX;698e1dfa6e2979a65b359173;659057a8395f2736400d9dbd;CONSUMIDOR NÃO IDENTIFICADO;659057a8395f2736400d9dbd;;;Diego.Oalbuquerque@Hotmail.Com;28f81638-c595-4134-9287-9e27aa0e4112;Receitas PDV;PIX;635ae864cd43d34b928b24c4;0;0;;;2026-10-01T10:13:40.973-03:00;0001-01-01T00:00:00-02:00;0001-01-01T00:00:00-02:00;False;0.0;False;;False;0.0;Gerado automaticamente através do modulo PDV;0.0;;57.0;True;True;;;;;;;;;;;"[{""Id"": 1, ""Nome"": ""Grupo de Produtos Padrão - 01""}]";"[{""Codigo"": ""123213633323179"", ""Unidade"": """", ""Descricao"": ""123213633323179 - SALGADO FRITO"", ""Quantidade"": 6.0, ""ValorUnitario"": 4.0, ""ValorFrete"": 0.0, ""DescontoUnitario"": 0.0, ""ValorTotal"": 24.0, ""PesoKG"": 0.0, ""Comprimento"": 0.0, ""Altura"": 0.0, ""Largura"": 0.0, ""FreteGratis"": false, ""ValorUnitarioFrete"": 1.0, ""PrazoEntregaFrete"": 0, ""ComissaoVendedor"": 0.0, ""Seguro"": 0.0, ""Composicoes"": [], ""Atributos"": null, ""ProductGroupId"": 1, ""Categoria"": """", ""CategoriaID"": """"}, {""Codigo"": ""123213633323778"", ""Unidade"": """", ""Descricao"": ""123213633323778 - PÃO DE MEL 30G"", ""Quantidade"": 2.0, ""ValorUnitario"": 2.5, ""ValorFrete"": 0.0, ""DescontoUnitario"": 0.0, ""ValorTotal"": 5.0, ""PesoKG"": 0.0, ""Comprimento"": 0.0, ""Altura"": 0.0, ""Largura"": 0.0, ""FreteGratis"": false, ""ValorUnitarioFrete"": 1.0, ""PrazoEntregaFrete"": 0, ""ComissaoVendedor"": 0.0, ""Seguro"": 0.0, ""Composicoes"": [], ""Atributos"": null, ""ProductGroupId"": 1, ""Categoria"": """", ""CategoriaID"": """"}, {""Codigo"": ""123213633323840"", ""Unidade"": null, ""Descricao"": ""123213633323840 - BIS CHOCOLATE BRANCO 100,8G"", ""Quantidade"": 1.0, ""ValorUnitario"": 12.0, ""ValorFrete"": 0.0, ""DescontoUnitario"": 0.0, ""ValorTotal"": 12.0, ""PesoKG"": 0.0, ""Comprimento"": 0.0, ""Altura"": 0.0, ""Largura"": 0.0, ""FreteGratis"": false, ""ValorUnitarioFrete"": 1.0, ""PrazoEntregaFrete"": 0, ""ComissaoVendedor"": 0.0, ""Seguro"": 0.0, ""Composicoes"": [], ""Atributos"": null, ""ProductGroupId"": 1, ""Categoria"": """", ""CategoriaID"": null}, {""Codigo"": ""123213633323038"", ""Unidade"": """", ""Descricao"": ""123213633323038 - BOLINHO ROLL CHOCOLATE 34G"", ""Quantidade"": 2.0, ""ValorUnitario"": 1.999, ""ValorFrete"": 0.0, ""DescontoUnitario"": 0.0, ""ValorTotal"": 4.0, ""PesoKG"": 0.0, ""Comprimento"": 0.0, ""Altura"": 0.0, ""Largura"": 0.0, ""FreteGratis"": false, ""ValorUnitarioFrete"": 1.0, ""PrazoEntregaFrete"": 0, ""ComissaoVendedor"": 0.0, ""Seguro"": 0.0, ""Composicoes"": [], ""Atributos"": null, ""ProductGroupId"": 1, ""Categoria"": """", ""CategoriaID"": """"}, {""Codigo"": ""123213633322977"", ""Unidade"": """", ""Descricao"": ""123213633322977 - NESCAU LIQUIDO 180ML"", ""Quantidade"": 2.0, ""ValorUnitario"": 3.0, ""ValorFrete"": 0.0, ""DescontoUnitario"": 0.0, ""ValorTotal"": 6.0, ""PesoKG"": 0.0, ""Comprimento"": 0.0, ""Altura"": 0.0, ""Largura"": 0.0, ""FreteGratis"": false, ""ValorUnitarioFrete"": 1.0, ""PrazoEntregaFrete"": 0, ""ComissaoVendedor"": 0.0, ""Seguro"": 0.0, ""Composicoes"": [], ""Atributos"": null, ""ProductGroupId"": 1, ""Categoria"": """", ""CategoriaID"": """"}, {""Codigo"": ""123213633323030"", ""Unidade"": """", ""Descricao"": ""123213633323030 - KAPO MORANGO 200ML"", ""Quantidade"": 2.0, ""ValorUnitario"": 3.0, ""ValorFrete"": 0.0, ""DescontoUnitario"": 0.0, ""ValorTotal"": 6.0, ""PesoKG"": 0.0, ""Comprimento"": 0.0, ""Altura"": 0.0, ""Largura"": 0.0, ""FreteGratis"": false, ""ValorUnitarioFrete"": 1.0, ""PrazoEntregaFrete"": 0, ""ComissaoVendedor"": 0.0, ""Seguro"": 0.0, ""Composicoes"": [], ""Atributos"": null, ""ProductGroupId"": 1, ""Categoria"": """", ""CategoriaID"": """"}]";;2026-10-01T10:13:40.973-03:00;"[{""FormaPagamento"": ""PIX"", ""DescricaoPagamento"": ""Pagamento recebido em PIX"", ""ValorPagamento"": 57.0, ""BandeiraCartao"": """", ""NumeroTerminal"": null, ""DataTransacao"": ""2026-10-01T03:00:00Z"", ""CredenciadoraCartao"": null, ""CredenciadoraCNPJ"": null, ""CV_NSU"": null, ""TipoIntegracao"": null, ""CondicaoPagamento"": 0, ""Parcelas"": 1, ""PeriodoParcelas"": 30, ""Adiantamento"": 0.0, ""Quitar"": null}]";;0.0;;2026-10-01T10:13:42.698-03:00;;;;;;0001-01-01T00:00:00-02:00;GRUPO_BARRA;GRUPO_BARRA_EMPORIO MIX_6abe5c85b36b21c5cbfc43cc
6abe65a0f408cfa759bc082d;;99705098;PDV;698e1e656e2979a65b3595b7;CLUB VANTAGEM BDC;66c8caacba311769cd7ddafd;EMPORIO MIX;Pedido Faturado;;Consumidor Final;2026-10-01T10:52:32.462-03:00;EMPORIO MIX;698e1dfa6e2979a65b359173;68c06e23971c8770240f5dcf;Roseane da Silva Batista CLUBE;68c06e23971c8770240f5dcf;07313376383;;Diego.Oalbuquerque@Hotmail.Com;28f81638-c595-4134-9287-9e27aa0e4112;Receitas PDV;Dinheiro;5b648d1c3498afae6d5bfd89;0;0;;;2026-10-01T10:52:32.493-03:00;0001-01-01T00:00:00-02:00;0001-01-01T00:00:00-02:00;False;0.0;False;;False;0.0;Gerado automaticamente através do modulo PDV;0.0;;25.96;True;True;;;Brasil;;;;;;;;"[{""Id"": 1, ""Nome"": ""Grupo de Produtos Padrão - 01""}]";"[{""Codigo"": ""123213633323366"", ""Unidade"": """", ""Descricao"": ""123213633323366 - PÃO DE QUEIJO"", ""Quantidade"": 2.0, ""ValorUnitario"": 2.0, ""ValorFrete"": 0.0, ""DescontoUnitario"": 0.0, ""ValorTotal"": 4.0, ""PesoKG"": 0.0, ""Comprimento"": 0.0, ""Altura"": 0.0, ""Largura"": 0.0, ""FreteGratis"": false, ""ValorUnitarioFrete"": 1.0, ""PrazoEntregaFrete"": 0, ""ComissaoVendedor"": 0.0, ""Seguro"": 0.0, ""Composicoes"": [], ""Atributos"": null, ""ProductGroupId"": 1, ""Categoria"": """", ""CategoriaID"": """"}, {""Codigo"": ""123213633323061"", ""Unidade"": """", ""Descricao"": ""123213633323061 - BOLINHO GOTAS BAUDUCC 40G"", ""Quantidade"": 4.0, ""ValorUnitario"": 1.99, ""ValorFrete"": 0.0, ""DescontoUnitario"": 0.0, ""ValorTotal"": 7.96, ""PesoKG"": 0.0, ""Comprimento"": 0.0, ""Altura"": 0.0, ""Largura"": 0.0, ""FreteGratis"": false, ""ValorUnitarioFrete"": 1.0, ""PrazoEntregaFrete"": 0, ""ComissaoVendedor"": 0.0, ""Seguro"": 0.0, ""Composicoes"": [], ""Atributos"": null, ""ProductGroupId"": 1, ""Categoria"": """", ""CategoriaID"": """"}, {""Codigo"": ""0209"", ""Unidade"": ""UN"", ""Descricao"": ""0209 - SUCO DE LARANJA 1L - COM AÇUCAR"", ""Quantidade"": 1.0, ""ValorUnitario"": 14.0, ""ValorFrete"": 0.0, ""DescontoUnitario"": 0.0, ""ValorTotal"": 14.0, ""PesoKG"": 0.0, ""Comprimento"": 0.0, ""Altura"": 0.0, ""Largura"": 0.0, ""FreteGratis"": false, ""ValorUnitarioFrete"": 1.0, ""PrazoEntregaFrete"": 0, ""ComissaoVendedor"": 0.0, ""Seguro"": 0.0, ""Composicoes"": [], ""Atributos"": null, ""ProductGroupId"": 1, ""Categoria"": ""COM AÇUCAR"", ""CategoriaID"": ""6344371e5b452fbeceeea9ec""}]";;2026-10-01T10:52:32.493-03:00;"[{""FormaPagamento"": ""Dinheiro"", ""DescricaoPagamento"": ""Pagamento recebido em Dinheiro"", ""ValorPagamento"": 25.96, ""BandeiraCartao"": """", ""NumeroTerminal"": null, ""DataTransacao"": ""2026-10-01T03:00:00Z"", ""CredenciadoraCartao"": null, ""CredenciadoraCNPJ"": null, ""CV_NSU"": null, ""TipoIntegracao"": null, ""CondicaoPagamento"": 0, ""Parcelas"": 1, ""PeriodoParcelas"": 30, ""Adiantamento"": 0.0, ""Quitar"": null}]";;0.0;;2026-10-01T10:52:33.385-03:00;;;;;;0001-01-01T00:00:00-02:00;GRUPO_BARRA;GRUPO_BARRA_EMPORIO MIX_6abe65a0f408cfa759bc082d
6abe6637b21659cd59f2f0a9;;99705101;PDV;698e1e656e2979a65b3595b7;CLUB VANTAGEM BDC;66c8caacba311769cd7ddafd;EMPORIO MIX;Pedido Faturado;;Consumidor Final;2026-10-01T10:55:03.65-03:00;EMPORIO MIX;698e1dfa6e2979a65b359173;695e65f5207b10eb3e9f5fa0;GERERSON OLIVEIRA CORTEZ CLUBE;695e65f5207b10eb3e9f5fa0;61474107338;;Diego.Oalbuquerque@Hotmail.Com;28f81638-c595-4134-9287-9e27aa0e4112;Receitas PDV;Cartão de Débito;5b648d993498afae6d5c361b;0;0;;;2026-10-01T10:55:03.853-03:00;0001-01-01T00:00:00-02:00;0001-01-01T00:00:00-02:00;False;0.0;False;;False;0.0;Gerado automaticamente através do modulo PDV;0.0;;23.0;True;True;;;Brasil;;;;;;;;"[{""Id"": 1, ""Nome"": ""Grupo de Produtos Padrão - 01""}]";"[{""Codigo"": ""0222"", ""Unidade"": ""UN"", ""Descricao"": ""0222 - SUCO DE GOIABA 2L - COM AÇUCAR"", ""Quantidade"": 1.0, ""ValorUnitario"": 23.0, ""ValorFrete"": 0.0, ""DescontoUnitario"": 0.0, ""ValorTotal"": 23.0, ""PesoKG"": 0.0, ""Comprimento"": 0.0, ""Altura"": 0.0, ""Largura"": 0.0, ""FreteGratis"": false, ""ValorUnitarioFrete"": 1.0, ""PrazoEntregaFrete"": 0, ""ComissaoVendedor"": 0.0, ""Seguro"": 0.0, ""Composicoes"": [], ""Atributos"": null, ""ProductGroupId"": 1, ""Categoria"": ""COM AÇUCAR"", ""CategoriaID"": ""6344371e5b452fbeceeea9ec""}]";;2026-10-01T10:55:03.853-03:00;"[{""FormaPagamento"": ""Cartão de Débito"", ""DescricaoPagamento"": ""Pagamento recebido em Cartão de Débito"", ""ValorPagamento"": 23.0, ""BandeiraCartao"": ""01"", ""NumeroTerminal"": null, ""DataTransacao"": ""2026-10-01T03:00:00Z"", ""CredenciadoraCartao"": null, ""CredenciadoraCNPJ"": null, ""CV_NSU"": null, ""TipoIntegracao"": null, ""CondicaoPagamento"": 0, ""Parcelas"": 1, ""PeriodoParcelas"": 30, ""Adiantamento"": 0.0, ""Quitar"": null}]";;0.0;;2026-10-01T10:55:06.86-03:00;;;;;;0001-01-01T00:00:00-02:00;GRUPO_BARRA;GRUPO_BARRA_EMPORIO MIX_6abe6637b21659cd59f2f0a9
6abe6c1f7064f37d84a04a41;;99705123;PDV;698e1e656e2979a65b3595b7;EMPORIO MIX;69a397811c48b3770d64e993;EMPORIO MIX;Pedido Faturado;;Consumidor Final;2026-10-01T11:20:14.998-03:00;EMPORIO MIX;698e1dfa6e2979a65b359173;659057a8395f2736400d9dbd;CONSUMIDOR NÃO IDENTIFICADO;659057a8395f2736400d9dbd;;;Diego.Oalbuquerque@Hotmail.Com;28f81638-c595-4134-9287-9e27aa0e4112;Receitas PDV;Cartão de Débito;5b648d993498afae6d5c361b;0;0;;;2026-10-01T11:20:15.066-03:00;0001-01-01T00:00:00-02:00;0001-01-01T00:00:00-02:00;False;0.0;False;;False;0.0;Gerado automaticamente através do modulo PDV;0.0;;1.99;True;True;;;;;;;;;;;"[{""Id"": 1, ""Nome"": ""Grupo de Produtos Padrão - 01""}]";"[{""Codigo"": ""123213633323044"", ""Unidade"": """", ""Descricao"": ""123213633323044 - BOLINHO DUPLO CHOCOLATE"", ""Quantidade"": 1.0, ""ValorUnitario"": 1.99, ""ValorFrete"": 0.0, ""DescontoUnitario"": 0.0, ""ValorTotal"": 1.99, ""PesoKG"": 0.0, ""Comprimento"": 0.0, ""Altura"": 0.0, ""Largura"": 0.0, ""FreteGratis"": false, ""ValorUnitarioFrete"": 1.0, ""PrazoEntregaFrete"": 0, ""ComissaoVendedor"": 0.0, ""Seguro"": 0.0, ""Composicoes"": [], ""Atributos"": null, ""ProductGroupId"": 1, ""Categoria"": """", ""CategoriaID"": """"}]";;2026-10-01T11:20:15.066-03:00;"[{""FormaPagamento"": ""Cartão de Débito"", ""DescricaoPagamento"": ""Pagamento recebido em Cartão de Débito"", ""ValorPagamento"": 1.99, ""BandeiraCartao"": ""01"", ""NumeroTerminal"": null, ""DataTransacao"": ""2026-10-01T03:00:00Z"", ""CredenciadoraCartao"": ""STONE INSTITUICAO DE PAGAMENTO S.A"", ""CredenciadoraCNPJ"": ""16501555000157"", ""CV_NSU"": null, ""TipoIntegracao"": ""2"", ""CondicaoPagamento"": 0, ""Parcelas"": 1, ""PeriodoParcelas"": 30, ""Adiantamento"": 0.0, ""Quitar"": null}]";;0.0;;2026-10-01T11:20:15.833-03:00;;;;;;0001-01-01T00:00:00-02:00;GRUPO_BARRA;GRUPO_BARRA_EMPORIO MIX_6abe6c1f7064f37d84a04a41
6abe6c55b36b21c5cbfddc4b;;99705125;PDV;698e1e656e2979a65b3595b7;EMPORIO MIX;69a397811c48b3770d64e993;EMPORIO MIX;Pedido Faturado;;Consumidor Final;2026-10-01T11:21:09.367-03:00;EMPORIO MIX;698e1dfa6e2979a65b359173;659057a8395f2736400d9dbd;CONSUMIDOR NÃO IDENTIFICADO;659057a8395f2736400d9dbd;;;Diego.Oalbuquerque@Hotmail.Com;28f81638-c595-4134-9287-9e27aa0e4112;Receitas PDV;Cartão de Débito;5b648d993498afae6d5c361b;0;0;;;2026-10-01T11:21:09.43-03:00;0001-01-01T00:00:00-02:00;0001-01-01T00:00:00-02:00;False;0.0;False;;False;0.0;Gerado automaticamente através do modulo PDV;0.0;;4.49;True;True;;;;;;;;;;;"[{""Id"": 1, ""Nome"": ""Grupo de Produtos Padrão - 01""}]";"[{""Codigo"": ""123213633323044"", ""Unidade"": """", ""Descricao"": ""123213633323044 - BOLINHO DUPLO CHOCOLATE"", ""Quantidade"": 1.0, ""ValorUnitario"": 1.99, ""ValorFrete"": 0.0, ""DescontoUnitario"": 0.0, ""ValorTotal"": 1.99, ""PesoKG"": 0.0, ""Comprimento"": 0.0, ""Altura"": 0.0, ""Largura"": 0.0, ""FreteGratis"": false, ""ValorUnitarioFrete"": 1.0, ""PrazoEntregaFrete"": 0, ""ComissaoVendedor"": 0.0, ""Seguro"": 0.0, ""Composicoes"": [], ""Atributos"": null, ""ProductGroupId"": 1, ""Categoria"": """", ""CategoriaID"": """"}, {""Codigo"": ""123213633323608"", ""Unidade"": """", ""Descricao"": ""123213633323608 - BISC OREO ORIGINAL 36G"", ""Quantidade"": 1.0, ""ValorUnitario"": 2.5, ""ValorFrete"": 0.0, ""DescontoUnitario"": 0.0, ""ValorTotal"": 2.5, ""PesoKG"": 0.0, ""Comprimento"": 0.0, ""Altura"": 0.0, ""Largura"": 0.0, ""FreteGratis"": false, ""ValorUnitarioFrete"": 1.0, ""PrazoEntregaFrete"": 0, ""ComissaoVendedor"": 0.0, ""Seguro"": 0.0, ""Composicoes"": [], ""Atributos"": null, ""ProductGroupId"": 1, ""Categoria"": """", ""CategoriaID"": """"}]";;2026-10-01T11:21:09.43-03:00;"[{""FormaPagamento"": ""Cartão de Débito"", ""DescricaoPagamento"": ""Pagamento recebido em Cartão de Débito"", ""ValorPagamento"": 4.49, ""BandeiraCartao"": ""01"", ""NumeroTerminal"": null, ""DataTransacao"": ""2026-10-01T03:00:00Z"", ""CredenciadoraCartao"": ""STONE INSTITUICAO DE PAGAMENTO S.A"", ""CredenciadoraCNPJ"": ""16501555000157"", ""CV_NSU"": null, ""TipoIntegracao"": ""2"", ""CondicaoPagamento"": 0, ""Parcelas"": 1, ""PeriodoParcelas"": 30, ""Adiantamento"": 0.0, ""Quitar"": null}]";;0.0;;2026-10-01T11:21:10.729-03:00;;;;;;0001-01-01T00:00:00-02:00;GRUPO_BARRA;GRUPO_BARRA_EMPORIO MIX_6abe6c55b36b21c5cbfddc4b
6abe6df39a755c33b3f600c4;;99705127;PDV;698e1e656e2979a65b3595b7;CLUB VANTAGEM BDC;66c8caacba311769cd7ddafd;EMPORIO MIX;Pedido Faturado;;Consumidor Final;2026-10-01T11:28:03.874-03:00;EMPORIO MIX;698e1dfa6e2979a65b359173;692449bb8519e25a4a836283;NELCILEIDE DE ALMEIDA LIMA CLUB;692449bb8519e25a4a836283;86043730391;trizidela.bdc@csm.com;Diego.Oalbuquerque@Hotmail.Com;28f81638-c595-4134-9287-9e27aa0e4112;Receitas PDV;Dinheiro;5b648d1c3498afae6d5bfd89;0;0;;;2026-10-01T11:28:03.953-03:00;0001-01-01T00:00:00-02:00;0001-01-01T00:00:00-02:00;False;0.0;False;;False;0.0;Gerado automaticamente através do modulo PDV;0.0;;5.5;True;True;Barra do Corda;2101608;Brasil;65950000;MA;21;TRIZIDELA;RUA RIO ARAGUAIA;145;;"[{""Id"": 1, ""Nome"": ""Grupo de Produtos Padrão - 01""}]";"[{""Codigo"": ""0229"", ""Unidade"": ""UN"", ""Descricao"": ""0229 - SUCO DE ACEROLA 300ML - COM AÇUCAR"", ""Quantidade"": 1.0, ""ValorUnitario"": 5.5, ""ValorFrete"": 0.0, ""DescontoUnitario"": 0.0, ""ValorTotal"": 5.5, ""PesoKG"": 0.0, ""Comprimento"": 0.0, ""Altura"": 0.0, ""Largura"": 0.0, ""FreteGratis"": false, ""ValorUnitarioFrete"": 1.0, ""PrazoEntregaFrete"": 0, ""ComissaoVendedor"": 0.0, ""Seguro"": 0.0, ""Composicoes"": [], ""Atributos"": null, ""ProductGroupId"": 1, ""Categoria"": ""COM AÇUCAR"", ""CategoriaID"": ""6344371e5b452fbeceeea9ec""}]";;2026-10-01T11:28:03.953-03:00;"[{""FormaPagamento"": ""Dinheiro"", ""DescricaoPagamento"": ""Pagamento recebido em Dinheiro"", ""ValorPagamento"": 5.5, ""BandeiraCartao"": """", ""NumeroTerminal"": null, ""DataTransacao"": ""2026-10-01T03:00:00Z"", ""CredenciadoraCartao"": null, ""CredenciadoraCNPJ"": null, ""CV_NSU"": null, ""TipoIntegracao"": null, ""CondicaoPagamento"": 0, ""Parcelas"": 1, ""PeriodoParcelas"": 30, ""Adiantamento"": 0.0, ""Quitar"": null}]";;0.0;;2026-10-01T11:28:05.629-03:00;;;;;;0001-01-01T00:00:00-02:00;GRUPO_BARRA;GRUPO_BARRA_EMPORIO MIX_6abe6df39a755c33b3f600c4
6abe6eaa8a2598004517a4d9;;99705129;PDV;698e1e656e2979a65b3595b7;EMPORIO MIX;69a397811c48b3770d64e993;EMPORIO MIX;Pedido Faturado;;Consumidor Final;2026-10-01T11:31:06.765-03:00;EMPORIO MIX;698e1dfa6e2979a65b359173;659057a8395f2736400d9dbd;CONSUMIDOR NÃO IDENTIFICADO;659057a8395f2736400d9dbd;;;Diego.Oalbuquerque@Hotmail.Com;28f81638-c595-4134-9287-9e27aa0e4112;Receitas PDV;Cartão de Débito;5b648d993498afae6d5c361b;0;0;;;2026-10-01T11:31:06.797-03:00;0001-01-01T00:00:00-02:00;0001-01-01T00:00:00-02:00;False;0.0;False;;False;0.0;Gerado automaticamente através do modulo PDV;0.0;;12.5;True;True;;;;;;;;;;;"[{""Id"": 1, ""Nome"": ""Grupo de Produtos Padrão - 01""}]";"[{""Codigo"": ""123213633322907"", ""Unidade"": """", ""Descricao"": ""123213633322907 - COCA ORIG 2LT"", ""Quantidade"": 1.0, ""ValorUnitario"": 12.5, ""ValorFrete"": 0.0, ""DescontoUnitario"": 0.0, ""ValorTotal"": 12.5, ""PesoKG"": 0.0, ""Comprimento"": 0.0, ""Altura"": 0.0, ""Largura"": 0.0, ""FreteGratis"": false, ""ValorUnitarioFrete"": 1.0, ""PrazoEntregaFrete"": 0, ""ComissaoVendedor"": 0.0, ""Seguro"": 0.0, ""Composicoes"": [], ""Atributos"": null, ""ProductGroupId"": 1, ""Categoria"": """", ""CategoriaID"": """"}]";;2026-10-01T11:31:06.797-03:00;"[{""FormaPagamento"": ""Cartão de Débito"", ""DescricaoPagamento"": ""Pagamento recebido em Cartão de Débito"", ""ValorPagamento"": 12.5, ""BandeiraCartao"": ""02"", ""NumeroTerminal"": null, ""DataTransacao"": ""2026-10-01T03:00:00Z"", ""CredenciadoraCartao"": ""STONE INSTITUICAO DE PAGAMENTO S.A"", ""CredenciadoraCNPJ"": ""16501555000157"", ""CV_NSU"": null, ""TipoIntegracao"": ""2"", ""CondicaoPagamento"": 0, ""Parcelas"": 1, ""PeriodoParcelas"": 30, ""Adiantamento"": 0.0, ""Quitar"": null}]";;0.0;;2026-10-01T11:31:07.626-03:00;;;;;;0001-01-01T00:00:00-02:00;GRUPO_BARRA;GRUPO_BARRA_EMPORIO MIX_6abe6eaa8a2598004517a4d9
6abe70f8b36b21c5cbfe55be;;99705154;PDV;698e1e656e2979a65b3595b7;CLUB VANTAGEM BDC;66c8caacba311769cd7ddafd;EMPORIO MIX;Pedido Faturado;;Consumidor Final;2026-10-01T11:40:56.074-03:00;EMPORIO MIX;698e1dfa6e2979a65b359173;68c6d62d9815cba09b11af06;Marcos Dione  CLUBE;68c6d62d9815cba09b11af06;01732697370;;Diego.Oalbuquerque@Hotmail.Com;28f81638-c595-4134-9287-9e27aa0e4112;Receitas PDV;PIX;635ae864cd43d34b928b24c4;0;0;;;2026-10-01T11:40:56.12-03:00;0001-01-01T00:00:00-02:00;0001-01-01T00:00:00-02:00;False;0.0;False;;False;0.0;Gerado automaticamente através do modulo PDV;0.0;;27.0;True;True;;;Brasil;;;;;;;;"[{""Id"": 1, ""Nome"": ""Grupo de Produtos Padrão - 01""}]";"[{""Codigo"": ""0224"", ""Unidade"": ""UN"", ""Descricao"": ""0224 - SUCO DE LARANJA 2L - COM AÇUCAR"", ""Quantidade"": 1.0, ""ValorUnitario"": 27.0, ""ValorFrete"": 0.0, ""DescontoUnitario"": 0.0, ""ValorTotal"": 27.0, ""PesoKG"": 0.0, ""Comprimento"": 0.0, ""Altura"": 0.0, ""Largura"": 0.0, ""FreteGratis"": false, ""ValorUnitarioFrete"": 1.0, ""PrazoEntregaFrete"": 0, ""ComissaoVendedor"": 0.0, ""Seguro"": 0.0, ""Composicoes"": [], ""Atributos"": null, ""ProductGroupId"": 1, ""Categoria"": ""COM AÇUCAR"", ""CategoriaID"": ""6344371e5b452fbeceeea9ec""}]";;2026-10-01T11:40:56.12-03:00;"[{""FormaPagamento"": ""PIX"", ""DescricaoPagamento"": ""Pagamento recebido em PIX"", ""ValorPagamento"": 27.0, ""BandeiraCartao"": """", ""NumeroTerminal"": null, ""DataTransacao"": ""2026-10-01T03:00:00Z"", ""CredenciadoraCartao"": null, ""CredenciadoraCNPJ"": null, ""CV_NSU"": null, ""TipoIntegracao"": null, ""CondicaoPagamento"": 0, ""Parcelas"": 1, ""PeriodoParcelas"": 30, ""Adiantamento"": 0.0, ""Quitar"": null}]";;0.0;;2026-10-01T11:40:58.561-03:00;;;;;;0001-01-01T00:00:00-02:00;GRUPO_BARRA;GRUPO_BARRA_EMPORIO MIX_6abe70f8b36b21c5cbfe55be
6abe71848a2598004517ed9b;;99705157;PDV;698e1e656e2979a65b3595b7;EMPORIO MIX;69a397811c48b3770d64e993;EMPORIO MIX;Pedido Faturado;;Consumidor Final;2026-10-01T11:43:16.753-03:00;EMPORIO MIX;698e1dfa6e2979a65b359173;659057a8395f2736400d9dbd;CONSUMIDOR NÃO IDENTIFICADO;659057a8395f2736400d9dbd;;;Diego.Oalbuquerque@Hotmail.Com;28f81638-c595-4134-9287-9e27aa0e4112;Receitas PDV;Cartão de Débito;5b648d993498afae6d5c361b;0;0;;;2026-10-01T11:43:16.785-03:00;0001-01-01T00:00:00-02:00;0001-01-01T00:00:00-02:00;False;0.0;False;;False;0.0;Gerado automaticamente através do modulo PDV;0.0;;20.0;True;True;;;;;;;;;;;"[{""Id"": 1, ""Nome"": ""Grupo de Produtos Padrão - 01""}]";"[{""Codigo"": ""123213633323172"", ""Unidade"": """", ""Descricao"": ""123213633323172 - BOLOS SABORES 450G DIVERSOS"", ""Quantidade"": 1.0, ""ValorUnitario"": 20.0, ""ValorFrete"": 0.0, ""DescontoUnitario"": 0.0, ""ValorTotal"": 20.0, ""PesoKG"": 0.0, ""Comprimento"": 0.0, ""Altura"": 0.0, ""Largura"": 0.0, ""FreteGratis"": false, ""ValorUnitarioFrete"": 1.0, ""PrazoEntregaFrete"": 0, ""ComissaoVendedor"": 0.0, ""Seguro"": 0.0, ""Composicoes"": [], ""Atributos"": null, ""ProductGroupId"": 1, ""Categoria"": """", ""CategoriaID"": """"}]";;2026-10-01T11:43:16.785-03:00;"[{""FormaPagamento"": ""Cartão de Débito"", ""DescricaoPagamento"": ""Pagamento recebido em Cartão de Débito"", ""ValorPagamento"": 20.0, ""BandeiraCartao"": ""02"", ""NumeroTerminal"": null, ""DataTransacao"": ""2026-10-01T03:00:00Z"", ""CredenciadoraCartao"": ""STONE INSTITUICAO DE PAGAMENTO S.A"", ""CredenciadoraCNPJ"": ""16501555000157"", ""CV_NSU"": null, ""TipoIntegracao"": ""2"", ""CondicaoPagamento"": 0, ""Parcelas"": 1, ""PeriodoParcelas"": 30, ""Adiantamento"": 0.0, ""Quitar"": null}]";;0.0;;2026-10-01T11:43:17.317-03:00;;;;;;0001-01-01T00:00:00-02:00;GRUPO_BARRA;GRUPO_BARRA_EMPORIO MIX_6abe71848a2598004517ed9b
6abe7224a93bcdf35adfc614;;99705159;PDV;698e1e656e2979a65b3595b7;CLUB VANTAGEM BDC;66c8caacba311769cd7ddafd;EMPORIO MIX;Pedido Faturado;;Consumidor Final;2026-10-01T11:45:55.995-03:00;EMPORIO MIX;698e1dfa6e2979a65b359173;6a94479e5d59cc884eea1d4f;THALYNE BIANCA CLUBE;6a94479e5d59cc884eea1d4f;63033851339;;Diego.Oalbuquerque@Hotmail.Com;28f81638-c595-4134-9287-9e27aa0e4112;Receitas PDV;PIX;635ae864cd43d34b928b24c4;0;0;;;2026-10-01T11:45:56.073-03:00;0001-01-01T00:00:00-02:00;0001-01-01T00:00:00-02:00;False;0.0;False;;False;0.0;Gerado automaticamente através do modulo PDV;0.0;;16.0;True;True;;;Brasil;;;;;;;;"[{""Id"": 1, ""Nome"": ""Grupo de Produtos Padrão - 01""}]";"[{""Codigo"": ""0202"", ""Unidade"": ""UN"", ""Descricao"": ""0202 - SUCO DE ACEROLA 1L - COM AÇUCAR"", ""Quantidade"": 1.0, ""ValorUnitario"": 16.0, ""ValorFrete"": 0.0, ""DescontoUnitario"": 0.0, ""ValorTotal"": 16.0, ""PesoKG"": 0.0, ""Comprimento"": 0.0, ""Altura"": 0.0, ""Largura"": 0.0, ""FreteGratis"": false, ""ValorUnitarioFrete"": 1.0, ""PrazoEntregaFrete"": 0, ""ComissaoVendedor"": 0.0, ""Seguro"": 0.0, ""Composicoes"": [], ""Atributos"": null, ""ProductGroupId"": 1, ""Categoria"": ""COM AÇUCAR"", ""CategoriaID"": ""6344371e5b452fbeceeea9ec""}]";;2026-10-01T11:45:56.073-03:00;"[{""FormaPagamento"": ""PIX"", ""DescricaoPagamento"": ""Pagamento recebido em PIX"", ""ValorPagamento"": 16.0, ""BandeiraCartao"": """", ""NumeroTerminal"": null, ""DataTransacao"": ""2026-10-01T03:00:00Z"", ""CredenciadoraCartao"": null, ""CredenciadoraCNPJ"": null, ""CV_NSU"": null, ""TipoIntegracao"": null, ""CondicaoPagamento"": 0, ""Parcelas"": 1, ""PeriodoParcelas"": 30, ""Adiantamento"": 0.0, ""Quitar"": null}]";;0.0;;2026-10-01T11:45:58.044-03:00;;;;;;0001-01-01T00:00:00-02:00;GRUPO_BARRA;GRUPO_BARRA_EMPORIO MIX_6abe7224a93bcdf35adfc614
6abe729bb21659cd59f41869;;99705164;PDV;698e1e656e2979a65b3595b7;CLUB VANTAGEM BDC;66c8caacba311769cd7ddafd;EMPORIO MIX;Pedido Faturado;;Consumidor Final;2026-10-01T11:47:55.108-03:00;EMPORIO MIX;698e1dfa6e2979a65b359173;69c54dbc1925e6d72a424ca5;Rodrigo De Sousa CLUBE;69c54dbc1925e6d72a424ca5;62161401327;;Diego.Oalbuquerque@Hotmail.Com;28f81638-c595-4134-9287-9e27aa0e4112;Receitas PDV;PIX;635ae864cd43d34b928b24c4;0;0;;;2026-10-01T11:47:55.171-03:00;0001-01-01T00:00:00-02:00;0001-01-01T00:00:00-02:00;False;0.0;False;;False;0.0;Gerado automaticamente através do modulo PDV;0.0;;37.0;True;True;;;Brasil;;;;;;;;"[{""Id"": 1, ""Nome"": ""Grupo de Produtos Padrão - 01""}]";"[{""Codigo"": ""123213633323603"", ""Unidade"": """", ""Descricao"": ""123213633323603 - CHOCOLATE LACTA AO LEITE 50G"", ""Quantidade"": 1.0, ""ValorUnitario"": 7.5, ""ValorFrete"": 0.0, ""DescontoUnitario"": 0.0, ""ValorTotal"": 7.5, ""PesoKG"": 0.0, ""Comprimento"": 0.0, ""Altura"": 0.0, ""Largura"": 0.0, ""FreteGratis"": false, ""ValorUnitarioFrete"": 1.0, ""PrazoEntregaFrete"": 0, ""ComissaoVendedor"": 0.0, ""Seguro"": 0.0, ""Composicoes"": [], ""Atributos"": null, ""ProductGroupId"": 1, ""Categoria"": """", ""CategoriaID"": """"}, {""Codigo"": ""123213633323602"", ""Unidade"": """", ""Descricao"": ""123213633323602 - WAFER LACTA OURO BRANCO 25G"", ""Quantidade"": 1.0, ""ValorUnitario"": 3.5, ""ValorFrete"": 0.0, ""DescontoUnitario"": 0.0, ""ValorTotal"": 3.5, ""PesoKG"": 0.0, ""Comprimento"": 0.0, ""Altura"": 0.0, ""Largura"": 0.0, ""FreteGratis"": false, ""ValorUnitarioFrete"": 1.0, ""PrazoEntregaFrete"": 0, ""ComissaoVendedor"": 0.0, ""Seguro"": 0.0, ""Composicoes"": [], ""Atributos"": null, ""ProductGroupId"": 1, ""Categoria"": """", ""CategoriaID"": """"}, {""Codigo"": ""0205"", ""Unidade"": ""UN"", ""Descricao"": ""0205 - SUCO DE CAJU 1L - COM AÇUCAR"", ""Quantidade"": 1.0, ""ValorUnitario"": 13.0, ""ValorFrete"": 0.0, ""DescontoUnitario"": 0.0, ""ValorTotal"": 13.0, ""PesoKG"": 0.0, ""Comprimento"": 0.0, ""Altura"": 0.0, ""Largura"": 0.0, ""FreteGratis"": false, ""ValorUnitarioFrete"": 1.0, ""PrazoEntregaFrete"": 0, ""ComissaoVendedor"": 0.0, ""Seguro"": 0.0, ""Composicoes"": [], ""Atributos"": null, ""ProductGroupId"": 1, ""Categoria"": ""COM AÇUCAR"", ""CategoriaID"": ""6344371e5b452fbeceeea9ec""}, {""Codigo"": ""0207"", ""Unidade"": ""UN"", ""Descricao"": ""0207 - SUCO DE GOIABA 1L - COM AÇUCAR"", ""Quantidade"": 1.0, ""ValorUnitario"": 13.0, ""ValorFrete"": 0.0, ""DescontoUnitario"": 0.0, ""ValorTotal"": 13.0, ""PesoKG"": 0.0, ""Comprimento"": 0.0, ""Altura"": 0.0, ""Largura"": 0.0, ""FreteGratis"": false, ""ValorUnitarioFrete"": 1.0, ""PrazoEntregaFrete"": 0, ""ComissaoVendedor"": 0.0, ""Seguro"": 0.0, ""Composicoes"": [], ""Atributos"": null, ""ProductGroupId"": 1, ""Categoria"": ""COM AÇUCAR"", ""CategoriaID"": ""6344371e5b452fbeceeea9ec""}]";;2026-10-01T11:47:55.171-03:00;"[{""FormaPagamento"": ""PIX"", ""DescricaoPagamento"": ""Pagamento recebido em PIX"", ""ValorPagamento"": 37.0, ""BandeiraCartao"": """", ""NumeroTerminal"": null, ""DataTransacao"": ""2026-10-01T03:00:00Z"", ""CredenciadoraCartao"": null, ""CredenciadoraCNPJ"": null, ""CV_NSU"": null, ""TipoIntegracao"": null, ""CondicaoPagamento"": 0, ""Parcelas"": 1, ""PeriodoParcelas"": 30, ""Adiantamento"": 0.0, ""Quitar"": null}]";;0.0;;2026-10-01T11:47:56.329-03:00;;;;;;0001-01-01T00:00:00-02:00;GRUPO_BARRA;GRUPO_BARRA_EMPORIO MIX_6abe729bb21659cd59f41869
6abe7330b21659cd59f42406;;99705169;PDV;698e1e656e2979a65b3595b7;CLUB VANTAGEM BDC;66c8caacba311769cd7ddafd;EMPORIO MIX;Pedido Faturado;;Consumidor Final;2026-10-01T11:50:24.729-03:00;EMPORIO MIX;698e1dfa6e2979a65b359173;6759d5bb6a6abff3af8d5e81;Airlton Alves Sousa CLUBE;6759d5bb6a6abff3af8d5e81;88722635300;;Diego.Oalbuquerque@Hotmail.Com;28f81638-c595-4134-9287-9e27aa0e4112;Receitas PDV;Dinheiro;5b648d1c3498afae6d5bfd89;0;0;;;2026-10-01T11:50:24.776-03:00;0001-01-01T00:00:00-02:00;0001-01-01T00:00:00-02:00;False;0.0;False;;False;0.0;Gerado automaticamente através do modulo PDV;0.0;;27.0;True;True;;;Brasil;;;;;;;;"[{""Id"": 1, ""Nome"": ""Grupo de Produtos Padrão - 01""}]";"[{""Codigo"": ""0209"", ""Unidade"": ""UN"", ""Descricao"": ""0209 - SUCO DE LARANJA 1L - COM AÇUCAR"", ""Quantidade"": 1.0, ""ValorUnitario"": 14.0, ""ValorFrete"": 0.0, ""DescontoUnitario"": 0.0, ""ValorTotal"": 14.0, ""PesoKG"": 0.0, ""Comprimento"": 0.0, ""Altura"": 0.0, ""Largura"": 0.0, ""FreteGratis"": false, ""ValorUnitarioFrete"": 1.0, ""PrazoEntregaFrete"": 0, ""ComissaoVendedor"": 0.0, ""Seguro"": 0.0, ""Composicoes"": [], ""Atributos"": null, ""ProductGroupId"": 1, ""Categoria"": ""COM AÇUCAR"", ""CategoriaID"": ""6344371e5b452fbeceeea9ec""}, {""Codigo"": ""0205"", ""Unidade"": ""UN"", ""Descricao"": ""0205 - SUCO DE CAJU 1L - COM AÇUCAR"", ""Quantidade"": 1.0, ""ValorUnitario"": 13.0, ""ValorFrete"": 0.0, ""DescontoUnitario"": 0.0, ""ValorTotal"": 13.0, ""PesoKG"": 0.0, ""Comprimento"": 0.0, ""Altura"": 0.0, ""Largura"": 0.0, ""FreteGratis"": false, ""ValorUnitarioFrete"": 1.0, ""PrazoEntregaFrete"": 0, ""ComissaoVendedor"": 0.0, ""Seguro"": 0.0, ""Composicoes"": [], ""Atributos"": null, ""ProductGroupId"": 1, ""Categoria"": ""COM AÇUCAR"", ""CategoriaID"": ""6344371e5b452fbeceeea9ec""}]";;2026-10-01T11:50:24.776-03:00;"[{""FormaPagamento"": ""Dinheiro"", ""DescricaoPagamento"": ""Pagamento recebido em Dinheiro"", ""ValorPagamento"": 27.0, ""BandeiraCartao"": """", ""NumeroTerminal"": null, ""DataTransacao"": ""2026-10-01T03:00:00Z"", ""CredenciadoraCartao"": null, ""CredenciadoraCNPJ"": null, ""CV_NSU"": null, ""TipoIntegracao"": null, ""CondicaoPagamento"": 0, ""Parcelas"": 1, ""PeriodoParcelas"": 30, ""Adiantamento"": 0.0, ""Quitar"": null}]";;0.0;;2026-10-01T11:50:26.309-03:00;;;;;;0001-01-01T00:00:00-02:00;GRUPO_BARRA;GRUPO_BARRA_EMPORIO MIX_6abe7330b21659cd59f42406
6abe7570f8094b3cf4b5f6ad;;99705179;PDV;698e1e656e2979a65b3595b7;CLUB VANTAGEM BDC;66c8caacba311769cd7ddafd;EMPORIO MIX;Pedido Faturado;;Consumidor Final;2026-10-01T12:00:00.135-03:00;EMPORIO MIX;698e1dfa6e2979a65b359173;6772b74ffb423f75b4ec4af0;Iane Silva Lima CLUBE;6772b74ffb423f75b4ec4af0;84903449300;;Diego.Oalbuquerque@Hotmail.Com;28f81638-c595-4134-9287-9e27aa0e4112;Receitas PDV;Dinheiro;5b648d1c3498afae6d5bfd89;0;0;;;2026-10-01T12:00:00.401-03:00;0001-01-01T00:00:00-02:00;0001-01-01T00:00:00-02:00;False;0.0;False;;False;0.0;Gerado automaticamente através do modulo PDV;0.0;;27.0;True;True;;;Brasil;;;;;;;;"[{""Id"": 1, ""Nome"": ""Grupo de Produtos Padrão - 01""}]";"[{""Codigo"": ""0225"", ""Unidade"": ""UN"", ""Descricao"": ""0225 - SUCO DE MARACUJA 2L - COM AÇUCAR"", ""Quantidade"": 1.0, ""ValorUnitario"": 27.0, ""ValorFrete"": 0.0, ""DescontoUnitario"": 0.0, ""ValorTotal"": 27.0, ""PesoKG"": 0.0, ""Comprimento"": 0.0, ""Altura"": 0.0, ""Largura"": 0.0, ""FreteGratis"": false, ""ValorUnitarioFrete"": 1.0, ""PrazoEntregaFrete"": 0, ""ComissaoVendedor"": 0.0, ""Seguro"": 0.0, ""Composicoes"": [], ""Atributos"": null, ""ProductGroupId"": 1, ""Categoria"": ""COM AÇUCAR"", ""CategoriaID"": ""6344371e5b452fbeceeea9ec""}]";;2026-10-01T12:00:00.401-03:00;"[{""FormaPagamento"": ""Dinheiro"", ""DescricaoPagamento"": ""Pagamento recebido em Dinheiro"", ""ValorPagamento"": 27.0, ""BandeiraCartao"": """", ""NumeroTerminal"": null, ""DataTransacao"": ""2026-10-01T03:00:00Z"", ""CredenciadoraCartao"": null, ""CredenciadoraCNPJ"": null, ""CV_NSU"": null, ""TipoIntegracao"": null, ""CondicaoPagamento"": 0, ""Parcelas"": 1, ""PeriodoParcelas"": 30, ""Adiantamento"": 0.0, ""Quitar"": null}]";;0.0;;2026-10-01T12:00:01.152-03:00;;;;;;0001-01-01T00:00:00-02:00;GRUPO_BARRA;GRUPO_BARRA_EMPORIO MIX_6abe7570f8094b3cf4b5f6ad
6abe75c4f408cfa759bda09c;;99705182;PDV;698e1e656e2979a65b3595b7;EMPORIO MIX;69a397811c48b3770d64e993;EMPORIO MIX;Pedido Faturado;;Consumidor Final;2026-10-01T12:01:24.784-03:00;EMPORIO MIX;698e1dfa6e2979a65b359173;659057a8395f2736400d9dbd;CONSUMIDOR NÃO IDENTIFICADO;659057a8395f2736400d9dbd;;;Diego.Oalbuquerque@Hotmail.Com;28f81638-c595-4134-9287-9e27aa0e4112;Receitas PDV;Dinheiro;5b648d1c3498afae6d5bfd89;0;0;;;2026-10-01T12:01:24.815-03:00;0001-01-01T00:00:00-02:00;0001-01-01T00:00:00-02:00;False;0.0;False;;False;0.0;Gerado automaticamente através do modulo PDV;0.0;;19.0;True;True;;;;;;;;;;;"[{""Id"": 1, ""Nome"": ""Grupo de Produtos Padrão - 01""}]";"[{""Codigo"": ""123213633322930"", ""Unidade"": """", ""Descricao"": ""123213633322930 - JESUS LATA"", ""Quantidade"": 1.0, ""ValorUnitario"": 4.5, ""ValorFrete"": 0.0, ""DescontoUnitario"": 0.0, ""ValorTotal"": 4.5, ""PesoKG"": 0.0, ""Comprimento"": 0.0, ""Altura"": 0.0, ""Largura"": 0.0, ""FreteGratis"": false, ""ValorUnitarioFrete"": 1.0, ""PrazoEntregaFrete"": 0, ""ComissaoVendedor"": 0.0, ""Seguro"": 0.0, ""Composicoes"": [], ""Atributos"": null, ""ProductGroupId"": 1, ""Categoria"": """", ""CategoriaID"": """"}, {""Codigo"": ""123213633322921"", ""Unidade"": """", ""Descricao"": ""123213633322921 - COCA ZERO LATA"", ""Quantidade"": 2.0, ""ValorUnitario"": 5.0, ""ValorFrete"": 0.0, ""DescontoUnitario"": 0.0, ""ValorTotal"": 10.0, ""PesoKG"": 0.0, ""Comprimento"": 0.0, ""Altura"": 0.0, ""Largura"": 0.0, ""FreteGratis"": false, ""ValorUnitarioFrete"": 1.0, ""PrazoEntregaFrete"": 0, ""ComissaoVendedor"": 0.0, ""Seguro"": 0.0, ""Composicoes"": [], ""Atributos"": null, ""ProductGroupId"": 1, ""Categoria"": """", ""CategoriaID"": """"}, {""Codigo"": ""123213633322928"", ""Unidade"": """", ""Descricao"": ""123213633322928 - FANTA UVA LATA"", ""Quantidade"": 1.0, ""ValorUnitario"": 4.5, ""ValorFrete"": 0.0, ""DescontoUnitario"": 0.0, ""ValorTotal"": 4.5, ""PesoKG"": 0.0, ""Comprimento"": 0.0, ""Altura"": 0.0, ""Largura"": 0.0, ""FreteGratis"": false, ""ValorUnitarioFrete"": 1.0, ""PrazoEntregaFrete"": 0, ""ComissaoVendedor"": 0.0, ""Seguro"": 0.0, ""Composicoes"": [], ""Atributos"": null, ""ProductGroupId"": 1, ""Categoria"": """", ""CategoriaID"": """"}]";;2026-10-01T12:01:24.815-03:00;"[{""FormaPagamento"": ""Dinheiro"", ""DescricaoPagamento"": ""Pagamento recebido em Dinheiro"", ""ValorPagamento"": 19.0, ""BandeiraCartao"": """", ""NumeroTerminal"": null, ""DataTransacao"": ""2026-10-01T03:00:00Z"", ""CredenciadoraCartao"": null, ""CredenciadoraCNPJ"": null, ""CV_NSU"": null, ""TipoIntegracao"": null, ""CondicaoPagamento"": 0, ""Parcelas"": 1, ""PeriodoParcelas"": 30, ""Adiantamento"": 0.0, ""Quitar"": null}]";;0.0;;2026-10-01T12:01:25.472-03:00;;;;;;0001-01-01T00:00:00-02:00;GRUPO_BARRA;GRUPO_BARRA_EMPORIO MIX_6abe75c4f408cfa759bda09c
6abe773b7064f37d84a146f9;;99705188;PDV;698e1e656e2979a65b3595b7;CLUB VANTAGEM BDC;66c8caacba311769cd7ddafd;EMPORIO MIX;Pedido Faturado;;Consumidor Final;2026-10-01T12:07:39.065-03:00;EMPORIO MIX;698e1dfa6e2979a65b359173;6abe72d4f408cfa759bd5fd7;MARIA DENIUDE FERREIRA SOUSA CLUBE;6abe72d4f408cfa759bd5fd7;00754020339;;Diego.Oalbuquerque@Hotmail.Com;28f81638-c595-4134-9287-9e27aa0e4112;Receitas PDV;PIX;635ae864cd43d34b928b24c4;0;0;;;2026-10-01T12:07:39.143-03:00;0001-01-01T00:00:00-02:00;0001-01-01T00:00:00-02:00;False;0.0;False;;False;0.0;Gerado automaticamente através do modulo PDV;0.0;;14.5;True;True;;;Brasil;;;;;;;;"[{""Id"": 1, ""Nome"": ""Grupo de Produtos Padrão - 01""}]";"[{""Codigo"": ""0211"", ""Unidade"": ""UN"", ""Descricao"": ""0211 - SUCO DE MARACUJA 1L - COM AÇUCAR"", ""Quantidade"": 1.0, ""ValorUnitario"": 14.5, ""ValorFrete"": 0.0, ""DescontoUnitario"": 0.0, ""ValorTotal"": 14.5, ""PesoKG"": 0.0, ""Comprimento"": 0.0, ""Altura"": 0.0, ""Largura"": 0.0, ""FreteGratis"": false, ""ValorUnitarioFrete"": 1.0, ""PrazoEntregaFrete"": 0, ""ComissaoVendedor"": 0.0, ""Seguro"": 0.0, ""Composicoes"": [], ""Atributos"": null, ""ProductGroupId"": 1, ""Categoria"": ""COM AÇUCAR"", ""CategoriaID"": ""6344371e5b452fbeceeea9ec""}]";;2026-10-01T12:07:39.143-03:00;"[{""FormaPagamento"": ""PIX"", ""DescricaoPagamento"": ""Pagamento recebido em PIX"", ""ValorPagamento"": 14.5, ""BandeiraCartao"": """", ""NumeroTerminal"": null, ""DataTransacao"": ""2026-10-01T03:00:00Z"", ""CredenciadoraCartao"": null, ""CredenciadoraCNPJ"": null, ""CV_NSU"": null, ""TipoIntegracao"": null, ""CondicaoPagamento"": 0, ""Parcelas"": 1, ""PeriodoParcelas"": 30, ""Adiantamento"": 0.0, ""Quitar"": null}]";;0.0;;2026-10-01T12:07:40.16-03:00;;;;;;0001-01-01T00:00:00-02:00;GRUPO_BARRA;GRUPO_BARRA_EMPORIO MIX_6abe773b7064f37d84a146f9
6abe7776b36b21c5cbfedc22;;99705190;PDV;698e1e656e2979a65b3595b7;CLUB VANTAGEM BDC;66c8caacba311769cd7ddafd;EMPORIO MIX;Pedido Faturado;;Consumidor Final;2026-10-01T12:08:38.416-03:00;EMPORIO MIX;698e1dfa6e2979a65b359173;677d5976b32eef906eb90528;Joao Luiz Macedo Cardoso CLUBE;677d5976b32eef906eb90528;85797901315;;Diego.Oalbuquerque@Hotmail.Com;28f81638-c595-4134-9287-9e27aa0e4112;Receitas PDV;Cartão de Débito;5b648d993498afae6d5c361b;0;0;;;2026-10-01T12:08:38.494-03:00;0001-01-01T00:00:00-02:00;0001-01-01T00:00:00-02:00;False;0.0;False;;False;0.0;Gerado automaticamente através do modulo PDV;0.0;;44.0;True;True;Barra do Corda;2101608;Brasil;65950000;MA;21;coab;;;;"[{""Id"": 1, ""Nome"": ""Grupo de Produtos Padrão - 01""}]";"[{""Codigo"": ""0208"", ""Unidade"": ""UN"", ""Descricao"": ""0208 - SUCO DE GRAVIOLA 1L - COM AÇUCAR"", ""Quantidade"": 1.0, ""ValorUnitario"": 17.0, ""ValorFrete"": 0.0, ""DescontoUnitario"": 0.0, ""ValorTotal"": 17.0, ""PesoKG"": 0.0, ""Comprimento"": 0.0, ""Altura"": 0.0, ""Largura"": 0.0, ""FreteGratis"": false, ""ValorUnitarioFrete"": 1.0, ""PrazoEntregaFrete"": 0, ""ComissaoVendedor"": 0.0, ""Seguro"": 0.0, ""Composicoes"": [], ""Atributos"": null, ""ProductGroupId"": 1, ""Categoria"": """", ""CategoriaID"": """"}, {""Codigo"": ""0224"", ""Unidade"": ""UN"", ""Descricao"": ""0224 - SUCO DE LARANJA 2L - COM AÇUCAR"", ""Quantidade"": 1.0, ""ValorUnitario"": 27.0, ""ValorFrete"": 0.0, ""DescontoUnitario"": 0.0, ""ValorTotal"": 27.0, ""PesoKG"": 0.0, ""Comprimento"": 0.0, ""Altura"": 0.0, ""Largura"": 0.0, ""FreteGratis"": false, ""ValorUnitarioFrete"": 1.0, ""PrazoEntregaFrete"": 0, ""ComissaoVendedor"": 0.0, ""Seguro"": 0.0, ""Composicoes"": [], ""Atributos"": null, ""ProductGroupId"": 1, ""Categoria"": ""COM AÇUCAR"", ""CategoriaID"": ""6344371e5b452fbeceeea9ec""}]";;2026-10-01T12:08:38.494-03:00;"[{""FormaPagamento"": ""Cartão de Débito"", ""DescricaoPagamento"": ""Pagamento recebido em Cartão de Débito"", ""ValorPagamento"": 44.0, ""BandeiraCartao"": ""01"", ""NumeroTerminal"": null, ""DataTransacao"": ""2026-10-01T03:00:00Z"", ""CredenciadoraCartao"": ""STONE INSTITUICAO DE PAGAMENTO S.A"", ""CredenciadoraCNPJ"": ""16501555000157"", ""CV_NSU"": null, ""TipoIntegracao"": ""2"", ""CondicaoPagamento"": 0, ""Parcelas"": 1, ""PeriodoParcelas"": 30, ""Adiantamento"": 0.0, ""Quitar"": null}]";;0.0;;2026-10-01T12:08:39.917-03:00;;;;;;0001-01-01T00:00:00-02:00;GRUPO_BARRA;GRUPO_BARRA_EMPORIO MIX_6abe7776b36b21c5cbfedc22
6abe778631195d99ead932eb;;99705191;PDV;698e1e656e2979a65b3595b7;CLUB VANTAGEM BDC;66c8caacba311769cd7ddafd;EMPORIO MIX;Pedido Faturado;;Consumidor Final;2026-10-01T12:08:54.505-03:00;EMPORIO MIX;698e1dfa6e2979a65b359173;69dd08fecb65cf805bcf497a;Vanessa Lacerda CLUBE;69dd08fecb65cf805bcf497a;05538932389;;Diego.Oalbuquerque@Hotmail.Com;28f81638-c595-4134-9287-9e27aa0e4112;Receitas PDV;PIX;635ae864cd43d34b928b24c4;0;0;;;2026-10-01T12:08:54.536-03:00;0001-01-01T00:00:00-02:00;0001-01-01T00:00:00-02:00;False;0.0;False;;False;0.0;Gerado automaticamente através do modulo PDV;0.0;;23.0;True;True;;;Brasil;;;;;;;;"[{""Id"": 1, ""Nome"": ""Grupo de Produtos Padrão - 01""}]";"[{""Codigo"": ""0222"", ""Unidade"": ""UN"", ""Descricao"": ""0222 - SUCO DE GOIABA 2L - COM AÇUCAR"", ""Quantidade"": 1.0, ""ValorUnitario"": 23.0, ""ValorFrete"": 0.0, ""DescontoUnitario"": 0.0, ""ValorTotal"": 23.0, ""PesoKG"": 0.0, ""Comprimento"": 0.0, ""Altura"": 0.0, ""Largura"": 0.0, ""FreteGratis"": false, ""ValorUnitarioFrete"": 1.0, ""PrazoEntregaFrete"": 0, ""ComissaoVendedor"": 0.0, ""Seguro"": 0.0, ""Composicoes"": [], ""Atributos"": null, ""ProductGroupId"": 1, ""Categoria"": ""COM AÇUCAR"", ""CategoriaID"": ""6344371e5b452fbeceeea9ec""}]";;2026-10-01T12:08:54.536-03:00;"[{""FormaPagamento"": ""PIX"", ""DescricaoPagamento"": ""Pagamento recebido em PIX"", ""ValorPagamento"": 23.0, ""BandeiraCartao"": """", ""NumeroTerminal"": null, ""DataTransacao"": ""2026-10-01T03:00:00Z"", ""CredenciadoraCartao"": null, ""CredenciadoraCNPJ"": null, ""CV_NSU"": null, ""TipoIntegracao"": null, ""CondicaoPagamento"": 0, ""Parcelas"": 1, ""PeriodoParcelas"": 30, ""Adiantamento"": 0.0, ""Quitar"": null}]";;0.0;;2026-10-01T12:08:55.538-03:00;;;;;;0001-01-01T00:00:00-02:00;GRUPO_BARRA;GRUPO_BARRA_EMPORIO MIX_6abe778631195d99ead932eb
6abe7965b36b21c5cbff1902;;99705203;PDV;698e1e656e2979a65b3595b7;CLUB VANTAGEM BDC;66c8caacba311769cd7ddafd;EMPORIO MIX;Pedido Faturado;;Consumidor Final;2026-10-01T12:16:53.429-03:00;EMPORIO MIX;698e1dfa6e2979a65b359173;68c0674c9145a063735984bd;Kaik dj CLUBE;68c0674c9145a063735984bd;00012268356;;Diego.Oalbuquerque@Hotmail.Com;28f81638-c595-4134-9287-9e27aa0e4112;Receitas PDV;Dinheiro;5b648d1c3498afae6d5bfd89;0;0;;;2026-10-01T12:16:53.476-03:00;0001-01-01T00:00:00-02:00;0001-01-01T00:00:00-02:00;False;0.0;False;;False;0.0;Gerado automaticamente através do modulo PDV;0.0;;78.99;True;True;;;Brasil;;;;;;;;"[{""Id"": 1, ""Nome"": ""Grupo de Produtos Padrão - 01""}]";"[{""Codigo"": ""123213633323512"", ""Unidade"": """", ""Descricao"": ""123213633323512 - CHOCOLATE BATON AO LEITE 16G"", ""Quantidade"": 4.0, ""ValorUnitario"": 2.0, ""ValorFrete"": 0.0, ""DescontoUnitario"": 0.0, ""ValorTotal"": 8.0, ""PesoKG"": 0.0, ""Comprimento"": 0.0, ""Altura"": 0.0, ""Largura"": 0.0, ""FreteGratis"": false, ""ValorUnitarioFrete"": 1.0, ""PrazoEntregaFrete"": 0, ""ComissaoVendedor"": 0.0, ""Seguro"": 0.0, ""Composicoes"": [], ""Atributos"": null, ""ProductGroupId"": 1, ""Categoria"": """", ""CategoriaID"": """"}, {""Codigo"": ""123213633323518"", ""Unidade"": """", ""Descricao"": ""123213633323518 - CHOC SNICKRS CHOCOLATE AO LEITE"", ""Quantidade"": 1.0, ""ValorUnitario"": 4.99, ""ValorFrete"": 0.0, ""DescontoUnitario"": 0.0, ""ValorTotal"": 4.99, ""PesoKG"": 0.0, ""Comprimento"": 0.0, ""Altura"": 0.0, ""Largura"": 0.0, ""FreteGratis"": false, ""ValorUnitarioFrete"": 1.0, ""PrazoEntregaFrete"": 0, ""ComissaoVendedor"": 0.0, ""Seguro"": 0.0, ""Composicoes"": [], ""Atributos"": null, ""ProductGroupId"": 1, ""Categoria"": """", ""CategoriaID"": """"}, {""Codigo"": ""123213633323303"", ""Unidade"": """", ""Descricao"": ""123213633323303 - COCA COLA LATA 220ML"", ""Quantidade"": 2.0, ""ValorUnitario"": 3.0, ""ValorFrete"": 0.0, ""DescontoUnitario"": 0.0, ""ValorTotal"": 6.0, ""PesoKG"": 0.0, ""Comprimento"": 0.0, ""Altura"": 0.0, ""Largura"": 0.0, ""FreteGratis"": false, ""ValorUnitarioFrete"": 1.0, ""PrazoEntregaFrete"": 0, ""ComissaoVendedor"": 0.0, ""Seguro"": 0.0, ""Composicoes"": [], ""Atributos"": null, ""ProductGroupId"": 1, ""Categoria"": """", ""CategoriaID"": """"}, {""Codigo"": ""0252"", ""Unidade"": ""UN"", ""Descricao"": ""0252 - SUCO DE MARACUJA 5L - COM AÇUCAR"", ""Quantidade"": 1.0, ""ValorUnitario"": 60.0, ""ValorFrete"": 0.0, ""DescontoUnitario"": 0.0, ""ValorTotal"": 60.0, ""PesoKG"": 0.0, ""Comprimento"": 0.0, ""Altura"": 0.0, ""Largura"": 0.0, ""FreteGratis"": false, ""ValorUnitarioFrete"": 1.0, ""PrazoEntregaFrete"": 0, ""ComissaoVendedor"": 0.0, ""Seguro"": 0.0, ""Composicoes"": [], ""Atributos"": null, ""ProductGroupId"": 1, ""Categoria"": ""COM AÇUCAR"", ""CategoriaID"": ""6344371e5b452fbeceeea9ec""}]";;2026-10-01T12:16:53.476-03:00;"[{""FormaPagamento"": ""Dinheiro"", ""DescricaoPagamento"": ""Pagamento recebido em Dinheiro"", ""ValorPagamento"": 78.99, ""BandeiraCartao"": """", ""NumeroTerminal"": null, ""DataTransacao"": ""2026-10-01T03:00:00Z"", ""CredenciadoraCartao"": null, ""CredenciadoraCNPJ"": null, ""CV_NSU"": null, ""TipoIntegracao"": null, ""CondicaoPagamento"": 0, ""Parcelas"": 1, ""PeriodoParcelas"": 30, ""Adiantamento"": 0.0, ""Quitar"": null}]";;0.0;;2026-10-01T12:16:54.431-03:00;;;;;;0001-01-01T00:00:00-02:00;GRUPO_BARRA;GRUPO_BARRA_EMPORIO MIX_6abe7965b36b21c5cbff1902
6abe79c79c74cd6eecf3606e;;99705204;PDV;698e1e656e2979a65b3595b7;EMPORIO MIX;69a397811c48b3770d64e993;EMPORIO MIX;Pedido Faturado;;Consumidor Final;2026-10-01T12:18:31.513-03:00;EMPORIO MIX;698e1dfa6e2979a65b359173;659057a8395f2736400d9dbd;CONSUMIDOR NÃO IDENTIFICADO;659057a8395f2736400d9dbd;;;Diego.Oalbuquerque@Hotmail.Com;28f81638-c595-4134-9287-9e27aa0e4112;Receitas PDV;PIX;635ae864cd43d34b928b24c4;0;0;;;2026-10-01T12:18:31.575-03:00;0001-01-01T00:00:00-02:00;0001-01-01T00:00:00-02:00;False;0.0;False;;False;0.0;Gerado automaticamente através do modulo PDV;0.0;;19.5;True;True;;;;;;;;;;;"[{""Id"": 1, ""Nome"": ""Grupo de Produtos Padrão - 01""}]";"[{""Codigo"": ""123213633323695"", ""Unidade"": """", ""Descricao"": ""123213633323695 - POLPA DE CAJA BARRA POLPAS"", ""Quantidade"": 2.0, ""ValorUnitario"": 9.75, ""ValorFrete"": 0.0, ""DescontoUnitario"": 0.0, ""ValorTotal"": 19.5, ""PesoKG"": 0.0, ""Comprimento"": 0.0, ""Altura"": 0.0, ""Largura"": 0.0, ""FreteGratis"": false, ""ValorUnitarioFrete"": 1.0, ""PrazoEntregaFrete"": 0, ""ComissaoVendedor"": 0.0, ""Seguro"": 0.0, ""Composicoes"": [], ""Atributos"": null, ""ProductGroupId"": 1, ""Categoria"": """", ""CategoriaID"": """"}]";;2026-10-01T12:18:31.575-03:00;"[{""FormaPagamento"": ""PIX"", ""DescricaoPagamento"": ""Pagamento recebido em PIX"", ""ValorPagamento"": 19.5, ""BandeiraCartao"": """", ""NumeroTerminal"": null, ""DataTransacao"": ""2026-10-01T03:00:00Z"", ""CredenciadoraCartao"": null, ""CredenciadoraCNPJ"": null, ""CV_NSU"": null, ""TipoIntegracao"": null, ""CondicaoPagamento"": 0, ""Parcelas"": 1, ""PeriodoParcelas"": 30, ""Adiantamento"": 0.0, ""Quitar"": null}]";;0.0;;2026-10-01T12:18:32.139-03:00;;;;;;0001-01-01T00:00:00-02:00;GRUPO_BARRA;GRUPO_BARRA_EMPORIO MIX_6abe79c79c74cd6eecf3606e
6abe7a15b36b21c5cbff2c1c;;99705205;PDV;698e1e656e2979a65b3595b7;CLUB VANTAGEM BDC;66c8caacba311769cd7ddafd;EMPORIO MIX;Pedido Faturado;;Consumidor Final;2026-10-01T12:19:49.143-03:00;EMPORIO MIX;698e1dfa6e2979a65b359173;692db292d9776fb48265a91a;YANNE FERREIRA CLUBE;692db292d9776fb48265a91a;61523645318;;Diego.Oalbuquerque@Hotmail.Com;28f81638-c595-4134-9287-9e27aa0e4112;Receitas PDV;PIX;635ae864cd43d34b928b24c4;0;0;;;2026-10-01T12:19:49.19-03:00;0001-01-01T00:00:00-02:00;0001-01-01T00:00:00-02:00;False;0.0;False;;False;0.0;Gerado automaticamente através do modulo PDV;0.0;;16.0;True;True;;;Brasil;;;;;;;;"[{""Id"": 1, ""Nome"": ""Grupo de Produtos Padrão - 01""}]";"[{""Codigo"": ""0235"", ""Unidade"": ""UN"", ""Descricao"": ""0235 - SUCO DE GRAVIOLA 300ML - COM AÇUCAR"", ""Quantidade"": 1.0, ""ValorUnitario"": 6.0, ""ValorFrete"": 0.0, ""DescontoUnitario"": 0.0, ""ValorTotal"": 6.0, ""PesoKG"": 0.0, ""Comprimento"": 0.0, ""Altura"": 0.0, ""Largura"": 0.0, ""FreteGratis"": false, ""ValorUnitarioFrete"": 1.0, ""PrazoEntregaFrete"": 0, ""ComissaoVendedor"": 0.0, ""Seguro"": 0.0, ""Composicoes"": [], ""Atributos"": null, ""ProductGroupId"": 1, ""Categoria"": """", ""CategoriaID"": """"}, {""Codigo"": ""123213633322980"", ""Unidade"": """", ""Descricao"": ""123213633322980 - COCA COLA ORIG LATA 350ML"", ""Quantidade"": 2.0, ""ValorUnitario"": 5.0, ""ValorFrete"": 0.0, ""DescontoUnitario"": 0.0, ""ValorTotal"": 10.0, ""PesoKG"": 0.0, ""Comprimento"": 0.0, ""Altura"": 0.0, ""Largura"": 0.0, ""FreteGratis"": false, ""ValorUnitarioFrete"": 1.0, ""PrazoEntregaFrete"": 0, ""ComissaoVendedor"": 0.0, ""Seguro"": 0.0, ""Composicoes"": [], ""Atributos"": null, ""ProductGroupId"": 1, ""Categoria"": """", ""CategoriaID"": """"}]";;2026-10-01T12:19:49.19-03:00;"[{""FormaPagamento"": ""PIX"", ""DescricaoPagamento"": ""Pagamento recebido em PIX"", ""ValorPagamento"": 16.0, ""BandeiraCartao"": """", ""NumeroTerminal"": null, ""DataTransacao"": ""2026-10-01T03:00:00Z"", ""CredenciadoraCartao"": null, ""CredenciadoraCNPJ"": null, ""CV_NSU"": null, ""TipoIntegracao"": null, ""CondicaoPagamento"": 0, ""Parcelas"": 1, ""PeriodoParcelas"": 30, ""Adiantamento"": 0.0, ""Quitar"": null}]";;0.0;;2026-10-01T12:19:51.431-03:00;;;;;;0001-01-01T00:00:00-02:00;GRUPO_BARRA;GRUPO_BARRA_EMPORIO MIX_6abe7a15b36b21c5cbff2c1c
6abe7a489c74cd6eecf36fe6;;99705207;PDV;698e1e656e2979a65b3595b7;CLUB VANTAGEM BDC;66c8caacba311769cd7ddafd;EMPORIO MIX;Pedido Faturado;;Consumidor Final;2026-10-01T12:20:40.013-03:00;EMPORIO MIX;698e1dfa6e2979a65b359173;68f3c234224c2e6f7bc90393;Lucas Costa Santana CLUBE;68f3c234224c2e6f7bc90393;60944662331;;Diego.Oalbuquerque@Hotmail.Com;28f81638-c595-4134-9287-9e27aa0e4112;Receitas PDV;Dinheiro;5b648d1c3498afae6d5bfd89;0;0;;;2026-10-01T12:20:40.076-03:00;0001-01-01T00:00:00-02:00;0001-01-01T00:00:00-02:00;False;0.0;False;;False;0.0;Gerado automaticamente através do modulo PDV;0.0;;5.0;True;True;;;Brasil;;;;;;;;"[{""Id"": 1, ""Nome"": ""Grupo de Produtos Padrão - 01""}]";"[{""Codigo"": ""0232"", ""Unidade"": ""UN"", ""Descricao"": ""0232 - SUCO DE CAJU 300ML - COM AÇUCAR"", ""Quantidade"": 1.0, ""ValorUnitario"": 5.0, ""ValorFrete"": 0.0, ""DescontoUnitario"": 0.0, ""ValorTotal"": 5.0, ""PesoKG"": 0.0, ""Comprimento"": 0.0, ""Altura"": 0.0, ""Largura"": 0.0, ""FreteGratis"": false, ""ValorUnitarioFrete"": 1.0, ""PrazoEntregaFrete"": 0, ""ComissaoVendedor"": 0.0, ""Seguro"": 0.0, ""Composicoes"": [], ""Atributos"": null, ""ProductGroupId"": 1, ""Categoria"": ""COM AÇUCAR"", ""CategoriaID"": ""6344371e5b452fbeceeea9ec""}]";;2026-10-01T12:20:40.076-03:00;"[{""FormaPagamento"": ""Dinheiro"", ""DescricaoPagamento"": ""Pagamento recebido em Dinheiro"", ""ValorPagamento"": 5.0, ""BandeiraCartao"": """", ""NumeroTerminal"": null, ""DataTransacao"": ""2026-10-01T03:00:00Z"", ""CredenciadoraCartao"": null, ""CredenciadoraCNPJ"": null, ""CV_NSU"": null, ""TipoIntegracao"": null, ""CondicaoPagamento"": 0, ""Parcelas"": 1, ""PeriodoParcelas"": 30, ""Adiantamento"": 0.0, ""Quitar"": null}]";;0.0;;2026-10-01T12:20:40.78-03:00;;;;;;0001-01-01T00:00:00-02:00;GRUPO_BARRA;GRUPO_BARRA_EMPORIO MIX_6abe7a489c74cd6eecf36fe6
6abe7a8331195d99ead98a7b;;99705208;PDV;698e1e656e2979a65b3595b7;CLUB VANTAGEM BDC;66c8caacba311769cd7ddafd;EMPORIO MIX;Pedido Faturado;;Consumidor Final;2026-10-01T12:21:39.752-03:00;EMPORIO MIX;698e1dfa6e2979a65b359173;67190e6b3b409bb67a8fab91;Alex Sandro  Silva CLUBE;67190e6b3b409bb67a8fab91;02568668300;;Diego.Oalbuquerque@Hotmail.Com;28f81638-c595-4134-9287-9e27aa0e4112;Receitas PDV;Dinheiro;5b648d1c3498afae6d5bfd89;0;0;;;2026-10-01T12:21:39.83-03:00;0001-01-01T00:00:00-02:00;0001-01-01T00:00:00-02:00;False;0.0;False;;False;0.0;Gerado automaticamente através do modulo PDV;0.0;;27.0;True;True;;;Brasil;;;;;;;;"[{""Id"": 1, ""Nome"": ""Grupo de Produtos Padrão - 01""}]";"[{""Codigo"": ""0224"", ""Unidade"": ""UN"", ""Descricao"": ""0224 - SUCO DE LARANJA 2L - COM AÇUCAR"", ""Quantidade"": 1.0, ""ValorUnitario"": 27.0, ""ValorFrete"": 0.0, ""DescontoUnitario"": 0.0, ""ValorTotal"": 27.0, ""PesoKG"": 0.0, ""Comprimento"": 0.0, ""Altura"": 0.0, ""Largura"": 0.0, ""FreteGratis"": false, ""ValorUnitarioFrete"": 1.0, ""PrazoEntregaFrete"": 0, ""ComissaoVendedor"": 0.0, ""Seguro"": 0.0, ""Composicoes"": [], ""Atributos"": null, ""ProductGroupId"": 1, ""Categoria"": ""COM AÇUCAR"", ""CategoriaID"": ""6344371e5b452fbeceeea9ec""}]";;2026-10-01T12:21:39.83-03:00;"[{""FormaPagamento"": ""Dinheiro"", ""DescricaoPagamento"": ""Pagamento recebido em Dinheiro"", ""ValorPagamento"": 27.0, ""BandeiraCartao"": """", ""NumeroTerminal"": null, ""DataTransacao"": ""2026-10-01T03:00:00Z"", ""CredenciadoraCartao"": null, ""CredenciadoraCNPJ"": null, ""CV_NSU"": null, ""TipoIntegracao"": null, ""CondicaoPagamento"": 0, ""Parcelas"": 1, ""PeriodoParcelas"": 30, ""Adiantamento"": 0.0, ""Quitar"": null}]";;0.0;;2026-10-01T12:21:40.675-03:00;;;;;;0001-01-01T00:00:00-02:00;GRUPO_BARRA;GRUPO_BARRA_EMPORIO MIX_6abe7a8331195d99ead98a7b
6abe7dd4aa0b5eef7cda295f;;99705226;PDV;698e1e656e2979a65b3595b7;EMPORIO MIX;69a397811c48b3770d64e993;EMPORIO MIX;Pedido Faturado;;Consumidor Final;2026-10-01T12:35:48.725-03:00;EMPORIO MIX;698e1dfa6e2979a65b359173;659057a8395f2736400d9dbd;CONSUMIDOR NÃO IDENTIFICADO;659057a8395f2736400d9dbd;;;Diego.Oalbuquerque@Hotmail.Com;28f81638-c595-4134-9287-9e27aa0e4112;Receitas PDV;PIX;635ae864cd43d34b928b24c4;0;0;;;2026-10-01T12:35:48.788-03:00;0001-01-01T00:00:00-02:00;0001-01-01T00:00:00-02:00;False;0.0;False;;False;0.0;Gerado automaticamente através do modulo PDV;0.0;;55.5;True;True;;;;;;;;;;;"[{""Id"": 1, ""Nome"": ""Grupo de Produtos Padrão - 01""}]";"[{""Codigo"": ""123213633323617"", ""Unidade"": """", ""Descricao"": ""123213633323617 - HALLS MELANCIA 28G"", ""Quantidade"": 3.0, ""ValorUnitario"": 2.0, ""ValorFrete"": 0.0, ""DescontoUnitario"": 0.0, ""ValorTotal"": 6.0, ""PesoKG"": 0.0, ""Comprimento"": 0.0, ""Altura"": 0.0, ""Largura"": 0.0, ""FreteGratis"": false, ""ValorUnitarioFrete"": 1.0, ""PrazoEntregaFrete"": 0, ""ComissaoVendedor"": 0.0, ""Seguro"": 0.0, ""Composicoes"": [], ""Atributos"": null, ""ProductGroupId"": 1, ""Categoria"": """", ""CategoriaID"": """"}, {""Codigo"": ""123213633323614"", ""Unidade"": """", ""Descricao"": ""123213633323614 - HALLS EXTRAFORTE 27G"", ""Quantidade"": 1.0, ""ValorUnitario"": 2.0, ""ValorFrete"": 0.0, ""DescontoUnitario"": 0.0, ""ValorTotal"": 2.0, ""PesoKG"": 0.0, ""Comprimento"": 0.0, ""Altura"": 0.0, ""Largura"": 0.0, ""FreteGratis"": false, ""ValorUnitarioFrete"": 1.0, ""PrazoEntregaFrete"": 0, ""ComissaoVendedor"": 0.0, ""Seguro"": 0.0, ""Composicoes"": [], ""Atributos"": null, ""ProductGroupId"": 1, ""Categoria"": """", ""CategoriaID"": """"}, {""Codigo"": ""0209"", ""Unidade"": ""UN"", ""Descricao"": ""0209 - SUCO DE LARANJA 1L - COM AÇUCAR"", ""Quantidade"": 1.0, ""ValorUnitario"": 16.0, ""ValorFrete"": 0.0, ""DescontoUnitario"": 0.0, ""ValorTotal"": 16.0, ""PesoKG"": 0.0, ""Comprimento"": 0.0, ""Altura"": 0.0, ""Largura"": 0.0, ""FreteGratis"": false, ""ValorUnitarioFrete"": 1.0, ""PrazoEntregaFrete"": 0, ""ComissaoVendedor"": 0.0, ""Seguro"": 0.0, ""Composicoes"": [], ""Atributos"": null, ""ProductGroupId"": 1, ""Categoria"": ""COM AÇUCAR"", ""CategoriaID"": ""6344371e5b452fbeceeea9ec""}, {""Codigo"": ""0225"", ""Unidade"": ""UN"", ""Descricao"": ""0225 - SUCO DE MARACUJA 2L - COM AÇUCAR"", ""Quantidade"": 1.0, ""ValorUnitario"": 31.5, ""ValorFrete"": 0.0, ""DescontoUnitario"": 0.0, ""ValorTotal"": 31.5, ""PesoKG"": 0.0, ""Comprimento"": 0.0, ""Altura"": 0.0, ""Largura"": 0.0, ""FreteGratis"": false, ""ValorUnitarioFrete"": 1.0, ""PrazoEntregaFrete"": 0, ""ComissaoVendedor"": 0.0, ""Seguro"": 0.0, ""Composicoes"": [], ""Atributos"": null, ""ProductGroupId"": 1, ""Categoria"": ""COM AÇUCAR"", ""CategoriaID"": ""6344371e5b452fbeceeea9ec""}]";;2026-10-01T12:35:48.788-03:00;"[{""FormaPagamento"": ""PIX"", ""DescricaoPagamento"": ""Pagamento recebido em PIX"", ""ValorPagamento"": 55.5, ""BandeiraCartao"": """", ""NumeroTerminal"": null, ""DataTransacao"": ""2026-10-01T03:00:00Z"", ""CredenciadoraCartao"": null, ""CredenciadoraCNPJ"": null, ""CV_NSU"": null, ""TipoIntegracao"": null, ""CondicaoPagamento"": 0, ""Parcelas"": 1, ""PeriodoParcelas"": 30, ""Adiantamento"": 0.0, ""Quitar"": null}]";;0.0;;2026-10-01T12:35:50.9-03:00;;;;;;0001-01-01T00:00:00-02:00;GRUPO_BARRA;GRUPO_BARRA_EMPORIO MIX_6abe7dd4aa0b5eef7cda295f
6abe7e82aa0b5eef7cda38e4;;99705235;PDV;698e1e656e2979a65b3595b7;EMPORIO MIX;69a397811c48b3770d64e993;EMPORIO MIX;Pedido Faturado;;Consumidor Final;2026-10-01T12:38:42.086-03:00;EMPORIO MIX;698e1dfa6e2979a65b359173;659057a8395f2736400d9dbd;CONSUMIDOR NÃO IDENTIFICADO;659057a8395f2736400d9dbd;;;Diego.Oalbuquerque@Hotmail.Com;28f81638-c595-4134-9287-9e27aa0e4112;Receitas PDV;Dinheiro;5b648d1c3498afae6d5bfd89;0;0;;;2026-10-01T12:38:42.133-03:00;0001-01-01T00:00:00-02:00;0001-01-01T00:00:00-02:00;False;0.0;False;;False;0.0;Gerado automaticamente através do modulo PDV;0.0;;26.0;True;True;;;;;;;;;;;"[{""Id"": 1, ""Nome"": ""Grupo de Produtos Padrão - 01""}]";"[{""Codigo"": ""0216"", ""Unidade"": ""UN"", ""Descricao"": ""0216 - SUCO DE ACEROLA 2L - COM AÇUCAR"", ""Quantidade"": 1.0, ""ValorUnitario"": 32.0, ""ValorFrete"": 0.0, ""DescontoUnitario"": 6.0, ""ValorTotal"": 26.0, ""PesoKG"": 0.0, ""Comprimento"": 0.0, ""Altura"": 0.0, ""Largura"": 0.0, ""FreteGratis"": false, ""ValorUnitarioFrete"": 1.0, ""PrazoEntregaFrete"": 0, ""ComissaoVendedor"": 0.0, ""Seguro"": 0.0, ""Composicoes"": [], ""Atributos"": null, ""ProductGroupId"": 1, ""Categoria"": ""COM AÇUCAR"", ""CategoriaID"": ""6344371e5b452fbeceeea9ec""}]";;2026-10-01T12:38:42.133-03:00;"[{""FormaPagamento"": ""Dinheiro"", ""DescricaoPagamento"": ""Pagamento recebido em Dinheiro"", ""ValorPagamento"": 26.0, ""BandeiraCartao"": """", ""NumeroTerminal"": null, ""DataTransacao"": ""2026-10-01T03:00:00Z"", ""CredenciadoraCartao"": null, ""CredenciadoraCNPJ"": null, ""CV_NSU"": null, ""TipoIntegracao"": null, ""CondicaoPagamento"": 0, ""Parcelas"": 1, ""PeriodoParcelas"": 30, ""Adiantamento"": 0.0, ""Quitar"": null}]";;0.0;;2026-10-01T12:38:42.774-03:00;;;;;;0001-01-01T00:00:00-02:00;GRUPO_BARRA;GRUPO_BARRA_EMPORIO MIX_6abe7e82aa0b5eef7cda38e4
6abe7ecf9c74cd6eecf3eef4;;99705236;PDV;698e1e656e2979a65b3595b7;CLUB VANTAGEM BDC;66c8caacba311769cd7ddafd;EMPORIO MIX;Pedido Faturado;;Consumidor Final;2026-10-01T12:39:58.981-03:00;EMPORIO MIX;698e1dfa6e2979a65b359173;6999e3cd1e720a2a8e683056;DANIEL ALVES DE OLIVEIRA CLUBE;6999e3cd1e720a2a8e683056;05892190307;;Diego.Oalbuquerque@Hotmail.Com;28f81638-c595-4134-9287-9e27aa0e4112;Receitas PDV;Dinheiro;5b648d1c3498afae6d5bfd89;0;0;;;2026-10-01T12:39:59.044-03:00;0001-01-01T00:00:00-02:00;0001-01-01T00:00:00-02:00;False;0.0;False;;False;0.0;Gerado automaticamente através do modulo PDV;0.0;;12.0;True;True;;;Brasil;;;;;;;;"[{""Id"": 1, ""Nome"": ""Grupo de Produtos Padrão - 01""}]";"[{""Codigo"": ""0237"", ""Unidade"": ""UN"", ""Descricao"": ""0237 - SUCO DE MARACUJA 300ML - COM AÇUCAR"", ""Quantidade"": 1.0, ""ValorUnitario"": 6.0, ""ValorFrete"": 0.0, ""DescontoUnitario"": 0.0, ""ValorTotal"": 6.0, ""PesoKG"": 0.0, ""Comprimento"": 0.0, ""Altura"": 0.0, ""Largura"": 0.0, ""FreteGratis"": false, ""ValorUnitarioFrete"": 1.0, ""PrazoEntregaFrete"": 0, ""ComissaoVendedor"": 0.0, ""Seguro"": 0.0, ""Composicoes"": [], ""Atributos"": null, ""ProductGroupId"": 1, ""Categoria"": ""COM AÇUCAR"", ""CategoriaID"": ""6344371e5b452fbeceeea9ec""}, {""Codigo"": ""0236"", ""Unidade"": ""UN"", ""Descricao"": ""0236 - SUCO DE LARANJA 300ML - COM AÇUCAR"", ""Quantidade"": 1.0, ""ValorUnitario"": 6.0, ""ValorFrete"": 0.0, ""DescontoUnitario"": 0.0, ""ValorTotal"": 6.0, ""PesoKG"": 0.0, ""Comprimento"": 0.0, ""Altura"": 0.0, ""Largura"": 0.0, ""FreteGratis"": false, ""ValorUnitarioFrete"": 1.0, ""PrazoEntregaFrete"": 0, ""ComissaoVendedor"": 0.0, ""Seguro"": 0.0, ""Composicoes"": [], ""Atributos"": null, ""ProductGroupId"": 1, ""Categoria"": ""COM AÇUCAR"", ""CategoriaID"": ""6344371e5b452fbeceeea9ec""}]";;2026-10-01T12:39:59.044-03:00;"[{""FormaPagamento"": ""Dinheiro"", ""DescricaoPagamento"": ""Pagamento recebido em Dinheiro"", ""ValorPagamento"": 12.0, ""BandeiraCartao"": """", ""NumeroTerminal"": null, ""DataTransacao"": ""2026-10-01T03:00:00Z"", ""CredenciadoraCartao"": null, ""CredenciadoraCNPJ"": null, ""CV_NSU"": null, ""TipoIntegracao"": null, ""CondicaoPagamento"": 0, ""Parcelas"": 1, ""PeriodoParcelas"": 30, ""Adiantamento"": 0.0, ""Quitar"": null}]";;0.0;;2026-10-01T12:40:00.389-03:00;;;;;;0001-01-01T00:00:00-02:00;GRUPO_BARRA;GRUPO_BARRA_EMPORIO MIX_6abe7ecf9c74cd6eecf3eef4
6abe80a9b36b21c5cbffcd7d;;99705244;PDV;698e1e656e2979a65b3595b7;CLUB VANTAGEM BDC;66c8caacba311769cd7ddafd;EMPORIO MIX;Pedido Faturado;;Consumidor Final;2026-10-01T12:47:53.827-03:00;EMPORIO MIX;698e1dfa6e2979a65b359173;6abe807ca93bcdf35ae115c9;LAIS DA COSTA DE SOUZA CLUBE;6abe807ca93bcdf35ae115c9;05846006310;;Diego.Oalbuquerque@Hotmail.Com;28f81638-c595-4134-9287-9e27aa0e4112;Receitas PDV;Dinheiro;5b648d1c3498afae6d5bfd89;0;0;;;2026-10-01T12:47:53.888-03:00;0001-01-01T00:00:00-02:00;0001-01-01T00:00:00-02:00;False;0.0;False;;False;0.0;Gerado automaticamente através do modulo PDV;0.0;;14.0;True;True;;;Brasil;;;;;;;;"[{""Id"": 1, ""Nome"": ""Grupo de Produtos Padrão - 01""}]";"[{""Codigo"": ""0209"", ""Unidade"": ""UN"", ""Descricao"": ""0209 - SUCO DE LARANJA 1L - COM AÇUCAR"", ""Quantidade"": 1.0, ""ValorUnitario"": 14.0, ""ValorFrete"": 0.0, ""DescontoUnitario"": 0.0, ""ValorTotal"": 14.0, ""PesoKG"": 0.0, ""Comprimento"": 0.0, ""Altura"": 0.0, ""Largura"": 0.0, ""FreteGratis"": false, ""ValorUnitarioFrete"": 1.0, ""PrazoEntregaFrete"": 0, ""ComissaoVendedor"": 0.0, ""Seguro"": 0.0, ""Composicoes"": [], ""Atributos"": null, ""ProductGroupId"": 1, ""Categoria"": ""COM AÇUCAR"", ""CategoriaID"": ""6344371e5b452fbeceeea9ec""}]";;2026-10-01T12:47:53.888-03:00;"[{""FormaPagamento"": ""Dinheiro"", ""DescricaoPagamento"": ""Pagamento recebido em Dinheiro"", ""ValorPagamento"": 14.0, ""BandeiraCartao"": """", ""NumeroTerminal"": null, ""DataTransacao"": ""2026-10-01T03:00:00Z"", ""CredenciadoraCartao"": null, ""CredenciadoraCNPJ"": null, ""CV_NSU"": null, ""TipoIntegracao"": null, ""CondicaoPagamento"": 0, ""Parcelas"": 1, ""PeriodoParcelas"": 30, ""Adiantamento"": 0.0, ""Quitar"": null}]";;0.0;;2026-10-01T12:47:54.764-03:00;;;;;;0001-01-01T00:00:00-02:00;GRUPO_BARRA;GRUPO_BARRA_EMPORIO MIX_6abe80a9b36b21c5cbffcd7d
6abe308c8a25980045122ec5;;99704944;PDV;664a7b156434f5d1e58aa9ae;CLUB VANTAGEM BDC;66c8caacba311769cd7ddafd;PDV ALTAMIRA;Pedido Faturado;;Consumidor Final;2026-10-01T07:06:04.371-03:00;PDV ALTAMIRA;69cdafbd231e9adf12163bd8;659057a8395f2736400d9dbd;CONSUMIDOR NÃO IDENTIFICADO;659057a8395f2736400d9dbd;;;Altamira pdv;3d99d9ae-9acd-4a70-ba9d-f500955aeae4;Receitas PDV;Dinheiro;5b648d1c3498afae6d5bfd89;0;0;;;2026-10-01T07:06:04.402-03:00;0001-01-01T00:00:00-02:00;0001-01-01T00:00:00-02:00;False;0.0;False;;False;0.0;Gerado automaticamente através do modulo PDV;0.0;;5.5;True;True;;;;;;;;;;;"[{""Id"": 1, ""Nome"": ""Grupo de Produtos Padrão - 01""}]";"[{""Codigo"": ""0229"", ""Unidade"": ""UN"", ""Descricao"": ""0229 - SUCO DE ACEROLA 300ML - COM AÇUCAR"", ""Quantidade"": 1.0, ""ValorUnitario"": 5.5, ""ValorFrete"": 0.0, ""DescontoUnitario"": 0.0, ""ValorTotal"": 5.5, ""PesoKG"": 0.0, ""Comprimento"": 0.0, ""Altura"": 0.0, ""Largura"": 0.0, ""FreteGratis"": false, ""ValorUnitarioFrete"": 1.0, ""PrazoEntregaFrete"": 0, ""ComissaoVendedor"": 0.0, ""Seguro"": 0.0, ""Composicoes"": [], ""Atributos"": null, ""ProductGroupId"": 1, ""Categoria"": ""COM AÇUCAR"", ""CategoriaID"": ""6344371e5b452fbeceeea9ec""}]";;2026-10-01T07:06:04.402-03:00;"[{""FormaPagamento"": ""Dinheiro"", ""DescricaoPagamento"": ""Pagamento recebido em Dinheiro"", ""ValorPagamento"": 5.5, ""BandeiraCartao"": """", ""NumeroTerminal"": null, ""DataTransacao"": ""2026-10-01T03:00:00Z"", ""CredenciadoraCartao"": null, ""CredenciadoraCNPJ"": null, ""CV_NSU"": null, ""TipoIntegracao"": null, ""CondicaoPagamento"": 0, ""Parcelas"": 1, ""PeriodoParcelas"": 30, ""Adiantamento"": 0.0, ""Quitar"": null}]";;0.0;;2026-10-01T07:06:07.861-03:00;;;;;;0001-01-01T00:00:00-02:00;GRUPO_BARRA;GRUPO_BARRA_PDV ALTAMIRA_6abe308c8a25980045122ec5
6abe30aff8094b3cf4afda5d;;99704945;PDV;664a7b156434f5d1e58aa9ae;TABELA B2C BDC;65f1f02ae24a6f10a903ebf0;PDV ALTAMIRA;Pedido Faturado;;Consumidor Final;2026-10-01T07:06:39.395-03:00;PDV ALTAMIRA;69cdafbd231e9adf12163bd8;659057a8395f2736400d9dbd;CONSUMIDOR NÃO IDENTIFICADO;659057a8395f2736400d9dbd;;;Altamira pdv;3d99d9ae-9acd-4a70-ba9d-f500955aeae4;Receitas PDV;Dinheiro;5b648d1c3498afae6d5bfd89;0;0;;;2026-10-01T07:06:39.426-03:00;0001-01-01T00:00:00-02:00;0001-01-01T00:00:00-02:00;False;0.0;False;;False;0.0;Gerado automaticamente através do modulo PDV;0.0;;2.0;True;True;;;;;;;;;;;"[{""Id"": 1, ""Nome"": ""Grupo de Produtos Padrão - 01""}]";"[{""Codigo"": ""123213633323512"", ""Unidade"": """", ""Descricao"": ""123213633323512 - CHOCOLATE BATON AO LEITE 16G"", ""Quantidade"": 1.0, ""ValorUnitario"": 2.0, ""ValorFrete"": 0.0, ""DescontoUnitario"": 0.0, ""ValorTotal"": 2.0, ""PesoKG"": 0.0, ""Comprimento"": 0.0, ""Altura"": 0.0, ""Largura"": 0.0, ""FreteGratis"": false, ""ValorUnitarioFrete"": 1.0, ""PrazoEntregaFrete"": 0, ""ComissaoVendedor"": 0.0, ""Seguro"": 0.0, ""Composicoes"": [], ""Atributos"": null, ""ProductGroupId"": 1, ""Categoria"": """", ""CategoriaID"": """"}]";;2026-10-01T07:06:39.426-03:00;"[{""FormaPagamento"": ""Dinheiro"", ""DescricaoPagamento"": ""Pagamento recebido em Dinheiro"", ""ValorPagamento"": 2.0, ""BandeiraCartao"": """", ""NumeroTerminal"": null, ""DataTransacao"": ""2026-10-01T03:00:00Z"", ""CredenciadoraCartao"": null, ""CredenciadoraCNPJ"": null, ""CV_NSU"": null, ""TipoIntegracao"": null, ""CondicaoPagamento"": 0, ""Parcelas"": 1, ""PeriodoParcelas"": 30, ""Adiantamento"": 0.0, ""Quitar"": null}]";;0.0;;2026-10-01T07:06:39.942-03:00;;;;;;0001-01-01T00:00:00-02:00;GRUPO_BARRA;GRUPO_BARRA_PDV ALTAMIRA_6abe30aff8094b3cf4afda5d
6abe310d8a25980045123468;;99704947;PDV;664a7b156434f5d1e58aa9ae;TABELA B2C BDC;65f1f02ae24a6f10a903ebf0;PDV ALTAMIRA;Pedido Faturado;;Consumidor Final;2026-10-01T07:08:13.395-03:00;PDV ALTAMIRA;69cdafbd231e9adf12163bd8;659057a8395f2736400d9dbd;CONSUMIDOR NÃO IDENTIFICADO;659057a8395f2736400d9dbd;;;Altamira pdv;3d99d9ae-9acd-4a70-ba9d-f500955aeae4;Receitas PDV;PIX;635ae864cd43d34b928b24c4;1;0;;;2026-10-01T07:08:13.427-03:00;0001-01-01T00:00:00-02:00;0001-01-01T00:00:00-02:00;False;0.0;False;;False;0.0;Gerado automaticamente através do modulo PDV;0.0;;1.0;True;True;;;;;;;;;;;"[{""Id"": 1, ""Nome"": ""Grupo de Produtos Padrão - 01""}]";"[{""Codigo"": ""123213633322804"", ""Unidade"": """", ""Descricao"": ""123213633322804 - PAÇOCA 15g"", ""Quantidade"": 2.0, ""ValorUnitario"": 0.5, ""ValorFrete"": 0.0, ""DescontoUnitario"": 0.0, ""ValorTotal"": 1.0, ""PesoKG"": 0.0, ""Comprimento"": 0.0, ""Altura"": 0.0, ""Largura"": 0.0, ""FreteGratis"": false, ""ValorUnitarioFrete"": 1.0, ""PrazoEntregaFrete"": 0, ""ComissaoVendedor"": 0.0, ""Seguro"": 0.0, ""Composicoes"": [], ""Atributos"": null, ""ProductGroupId"": 1, ""Categoria"": """", ""CategoriaID"": """"}]";;2026-10-01T07:08:13.427-03:00;"[{""FormaPagamento"": ""PIX"", ""DescricaoPagamento"": ""Pagamento recebido em PIX"", ""ValorPagamento"": 1.0, ""BandeiraCartao"": """", ""NumeroTerminal"": null, ""DataTransacao"": ""2026-10-01T03:00:00Z"", ""CredenciadoraCartao"": null, ""CredenciadoraCNPJ"": null, ""CV_NSU"": null, ""TipoIntegracao"": null, ""CondicaoPagamento"": 1, ""Parcelas"": 1, ""PeriodoParcelas"": 30, ""Adiantamento"": 0.0, ""Quitar"": null}]";;0.0;;2026-10-01T07:08:13.958-03:00;;;;;;0001-01-01T00:00:00-02:00;GRUPO_BARRA;GRUPO_BARRA_PDV ALTAMIRA_6abe310d8a25980045123468
6abe312aaa0b5eef7cd3544f;;99704948;PDV;664a7b156434f5d1e58aa9ae;CLUB VANTAGEM BDC;66c8caacba311769cd7ddafd;PDV ALTAMIRA;Pedido Faturado;;Consumidor Final;2026-10-01T07:08:42.36-03:00;PDV ALTAMIRA;69cdafbd231e9adf12163bd8;659057a8395f2736400d9dbd;CONSUMIDOR NÃO IDENTIFICADO;659057a8395f2736400d9dbd;;;Altamira pdv;3d99d9ae-9acd-4a70-ba9d-f500955aeae4;Receitas PDV;Cartão de Débito;5b648d993498afae6d5c361b;1;0;;;2026-10-01T07:08:42.407-03:00;0001-01-01T00:00:00-02:00;0001-01-01T00:00:00-02:00;False;0.0;False;;False;0.0;Gerado automaticamente através do modulo PDV;0.0;;5.0;True;True;;;;;;;;;;;"[{""Id"": 1, ""Nome"": ""Grupo de Produtos Padrão - 01""}]";"[{""Codigo"": ""0233"", ""Unidade"": ""UN"", ""Descricao"": ""0233 - SUCO DE GOIABA 300ML - COM AÇUCAR"", ""Quantidade"": 1.0, ""ValorUnitario"": 5.0, ""ValorFrete"": 0.0, ""DescontoUnitario"": 0.0, ""ValorTotal"": 5.0, ""PesoKG"": 0.0, ""Comprimento"": 0.0, ""Altura"": 0.0, ""Largura"": 0.0, ""FreteGratis"": false, ""ValorUnitarioFrete"": 1.0, ""PrazoEntregaFrete"": 0, ""ComissaoVendedor"": 0.0, ""Seguro"": 0.0, ""Composicoes"": [], ""Atributos"": null, ""ProductGroupId"": 1, ""Categoria"": ""COM AÇUCAR"", ""CategoriaID"": ""6344371e5b452fbeceeea9ec""}]";;2026-10-01T07:08:42.407-03:00;"[{""FormaPagamento"": ""Cartão de Débito"", ""DescricaoPagamento"": ""Pagamento recebido em Cartão de Débito"", ""ValorPagamento"": 5.0, ""BandeiraCartao"": ""02"", ""NumeroTerminal"": null, ""DataTransacao"": ""2026-10-01T03:00:00Z"", ""CredenciadoraCartao"": """", ""CredenciadoraCNPJ"": null, ""CV_NSU"": null, ""TipoIntegracao"": null, ""CondicaoPagamento"": 1, ""Parcelas"": 1, ""PeriodoParcelas"": 30, ""Adiantamento"": 0.0, ""Quitar"": null}]";;0.0;;2026-10-01T07:08:43.378-03:00;;;;;;0001-01-01T00:00:00-02:00;GRUPO_BARRA;GRUPO_BARRA_PDV ALTAMIRA_6abe312aaa0b5eef7cd3544f
6abe3492f8094b3cf4b014fe;;99704953;PDV;664a7b156434f5d1e58aa9ae;CLUB VANTAGEM BDC;66c8caacba311769cd7ddafd;PDV ALTAMIRA;Pedido Faturado;;Consumidor Final;2026-10-01T07:23:14.646-03:00;PDV ALTAMIRA;69cdafbd231e9adf12163bd8;659057a8395f2736400d9dbd;CONSUMIDOR NÃO IDENTIFICADO;659057a8395f2736400d9dbd;;;Altamira pdv;3d99d9ae-9acd-4a70-ba9d-f500955aeae4;Receitas PDV;PIX;635ae864cd43d34b928b24c4;0;0;;;2026-10-01T07:23:14.803-03:00;0001-01-01T00:00:00-02:00;0001-01-01T00:00:00-02:00;False;0.0;False;;False;0.0;Gerado automaticamente através do modulo PDV;0.0;;5.0;True;True;;;;;;;;;;;"[{""Id"": 1, ""Nome"": ""Grupo de Produtos Padrão - 01""}]";"[{""Codigo"": ""0233"", ""Unidade"": ""UN"", ""Descricao"": ""0233 - SUCO DE GOIABA 300ML - COM AÇUCAR"", ""Quantidade"": 1.0, ""ValorUnitario"": 5.0, ""ValorFrete"": 0.0, ""DescontoUnitario"": 0.0, ""ValorTotal"": 5.0, ""PesoKG"": 0.0, ""Comprimento"": 0.0, ""Altura"": 0.0, ""Largura"": 0.0, ""FreteGratis"": false, ""ValorUnitarioFrete"": 1.0, ""PrazoEntregaFrete"": 0, ""ComissaoVendedor"": 0.0, ""Seguro"": 0.0, ""Composicoes"": [], ""Atributos"": null, ""ProductGroupId"": 1, ""Categoria"": ""COM AÇUCAR"", ""CategoriaID"": ""6344371e5b452fbeceeea9ec""}]";;2026-10-01T07:23:14.803-03:00;"[{""FormaPagamento"": ""PIX"", ""DescricaoPagamento"": ""Pagamento recebido em PIX"", ""ValorPagamento"": 5.0, ""BandeiraCartao"": """", ""NumeroTerminal"": null, ""DataTransacao"": ""2026-10-01T03:00:00Z"", ""CredenciadoraCartao"": null, ""CredenciadoraCNPJ"": null, ""CV_NSU"": null, ""TipoIntegracao"": null, ""CondicaoPagamento"": 0, ""Parcelas"": 1, ""PeriodoParcelas"": 30, ""Adiantamento"": 0.0, ""Quitar"": null}]";;0.0;;2026-10-01T07:23:15.759-03:00;;;;;;0001-01-01T00:00:00-02:00;GRUPO_BARRA;GRUPO_BARRA_PDV ALTAMIRA_6abe3492f8094b3cf4b014fe
6abe35b6b36b21c5cbf90ff8;;99704956;PDV;664a7b156434f5d1e58aa9ae;CLUB VANTAGEM BDC;66c8caacba311769cd7ddafd;PDV ALTAMIRA;Pedido Faturado;;Consumidor Final;2026-10-01T07:28:06.42-03:00;PDV ALTAMIRA;69cdafbd231e9adf12163bd8;68fd35597f579a5277adcf7d;auricea santos pereira clube;68fd35597f579a5277adcf7d;03344896369;;Altamira pdv;3d99d9ae-9acd-4a70-ba9d-f500955aeae4;Receitas PDV;PIX;635ae864cd43d34b928b24c4;1;0;;;2026-10-01T07:28:06.479-03:00;0001-01-01T00:00:00-02:00;0001-01-01T00:00:00-02:00;False;0.0;False;;False;0.0;Gerado automaticamente através do modulo PDV;0.0;;27.0;True;True;;;Brasil;;;;;;;;"[{""Id"": 1, ""Nome"": ""Grupo de Produtos Padrão - 01""}]";"[{""Codigo"": ""0224"", ""Unidade"": ""UN"", ""Descricao"": ""0224 - SUCO DE LARANJA 2L - COM AÇUCAR"", ""Quantidade"": 1.0, ""ValorUnitario"": 27.0, ""ValorFrete"": 0.0, ""DescontoUnitario"": 0.0, ""ValorTotal"": 27.0, ""PesoKG"": 0.0, ""Comprimento"": 0.0, ""Altura"": 0.0, ""Largura"": 0.0, ""FreteGratis"": false, ""ValorUnitarioFrete"": 1.0, ""PrazoEntregaFrete"": 0, ""ComissaoVendedor"": 0.0, ""Seguro"": 0.0, ""Composicoes"": [], ""Atributos"": null, ""ProductGroupId"": 1, ""Categoria"": ""COM AÇUCAR"", ""CategoriaID"": ""6344371e5b452fbeceeea9ec""}]";;2026-10-01T07:28:06.479-03:00;"[{""FormaPagamento"": ""PIX"", ""DescricaoPagamento"": ""Pagamento recebido em PIX"", ""ValorPagamento"": 27.0, ""BandeiraCartao"": """", ""NumeroTerminal"": null, ""DataTransacao"": ""2026-10-01T03:00:00Z"", ""CredenciadoraCartao"": null, ""CredenciadoraCNPJ"": null, ""CV_NSU"": null, ""TipoIntegracao"": null, ""CondicaoPagamento"": 1, ""Parcelas"": 1, ""PeriodoParcelas"": 30, ""Adiantamento"": 0.0, ""Quitar"": null}]";;0.0;;2026-10-01T07:28:07.393-03:00;;;;;;0001-01-01T00:00:00-02:00;GRUPO_BARRA;GRUPO_BARRA_PDV ALTAMIRA_6abe35b6b36b21c5cbf90ff8
6abe3871f8094b3cf4b06998;;99704963;PDV;664a7b156434f5d1e58aa9ae;TABELA B2C BDC;65f1f02ae24a6f10a903ebf0;PDV ALTAMIRA;Pedido Faturado;;Consumidor Final;2026-10-01T07:39:44.913-03:00;PDV ALTAMIRA;69cdafbd231e9adf12163bd8;659057a8395f2736400d9dbd;CONSUMIDOR NÃO IDENTIFICADO;659057a8395f2736400d9dbd;;;Altamira pdv;3d99d9ae-9acd-4a70-ba9d-f500955aeae4;Receitas PDV;PIX;635ae864cd43d34b928b24c4;0;0;;;2026-10-01T07:39:45.007-03:00;0001-01-01T00:00:00-02:00;0001-01-01T00:00:00-02:00;False;0.0;False;;False;0.0;Gerado automaticamente através do modulo PDV;0.0;;6.5;True;True;;;;;;;;;;;"[{""Id"": 1, ""Nome"": ""Grupo de Produtos Padrão - 01""}]";"[{""Codigo"": ""0229"", ""Unidade"": ""UN"", ""Descricao"": ""0229 - SUCO DE ACEROLA 300ML - COM AÇUCAR"", ""Quantidade"": 1.0, ""ValorUnitario"": 6.5, ""ValorFrete"": 0.0, ""DescontoUnitario"": 0.0, ""ValorTotal"": 6.5, ""PesoKG"": 0.0, ""Comprimento"": 0.0, ""Altura"": 0.0, ""Largura"": 0.0, ""FreteGratis"": false, ""ValorUnitarioFrete"": 1.0, ""PrazoEntregaFrete"": 0, ""ComissaoVendedor"": 0.0, ""Seguro"": 0.0, ""Composicoes"": [], ""Atributos"": null, ""ProductGroupId"": 1, ""Categoria"": ""COM AÇUCAR"", ""CategoriaID"": ""6344371e5b452fbeceeea9ec""}]";;2026-10-01T07:39:45.007-03:00;"[{""FormaPagamento"": ""PIX"", ""DescricaoPagamento"": ""Pagamento recebido em PIX"", ""ValorPagamento"": 6.5, ""BandeiraCartao"": """", ""NumeroTerminal"": null, ""DataTransacao"": ""2026-10-01T03:00:00Z"", ""CredenciadoraCartao"": null, ""CredenciadoraCNPJ"": null, ""CV_NSU"": null, ""TipoIntegracao"": null, ""CondicaoPagamento"": 0, ""Parcelas"": 1, ""PeriodoParcelas"": 30, ""Adiantamento"": 0.0, ""Quitar"": null}]";;0.0;;2026-10-01T07:39:45.853-03:00;;;;;;0001-01-01T00:00:00-02:00;GRUPO_BARRA;GRUPO_BARRA_PDV ALTAMIRA_6abe3871f8094b3cf4b06998
6abe3ae7f8094b3cf4b08ef8;;99704966;PDV;664a7b156434f5d1e58aa9ae;TABELA B2C BDC;65f1f02ae24a6f10a903ebf0;PDV ALTAMIRA;Pedido Faturado;;Consumidor Final;2026-10-01T07:50:15.324-03:00;PDV ALTAMIRA;69cdafbd231e9adf12163bd8;659057a8395f2736400d9dbd;CONSUMIDOR NÃO IDENTIFICADO;659057a8395f2736400d9dbd;;;Altamira pdv;3d99d9ae-9acd-4a70-ba9d-f500955aeae4;Receitas PDV;Dinheiro;5b648d1c3498afae6d5bfd89;0;0;;;2026-10-01T07:50:15.356-03:00;0001-01-01T00:00:00-02:00;0001-01-01T00:00:00-02:00;False;0.0;False;;False;0.0;Gerado automaticamente através do modulo PDV;0.0;;10.0;True;True;;;;;;;;;;;"[{""Id"": 1, ""Nome"": ""Grupo de Produtos Padrão - 01""}]";"[{""Codigo"": ""123213633323179"", ""Unidade"": """", ""Descricao"": ""123213633323179 - SALGADO FRITO"", ""Quantidade"": 1.0, ""ValorUnitario"": 4.0, ""ValorFrete"": 0.0, ""DescontoUnitario"": 0.19039999999999999, ""ValorTotal"": 3.81, ""PesoKG"": 0.0, ""Comprimento"": 0.0, ""Altura"": 0.0, ""Largura"": 0.0, ""FreteGratis"": false, ""ValorUnitarioFrete"": 1.0, ""PrazoEntregaFrete"": 0, ""ComissaoVendedor"": 0.0, ""Seguro"": 0.0, ""Composicoes"": [], ""Atributos"": null, ""ProductGroupId"": 1, ""Categoria"": """", ""CategoriaID"": """"}, {""Codigo"": ""0229"", ""Unidade"": ""UN"", ""Descricao"": ""0229 - SUCO DE ACEROLA 300ML - COM AÇUCAR"", ""Quantidade"": 1.0, ""ValorUnitario"": 6.5, ""ValorFrete"": 0.0, ""DescontoUnitario"": 0.30939999999999995, ""ValorTotal"": 6.19, ""PesoKG"": 0.0, ""Comprimento"": 0.0, ""Altura"": 0.0, ""Largura"": 0.0, ""FreteGratis"": false, ""ValorUnitarioFrete"": 1.0, ""PrazoEntregaFrete"": 0, ""ComissaoVendedor"": 0.0, ""Seguro"": 0.0, ""Composicoes"": [], ""Atributos"": null, ""ProductGroupId"": 1, ""Categoria"": ""COM AÇUCAR"", ""CategoriaID"": ""6344371e5b452fbeceeea9ec""}]";;2026-10-01T07:50:15.356-03:00;"[{""FormaPagamento"": ""Dinheiro"", ""DescricaoPagamento"": ""Pagamento recebido em Dinheiro"", ""ValorPagamento"": 10.0, ""BandeiraCartao"": """", ""NumeroTerminal"": null, ""DataTransacao"": ""2026-10-01T03:00:00Z"", ""CredenciadoraCartao"": null, ""CredenciadoraCNPJ"": null, ""CV_NSU"": null, ""TipoIntegracao"": null, ""CondicaoPagamento"": 0, ""Parcelas"": 1, ""PeriodoParcelas"": 30, ""Adiantamento"": 0.0, ""Quitar"": null}]";;0.0;;2026-10-01T07:50:16.17-03:00;;;;;;0001-01-01T00:00:00-02:00;GRUPO_BARRA;GRUPO_BARRA_PDV ALTAMIRA_6abe3ae7f8094b3cf4b08ef8
6abe3dde8a25980045131e2b;;99704972;PDV;664a7b156434f5d1e58aa9ae;TABELA B2C BDC;65f1f02ae24a6f10a903ebf0;PDV ALTAMIRA;Pedido Faturado;;Consumidor Final;2026-10-01T08:02:54.702-03:00;PDV ALTAMIRA;69cdafbd231e9adf12163bd8;659057a8395f2736400d9dbd;CONSUMIDOR NÃO IDENTIFICADO;659057a8395f2736400d9dbd;;;Altamira pdv;3d99d9ae-9acd-4a70-ba9d-f500955aeae4;Receitas PDV;PIX;635ae864cd43d34b928b24c4;0;0;;;2026-10-01T08:02:54.749-03:00;0001-01-01T00:00:00-02:00;0001-01-01T00:00:00-02:00;False;0.0;False;;False;0.0;Gerado automaticamente através do modulo PDV;0.0;;21.9;True;True;;;;;;;;;;;"[{""Id"": 1, ""Nome"": ""Grupo de Produtos Padrão - 01""}]";"[{""Codigo"": ""0266"", ""Unidade"": ""UN"", ""Descricao"": ""0266 - AGUA DE COCO 1L"", ""Quantidade"": 1.0, ""ValorUnitario"": 21.9, ""ValorFrete"": 0.0, ""DescontoUnitario"": 0.0, ""ValorTotal"": 21.9, ""PesoKG"": 0.0, ""Comprimento"": 0.0, ""Altura"": 0.0, ""Largura"": 0.0, ""FreteGratis"": false, ""ValorUnitarioFrete"": 1.0, ""PrazoEntregaFrete"": 0, ""ComissaoVendedor"": 0.0, ""Seguro"": 0.0, ""Composicoes"": [], ""Atributos"": null, ""ProductGroupId"": 1, ""Categoria"": ""AGUA DE COCO"", ""CategoriaID"": ""6525b95b06440aa67624c98c""}]";;2026-10-01T08:02:54.749-03:00;"[{""FormaPagamento"": ""PIX"", ""DescricaoPagamento"": ""Pagamento recebido em PIX"", ""ValorPagamento"": 21.9, ""BandeiraCartao"": """", ""NumeroTerminal"": null, ""DataTransacao"": ""2026-10-01T03:00:00Z"", ""CredenciadoraCartao"": null, ""CredenciadoraCNPJ"": null, ""CV_NSU"": null, ""TipoIntegracao"": null, ""CondicaoPagamento"": 0, ""Parcelas"": 1, ""PeriodoParcelas"": 30, ""Adiantamento"": 0.0, ""Quitar"": null}]";;0.0;;2026-10-01T08:02:55.436-03:00;;;;;;0001-01-01T00:00:00-02:00;GRUPO_BARRA;GRUPO_BARRA_PDV ALTAMIRA_6abe3dde8a25980045131e2b
6abe3df5f8094b3cf4b0d2e9;;99704973;PDV;664a7b156434f5d1e58aa9ae;TABELA B2C BDC;65f1f02ae24a6f10a903ebf0;PDV ALTAMIRA;Pedido Faturado;;Consumidor Final;2026-10-01T08:03:17.215-03:00;PDV ALTAMIRA;69cdafbd231e9adf12163bd8;659057a8395f2736400d9dbd;CONSUMIDOR NÃO IDENTIFICADO;659057a8395f2736400d9dbd;;;Altamira pdv;3d99d9ae-9acd-4a70-ba9d-f500955aeae4;Receitas PDV;Cartão de Crédito;5b648d983498afae6d5c3601;1;0;;;2026-10-01T08:03:17.262-03:00;0001-01-01T00:00:00-02:00;0001-01-01T00:00:00-02:00;False;0.0;False;;False;0.0;Gerado automaticamente através do modulo PDV;0.0;;15.0;True;True;;;;;;;;;;;"[{""Id"": 1, ""Nome"": ""Grupo de Produtos Padrão - 01""}]";"[{""Codigo"": ""0207"", ""Unidade"": ""UN"", ""Descricao"": ""0207 - SUCO DE GOIABA 1L - COM AÇUCAR"", ""Quantidade"": 1.0, ""ValorUnitario"": 15.0, ""ValorFrete"": 0.0, ""DescontoUnitario"": 0.0, ""ValorTotal"": 15.0, ""PesoKG"": 0.0, ""Comprimento"": 0.0, ""Altura"": 0.0, ""Largura"": 0.0, ""FreteGratis"": false, ""ValorUnitarioFrete"": 1.0, ""PrazoEntregaFrete"": 0, ""ComissaoVendedor"": 0.0, ""Seguro"": 0.0, ""Composicoes"": [], ""Atributos"": null, ""ProductGroupId"": 1, ""Categoria"": ""COM AÇUCAR"", ""CategoriaID"": ""6344371e5b452fbeceeea9ec""}]";;2026-10-01T08:03:17.262-03:00;"[{""FormaPagamento"": ""Cartão de Crédito"", ""DescricaoPagamento"": ""Pagamento recebido em Cartão de Crédito"", ""ValorPagamento"": 15.0, ""BandeiraCartao"": ""02"", ""NumeroTerminal"": null, ""DataTransacao"": ""2026-10-01T03:00:00Z"", ""CredenciadoraCartao"": """", ""CredenciadoraCNPJ"": null, ""CV_NSU"": null, ""TipoIntegracao"": null, ""CondicaoPagamento"": 1, ""Parcelas"": 1, ""PeriodoParcelas"": 30, ""Adiantamento"": 0.0, ""Quitar"": null}]";;0.0;;2026-10-01T08:03:18.435-03:00;;;;;;0001-01-01T00:00:00-02:00;GRUPO_BARRA;GRUPO_BARRA_PDV ALTAMIRA_6abe3df5f8094b3cf4b0d2e9
6abe421cc35bacdcecef14db;;99704989;PDV;664a7b156434f5d1e58aa9ae;CLUB VANTAGEM BDC;66c8caacba311769cd7ddafd;PDV ALTAMIRA;Pedido Faturado;;Consumidor Final;2026-10-01T08:21:00.432-03:00;PDV ALTAMIRA;69cdafbd231e9adf12163bd8;659057a8395f2736400d9dbd;CONSUMIDOR NÃO IDENTIFICADO;659057a8395f2736400d9dbd;;;Altamira pdv;3d99d9ae-9acd-4a70-ba9d-f500955aeae4;Receitas PDV;Dinheiro;5b648d1c3498afae6d5bfd89;0;0;;;2026-10-01T08:21:00.501-03:00;0001-01-01T00:00:00-02:00;0001-01-01T00:00:00-02:00;False;0.0;False;;False;0.0;Gerado automaticamente através do modulo PDV;0.0;;14.0;True;True;;;;;;;;;;;"[{""Id"": 1, ""Nome"": ""Grupo de Produtos Padrão - 01""}]";"[{""Codigo"": ""0209"", ""Unidade"": ""UN"", ""Descricao"": ""0209 - SUCO DE LARANJA 1L - COM AÇUCAR"", ""Quantidade"": 1.0, ""ValorUnitario"": 14.0, ""ValorFrete"": 0.0, ""DescontoUnitario"": 0.0, ""ValorTotal"": 14.0, ""PesoKG"": 0.0, ""Comprimento"": 0.0, ""Altura"": 0.0, ""Largura"": 0.0, ""FreteGratis"": false, ""ValorUnitarioFrete"": 1.0, ""PrazoEntregaFrete"": 0, ""ComissaoVendedor"": 0.0, ""Seguro"": 0.0, ""Composicoes"": [], ""Atributos"": null, ""ProductGroupId"": 1, ""Categoria"": ""COM AÇUCAR"", ""CategoriaID"": ""6344371e5b452fbeceeea9ec""}]";;2026-10-01T08:21:00.501-03:00;"[{""FormaPagamento"": ""Dinheiro"", ""DescricaoPagamento"": ""Pagamento recebido em Dinheiro"", ""ValorPagamento"": 14.0, ""BandeiraCartao"": """", ""NumeroTerminal"": null, ""DataTransacao"": ""2026-10-01T03:00:00Z"", ""CredenciadoraCartao"": null, ""CredenciadoraCNPJ"": null, ""CV_NSU"": null, ""TipoIntegracao"": null, ""CondicaoPagamento"": 0, ""Parcelas"": 1, ""PeriodoParcelas"": 30, ""Adiantamento"": 0.0, ""Quitar"": null}]";;0.0;;2026-10-01T08:21:01.55-03:00;;;;;;0001-01-01T00:00:00-02:00;GRUPO_BARRA;GRUPO_BARRA_PDV ALTAMIRA_6abe421cc35bacdcecef14db
6abe4728b46e79de05cd9c34;;99705011;PDV;664a7b156434f5d1e58aa9ae;TABELA B2C BDC;65f1f02ae24a6f10a903ebf0;PDV ALTAMIRA;Pedido Faturado;;Consumidor Final;2026-10-01T08:42:31.97-03:00;PDV ALTAMIRA;69cdafbd231e9adf12163bd8;659057a8395f2736400d9dbd;CONSUMIDOR NÃO IDENTIFICADO;659057a8395f2736400d9dbd;;;Altamira pdv;3d99d9ae-9acd-4a70-ba9d-f500955aeae4;Receitas PDV;Dinheiro;5b648d1c3498afae6d5bfd89;0;0;;;2026-10-01T08:42:32.002-03:00;0001-01-01T00:00:00-02:00;0001-01-01T00:00:00-02:00;False;0.0;False;;False;0.0;Gerado automaticamente através do modulo PDV;0.0;;2.0;True;True;;;;;;;;;;;"[{""Id"": 1, ""Nome"": ""Grupo de Produtos Padrão - 01""}]";"[{""Codigo"": ""123213633322934"", ""Unidade"": """", ""Descricao"": ""123213633322934 - AGUA DAFONTE 500ML"", ""Quantidade"": 1.0, ""ValorUnitario"": 2.0, ""ValorFrete"": 0.0, ""DescontoUnitario"": 0.0, ""ValorTotal"": 2.0, ""PesoKG"": 0.0, ""Comprimento"": 0.0, ""Altura"": 0.0, ""Largura"": 0.0, ""FreteGratis"": false, ""ValorUnitarioFrete"": 1.0, ""PrazoEntregaFrete"": 0, ""ComissaoVendedor"": 0.0, ""Seguro"": 0.0, ""Composicoes"": [], ""Atributos"": null, ""ProductGroupId"": 1, ""Categoria"": """", ""CategoriaID"": """"}]";;2026-10-01T08:42:32.002-03:00;"[{""FormaPagamento"": ""Dinheiro"", ""DescricaoPagamento"": ""Pagamento recebido em Dinheiro"", ""ValorPagamento"": 2.0, ""BandeiraCartao"": """", ""NumeroTerminal"": null, ""DataTransacao"": ""2026-10-01T03:00:00Z"", ""CredenciadoraCartao"": null, ""CredenciadoraCNPJ"": null, ""CV_NSU"": null, ""TipoIntegracao"": null, ""CondicaoPagamento"": 0, ""Parcelas"": 1, ""PeriodoParcelas"": 30, ""Adiantamento"": 0.0, ""Quitar"": null}]";;0.0;;2026-10-01T08:42:32.769-03:00;;;;;;0001-01-01T00:00:00-02:00;GRUPO_BARRA;GRUPO_BARRA_PDV ALTAMIRA_6abe4728b46e79de05cd9c34
6abe49e4b36b21c5cbfa7394;;99705019;PDV;664a7b156434f5d1e58aa9ae;REVENDEDORES BDC;6757808bcf756b084c8948e7;PDV ALTAMIRA;Pedido Faturado;;Consumidor Final;2026-10-01T08:54:12.272-03:00;PDV ALTAMIRA;69cdafbd231e9adf12163bd8;6aba7c740d68f3866b64afb6;Churrascaria Avenida CLUBE;6aba7c740d68f3866b64afb6;44854836000129;;Altamira pdv;3d99d9ae-9acd-4a70-ba9d-f500955aeae4;Receitas PDV;PIX;635ae864cd43d34b928b24c4;0;0;;;2026-10-01T08:54:12.429-03:00;0001-01-01T00:00:00-02:00;0001-01-01T00:00:00-02:00;False;0.0;False;;False;0.0;Gerado automaticamente através do modulo PDV;0.0;;182.5;True;True;Barra do Corda;2101608;Brasil;65950000;MA;21;ALTAMIRA;AVENIDA LULU RODRIGUES;SN;;"[{""Id"": 1, ""Nome"": ""Grupo de Produtos Padrão - 01""}]";"[{""Codigo"": ""0224"", ""Unidade"": ""UN"", ""Descricao"": ""0224 - SUCO DE LARANJA 2L - COM AÇUCAR"", ""Quantidade"": 3.0, ""ValorUnitario"": 22.0, ""ValorFrete"": 0.0, ""DescontoUnitario"": 0.0, ""ValorTotal"": 66.0, ""PesoKG"": 0.0, ""Comprimento"": 0.0, ""Altura"": 0.0, ""Largura"": 0.0, ""FreteGratis"": false, ""ValorUnitarioFrete"": 1.0, ""PrazoEntregaFrete"": 0, ""ComissaoVendedor"": 0.0, ""Seguro"": 0.0, ""Composicoes"": [], ""Atributos"": null, ""ProductGroupId"": 1, ""Categoria"": ""COM AÇUCAR"", ""CategoriaID"": ""6344371e5b452fbeceeea9ec""}, {""Codigo"": ""0219"", ""Unidade"": ""UN"", ""Descricao"": ""0219 - SUCO DE CAJU 2L - COM AÇUCAR"", ""Quantidade"": 1.0, ""ValorUnitario"": 17.0, ""ValorFrete"": 0.0, ""DescontoUnitario"": 0.0, ""ValorTotal"": 17.0, ""PesoKG"": 0.0, ""Comprimento"": 0.0, ""Altura"": 0.0, ""Largura"": 0.0, ""FreteGratis"": false, ""ValorUnitarioFrete"": 1.0, ""PrazoEntregaFrete"": 0, ""ComissaoVendedor"": 0.0, ""Seguro"": 0.0, ""Composicoes"": [], ""Atributos"": null, ""ProductGroupId"": 1, ""Categoria"": ""COM AÇUCAR"", ""CategoriaID"": ""6344371e5b452fbeceeea9ec""}, {""Codigo"": ""0225"", ""Unidade"": ""UN"", ""Descricao"": ""0225 - SUCO DE MARACUJA 2L - COM AÇUCAR"", ""Quantidade"": 2.0, ""ValorUnitario"": 22.0, ""ValorFrete"": 0.0, ""DescontoUnitario"": 0.0, ""ValorTotal"": 44.0, ""PesoKG"": 0.0, ""Comprimento"": 0.0, ""Altura"": 0.0, ""Largura"": 0.0, ""FreteGratis"": false, ""ValorUnitarioFrete"": 1.0, ""PrazoEntregaFrete"": 0, ""ComissaoVendedor"": 0.0, ""Seguro"": 0.0, ""Composicoes"": [], ""Atributos"": null, ""ProductGroupId"": 1, ""Categoria"": ""COM AÇUCAR"", ""CategoriaID"": ""6344371e5b452fbeceeea9ec""}, {""Codigo"": ""0216"", ""Unidade"": ""UN"", ""Descricao"": ""0216 - SUCO DE ACEROLA 2L - COM AÇUCAR"", ""Quantidade"": 1.0, ""ValorUnitario"": 23.5, ""ValorFrete"": 0.0, ""DescontoUnitario"": 0.0, ""ValorTotal"": 23.5, ""PesoKG"": 0.0, ""Comprimento"": 0.0, ""Altura"": 0.0, ""Largura"": 0.0, ""FreteGratis"": false, ""ValorUnitarioFrete"": 1.0, ""PrazoEntregaFrete"": 0, ""ComissaoVendedor"": 0.0, ""Seguro"": 0.0, ""Composicoes"": [], ""Atributos"": null, ""ProductGroupId"": 1, ""Categoria"": ""COM AÇUCAR"", ""CategoriaID"": ""6344371e5b452fbeceeea9ec""}, {""Codigo"": ""0204"", ""Unidade"": ""UN"", ""Descricao"": ""0204 - SUCO DE CAJA 1L - COM AÇUCAR"", ""Quantidade"": 1.0, ""ValorUnitario"": 12.0, ""ValorFrete"": 0.0, ""DescontoUnitario"": 0.0, ""ValorTotal"": 12.0, ""PesoKG"": 0.0, ""Comprimento"": 0.0, ""Altura"": 0.0, ""Largura"": 0.0, ""FreteGratis"": false, ""ValorUnitarioFrete"": 1.0, ""PrazoEntregaFrete"": 0, ""ComissaoVendedor"": 0.0, ""Seguro"": 0.0, ""Composicoes"": [], ""Atributos"": null, ""ProductGroupId"": 1, ""Categoria"": ""COM AÇUCAR"", ""CategoriaID"": ""6344371e5b452fbeceeea9ec""}, {""Codigo"": ""0207"", ""Unidade"": ""UN"", ""Descricao"": ""0207 - SUCO DE GOIABA 1L - COM AÇUCAR"", ""Quantidade"": 2.0, ""ValorUnitario"": 10.0, ""ValorFrete"": 0.0, ""DescontoUnitario"": 0.0, ""ValorTotal"": 20.0, ""PesoKG"": 0.0, ""Comprimento"": 0.0, ""Altura"": 0.0, ""Largura"": 0.0, ""FreteGratis"": false, ""ValorUnitarioFrete"": 1.0, ""PrazoEntregaFrete"": 0, ""ComissaoVendedor"": 0.0, ""Seguro"": 0.0, ""Composicoes"": [], ""Atributos"": null, ""ProductGroupId"": 1, ""Categoria"": ""COM AÇUCAR"", ""CategoriaID"": ""6344371e5b452fbeceeea9ec""}]";;2026-10-01T08:54:12.429-03:00;"[{""FormaPagamento"": ""PIX"", ""DescricaoPagamento"": ""Pagamento recebido em PIX"", ""ValorPagamento"": 182.5, ""BandeiraCartao"": """", ""NumeroTerminal"": null, ""DataTransacao"": ""2026-10-01T03:00:00Z"", ""CredenciadoraCartao"": null, ""CredenciadoraCNPJ"": null, ""CV_NSU"": null, ""TipoIntegracao"": null, ""CondicaoPagamento"": 0, ""Parcelas"": 1, ""PeriodoParcelas"": 30, ""Adiantamento"": 0.0, ""Quitar"": null}]";;0.0;;2026-10-01T08:54:16.169-03:00;;;;;;0001-01-01T00:00:00-02:00;GRUPO_BARRA;GRUPO_BARRA_PDV ALTAMIRA_6abe49e4b36b21c5cbfa7394
6abe50e2a93bcdf35adb69b7;;99705039;PDV;664a7b156434f5d1e58aa9ae;TABELA B2C BDC;65f1f02ae24a6f10a903ebf0;PDV ALTAMIRA;Pedido Faturado;;Consumidor Final;2026-10-01T09:24:02.787-03:00;PDV ALTAMIRA;69cdafbd231e9adf12163bd8;6a3d182474695185c1015e4e;Iraneide Conceiçao Da Silva CLUBE;6a3d182474695185c1015e4e;62125713330;;Altamira pdv;3d99d9ae-9acd-4a70-ba9d-f500955aeae4;Receitas PDV;Dinheiro;5b648d1c3498afae6d5bfd89;0;0;;;2026-10-01T09:24:02.975-03:00;0001-01-01T00:00:00-02:00;0001-01-01T00:00:00-02:00;False;0.0;False;;False;0.0;Gerado automaticamente através do modulo PDV;0.0;;12.0;True;True;;;Brasil;;;;;;;;"[{""Id"": 1, ""Nome"": ""Grupo de Produtos Padrão - 01""}]";"[{""Codigo"": ""0209"", ""Unidade"": ""UN"", ""Descricao"": ""0209 - SUCO DE LARANJA 1L - COM AÇUCAR"", ""Quantidade"": 1.0, ""ValorUnitario"": 16.0, ""ValorFrete"": 0.0, ""DescontoUnitario"": 4.0, ""ValorTotal"": 12.0, ""PesoKG"": 0.0, ""Comprimento"": 0.0, ""Altura"": 0.0, ""Largura"": 0.0, ""FreteGratis"": false, ""ValorUnitarioFrete"": 1.0, ""PrazoEntregaFrete"": 0, ""ComissaoVendedor"": 0.0, ""Seguro"": 0.0, ""Composicoes"": [], ""Atributos"": null, ""ProductGroupId"": 1, ""Categoria"": ""COM AÇUCAR"", ""CategoriaID"": ""6344371e5b452fbeceeea9ec""}]";;2026-10-01T09:24:02.975-03:00;"[{""FormaPagamento"": ""Dinheiro"", ""DescricaoPagamento"": ""Pagamento recebido em Dinheiro"", ""ValorPagamento"": 12.0, ""BandeiraCartao"": """", ""NumeroTerminal"": null, ""DataTransacao"": ""2026-10-01T03:00:00Z"", ""CredenciadoraCartao"": null, ""CredenciadoraCNPJ"": null, ""CV_NSU"": null, ""TipoIntegracao"": null, ""CondicaoPagamento"": 0, ""Parcelas"": 1, ""PeriodoParcelas"": 30, ""Adiantamento"": 0.0, ""Quitar"": null}]";;0.0;;2026-10-01T09:24:04.196-03:00;;;;;;0001-01-01T00:00:00-02:00;GRUPO_BARRA;GRUPO_BARRA_PDV ALTAMIRA_6abe50e2a93bcdf35adb69b7
6abe510daa0b5eef7cd5a80a;;99705042;PDV;664a7b156434f5d1e58aa9ae;TABELA B2C BDC;65f1f02ae24a6f10a903ebf0;PDV ALTAMIRA;Pedido Faturado;;Consumidor Final;2026-10-01T09:24:45.239-03:00;PDV ALTAMIRA;69cdafbd231e9adf12163bd8;659057a8395f2736400d9dbd;CONSUMIDOR NÃO IDENTIFICADO;659057a8395f2736400d9dbd;;;Altamira pdv;3d99d9ae-9acd-4a70-ba9d-f500955aeae4;Receitas PDV;Dinheiro;5b648d1c3498afae6d5bfd89;0;0;;;2026-10-01T09:24:45.302-03:00;0001-01-01T00:00:00-02:00;0001-01-01T00:00:00-02:00;False;0.0;False;;False;0.0;Gerado automaticamente através do modulo PDV;0.0;;12.0;True;True;;;;;;;;;;;"[{""Id"": 1, ""Nome"": ""Grupo de Produtos Padrão - 01""}]";"[{""Codigo"": ""123213633323499"", ""Unidade"": """", ""Descricao"": ""123213633323499 - CARAMELLE LEITE CONDENSADO 60g"", ""Quantidade"": 2.0, ""ValorUnitario"": 6.0, ""ValorFrete"": 0.0, ""DescontoUnitario"": 0.0, ""ValorTotal"": 12.0, ""PesoKG"": 0.0, ""Comprimento"": 0.0, ""Altura"": 0.0, ""Largura"": 0.0, ""FreteGratis"": false, ""ValorUnitarioFrete"": 1.0, ""PrazoEntregaFrete"": 0, ""ComissaoVendedor"": 0.0, ""Seguro"": 0.0, ""Composicoes"": [], ""Atributos"": null, ""ProductGroupId"": 1, ""Categoria"": """", ""CategoriaID"": """"}]";;2026-10-01T09:24:45.302-03:00;"[{""FormaPagamento"": ""Dinheiro"", ""DescricaoPagamento"": ""Pagamento recebido em Dinheiro"", ""ValorPagamento"": 12.0, ""BandeiraCartao"": """", ""NumeroTerminal"": null, ""DataTransacao"": ""2026-10-01T03:00:00Z"", ""CredenciadoraCartao"": null, ""CredenciadoraCNPJ"": null, ""CV_NSU"": null, ""TipoIntegracao"": null, ""CondicaoPagamento"": 0, ""Parcelas"": 1, ""PeriodoParcelas"": 30, ""Adiantamento"": 0.0, ""Quitar"": null}]";;0.0;;2026-10-01T09:24:46.196-03:00;;;;;;0001-01-01T00:00:00-02:00;GRUPO_BARRA;GRUPO_BARRA_PDV ALTAMIRA_6abe510daa0b5eef7cd5a80a
6abe53449c74cd6eecefb4ff;;99705045;PDV;664a7b156434f5d1e58aa9ae;TABELA B2C BDC;65f1f02ae24a6f10a903ebf0;PDV ALTAMIRA;Pedido Faturado;;Consumidor Final;2026-10-01T09:34:12.525-03:00;PDV ALTAMIRA;69cdafbd231e9adf12163bd8;659057a8395f2736400d9dbd;CONSUMIDOR NÃO IDENTIFICADO;659057a8395f2736400d9dbd;;;Altamira pdv;3d99d9ae-9acd-4a70-ba9d-f500955aeae4;Receitas PDV;Dinheiro;5b648d1c3498afae6d5bfd89;0;0;;;2026-10-01T09:34:12.571-03:00;0001-01-01T00:00:00-02:00;0001-01-01T00:00:00-02:00;False;0.0;False;;False;0.0;Gerado automaticamente através do modulo PDV;0.0;;65.0;True;True;;;;;;;;;;;"[{""Id"": 1, ""Nome"": ""Grupo de Produtos Padrão - 01""}]";"[{""Codigo"": ""0251"", ""Unidade"": ""UN"", ""Descricao"": ""0251 - SUCO DE LARANJA 5L - COM AÇUCAR"", ""Quantidade"": 1.0, ""ValorUnitario"": 65.0, ""ValorFrete"": 0.0, ""DescontoUnitario"": 0.0, ""ValorTotal"": 65.0, ""PesoKG"": 0.0, ""Comprimento"": 0.0, ""Altura"": 0.0, ""Largura"": 0.0, ""FreteGratis"": false, ""ValorUnitarioFrete"": 1.0, ""PrazoEntregaFrete"": 0, ""ComissaoVendedor"": 0.0, ""Seguro"": 0.0, ""Composicoes"": [], ""Atributos"": null, ""ProductGroupId"": 1, ""Categoria"": ""COM AÇUCAR"", ""CategoriaID"": ""6344371e5b452fbeceeea9ec""}]";;2026-10-01T09:34:12.571-03:00;"[{""FormaPagamento"": ""Dinheiro"", ""DescricaoPagamento"": ""Pagamento recebido em Dinheiro"", ""ValorPagamento"": 65.0, ""BandeiraCartao"": """", ""NumeroTerminal"": null, ""DataTransacao"": ""2026-10-01T03:00:00Z"", ""CredenciadoraCartao"": null, ""CredenciadoraCNPJ"": null, ""CV_NSU"": null, ""TipoIntegracao"": null, ""CondicaoPagamento"": 0, ""Parcelas"": 1, ""PeriodoParcelas"": 30, ""Adiantamento"": 0.0, ""Quitar"": null}]";;0.0;;2026-10-01T09:34:13.948-03:00;;;;;;0001-01-01T00:00:00-02:00;GRUPO_BARRA;GRUPO_BARRA_PDV ALTAMIRA_6abe53449c74cd6eecefb4ff
6abe5434f8094b3cf4b29a0f;;99705048;PDV;664a7b156434f5d1e58aa9ae;TABELA B2C BDC;65f1f02ae24a6f10a903ebf0;PDV ALTAMIRA;Pedido Faturado;;Consumidor Final;2026-10-01T09:38:12.242-03:00;PDV ALTAMIRA;69cdafbd231e9adf12163bd8;659057a8395f2736400d9dbd;CONSUMIDOR NÃO IDENTIFICADO;659057a8395f2736400d9dbd;;;Altamira pdv;3d99d9ae-9acd-4a70-ba9d-f500955aeae4;Receitas PDV;Dinheiro;5b648d1c3498afae6d5bfd89;0;0;;;2026-10-01T09:38:12.274-03:00;0001-01-01T00:00:00-02:00;0001-01-01T00:00:00-02:00;False;0.0;False;;False;0.0;Gerado automaticamente através do modulo PDV;0.0;;4.0;True;True;;;;;;;;;;;"[{""Id"": 1, ""Nome"": ""Grupo de Produtos Padrão - 01""}]";"[{""Codigo"": ""123213633323179"", ""Unidade"": """", ""Descricao"": ""123213633323179 - SALGADO FRITO"", ""Quantidade"": 1.0, ""ValorUnitario"": 4.0, ""ValorFrete"": 0.0, ""DescontoUnitario"": 0.0, ""ValorTotal"": 4.0, ""PesoKG"": 0.0, ""Comprimento"": 0.0, ""Altura"": 0.0, ""Largura"": 0.0, ""FreteGratis"": false, ""ValorUnitarioFrete"": 1.0, ""PrazoEntregaFrete"": 0, ""ComissaoVendedor"": 0.0, ""Seguro"": 0.0, ""Composicoes"": [], ""Atributos"": null, ""ProductGroupId"": 1, ""Categoria"": """", ""CategoriaID"": """"}]";;2026-10-01T09:38:12.274-03:00;"[{""FormaPagamento"": ""Dinheiro"", ""DescricaoPagamento"": ""Pagamento recebido em Dinheiro"", ""ValorPagamento"": 4.0, ""BandeiraCartao"": """", ""NumeroTerminal"": null, ""DataTransacao"": ""2026-10-01T03:00:00Z"", ""CredenciadoraCartao"": null, ""CredenciadoraCNPJ"": null, ""CV_NSU"": null, ""TipoIntegracao"": null, ""CondicaoPagamento"": 0, ""Parcelas"": 1, ""PeriodoParcelas"": 30, ""Adiantamento"": 0.0, ""Quitar"": null}]";;0.0;;2026-10-01T09:38:12.822-03:00;;;;;;0001-01-01T00:00:00-02:00;GRUPO_BARRA;GRUPO_BARRA_PDV ALTAMIRA_6abe5434f8094b3cf4b29a0f
6abe5c9ca93bcdf35adc780d;;99705071;PDV;664a7b156434f5d1e58aa9ae;TABELA B2C BDC;65f1f02ae24a6f10a903ebf0;PDV ALTAMIRA;Pedido Faturado;;Consumidor Final;2026-10-01T10:14:04.5-03:00;PDV ALTAMIRA;69cdafbd231e9adf12163bd8;659057a8395f2736400d9dbd;CONSUMIDOR NÃO IDENTIFICADO;659057a8395f2736400d9dbd;;;Altamira pdv;3d99d9ae-9acd-4a70-ba9d-f500955aeae4;Receitas PDV;Dinheiro;5b648d1c3498afae6d5bfd89;0;0;;;2026-10-01T10:14:04.579-03:00;0001-01-01T00:00:00-02:00;0001-01-01T00:00:00-02:00;False;0.0;False;;False;0.0;Gerado automaticamente através do modulo PDV;0.0;;5.0;True;True;;;;;;;;;;;"[{""Id"": 1, ""Nome"": ""Grupo de Produtos Padrão - 01""}]";"[{""Codigo"": ""0230"", ""Unidade"": ""UN"", ""Descricao"": ""0230 - SUCO DE BACURI 300ML - COM AÇUCAR"", ""Quantidade"": 1.0, ""ValorUnitario"": 5.0, ""ValorFrete"": 0.0, ""DescontoUnitario"": 0.0, ""ValorTotal"": 5.0, ""PesoKG"": 0.0, ""Comprimento"": 0.0, ""Altura"": 0.0, ""Largura"": 0.0, ""FreteGratis"": false, ""ValorUnitarioFrete"": 1.0, ""PrazoEntregaFrete"": 0, ""ComissaoVendedor"": 0.0, ""Seguro"": 0.0, ""Composicoes"": [], ""Atributos"": null, ""ProductGroupId"": 1, ""Categoria"": ""COM AÇUCAR"", ""CategoriaID"": ""6344371e5b452fbeceeea9ec""}]";;2026-10-01T10:14:04.579-03:00;"[{""FormaPagamento"": ""Dinheiro"", ""DescricaoPagamento"": ""Pagamento recebido em Dinheiro"", ""ValorPagamento"": 5.0, ""BandeiraCartao"": """", ""NumeroTerminal"": null, ""DataTransacao"": ""2026-10-01T03:00:00Z"", ""CredenciadoraCartao"": null, ""CredenciadoraCNPJ"": null, ""CV_NSU"": null, ""TipoIntegracao"": null, ""CondicaoPagamento"": 0, ""Parcelas"": 1, ""PeriodoParcelas"": 30, ""Adiantamento"": 0.0, ""Quitar"": null}]";;0.0;;2026-10-01T10:14:05.767-03:00;;;;;;0001-01-01T00:00:00-02:00;GRUPO_BARRA;GRUPO_BARRA_PDV ALTAMIRA_6abe5c9ca93bcdf35adc780d
6abe5cc49a755c33b3f46b76;;99705073;PDV;664a7b156434f5d1e58aa9ae;TABELA B2C BDC;65f1f02ae24a6f10a903ebf0;PDV ALTAMIRA;Pedido Faturado;;Consumidor Final;2026-10-01T10:14:44.396-03:00;PDV ALTAMIRA;69cdafbd231e9adf12163bd8;659057a8395f2736400d9dbd;CONSUMIDOR NÃO IDENTIFICADO;659057a8395f2736400d9dbd;;;Altamira pdv;3d99d9ae-9acd-4a70-ba9d-f500955aeae4;Receitas PDV;PIX;635ae864cd43d34b928b24c4;1;0;;;2026-10-01T10:14:44.471-03:00;0001-01-01T00:00:00-02:00;0001-01-01T00:00:00-02:00;False;0.0;False;;False;0.0;Gerado automaticamente através do modulo PDV;0.0;;16.0;True;True;;;;;;;;;;;"[{""Id"": 1, ""Nome"": ""Grupo de Produtos Padrão - 01""}]";"[{""Codigo"": ""0233"", ""Unidade"": ""UN"", ""Descricao"": ""0233 - SUCO DE GOIABA 300ML - COM AÇUCAR"", ""Quantidade"": 1.0, ""ValorUnitario"": 6.0, ""ValorFrete"": 0.0, ""DescontoUnitario"": 0.0, ""ValorTotal"": 6.0, ""PesoKG"": 0.0, ""Comprimento"": 0.0, ""Altura"": 0.0, ""Largura"": 0.0, ""FreteGratis"": false, ""ValorUnitarioFrete"": 1.0, ""PrazoEntregaFrete"": 0, ""ComissaoVendedor"": 0.0, ""Seguro"": 0.0, ""Composicoes"": [], ""Atributos"": null, ""ProductGroupId"": 1, ""Categoria"": ""COM AÇUCAR"", ""CategoriaID"": ""6344371e5b452fbeceeea9ec""}, {""Codigo"": ""123213633322625"", ""Unidade"": """", ""Descricao"": ""123213633322625 - Bolinho de tapioca - UND"", ""Quantidade"": 1.0, ""ValorUnitario"": 2.0, ""ValorFrete"": 0.0, ""DescontoUnitario"": 0.0, ""ValorTotal"": 2.0, ""PesoKG"": 0.0, ""Comprimento"": 0.0, ""Altura"": 0.0, ""Largura"": 0.0, ""FreteGratis"": false, ""ValorUnitarioFrete"": 1.0, ""PrazoEntregaFrete"": 0, ""ComissaoVendedor"": 0.0, ""Seguro"": 0.0, ""Composicoes"": [], ""Atributos"": null, ""ProductGroupId"": 1, ""Categoria"": """", ""CategoriaID"": """"}, {""Codigo"": ""123213633323179"", ""Unidade"": """", ""Descricao"": ""123213633323179 - SALGADO FRITO"", ""Quantidade"": 2.0, ""ValorUnitario"": 4.0, ""ValorFrete"": 0.0, ""DescontoUnitario"": 0.0, ""ValorTotal"": 8.0, ""PesoKG"": 0.0, ""Comprimento"": 0.0, ""Altura"": 0.0, ""Largura"": 0.0, ""FreteGratis"": false, ""ValorUnitarioFrete"": 1.0, ""PrazoEntregaFrete"": 0, ""ComissaoVendedor"": 0.0, ""Seguro"": 0.0, ""Composicoes"": [], ""Atributos"": null, ""ProductGroupId"": 1, ""Categoria"": """", ""CategoriaID"": """"}]";;2026-10-01T10:14:44.471-03:00;"[{""FormaPagamento"": ""PIX"", ""DescricaoPagamento"": ""Pagamento recebido em PIX"", ""ValorPagamento"": 16.0, ""BandeiraCartao"": """", ""NumeroTerminal"": null, ""DataTransacao"": ""2026-10-01T03:00:00Z"", ""CredenciadoraCartao"": null, ""CredenciadoraCNPJ"": null, ""CV_NSU"": null, ""TipoIntegracao"": null, ""CondicaoPagamento"": 1, ""Parcelas"": 1, ""PeriodoParcelas"": 30, ""Adiantamento"": 0.0, ""Quitar"": null}]";;0.0;;2026-10-01T10:14:46.084-03:00;;;;;;0001-01-01T00:00:00-02:00;GRUPO_BARRA;GRUPO_BARRA_PDV ALTAMIRA_6abe5cc49a755c33b3f46b76
6abe5dd131195d99ead631a9;;99705076;PDV;664a7b156434f5d1e58aa9ae;CLUB VANTAGEM BDC;66c8caacba311769cd7ddafd;PDV ALTAMIRA;Pedido Faturado;;Consumidor Final;2026-10-01T10:19:12.975-03:00;PDV ALTAMIRA;69cdafbd231e9adf12163bd8;659057a8395f2736400d9dbd;CONSUMIDOR NÃO IDENTIFICADO;659057a8395f2736400d9dbd;;;Altamira pdv;3d99d9ae-9acd-4a70-ba9d-f500955aeae4;Receitas PDV;Dinheiro;5b648d1c3498afae6d5bfd89;0;0;;;2026-10-01T10:19:13.022-03:00;0001-01-01T00:00:00-02:00;0001-01-01T00:00:00-02:00;False;0.0;False;;False;0.0;Gerado automaticamente através do modulo PDV;0.0;;27.0;True;True;;;;;;;;;;;"[{""Id"": 1, ""Nome"": ""Grupo de Produtos Padrão - 01""}]";"[{""Codigo"": ""0216"", ""Unidade"": ""UN"", ""Descricao"": ""0216 - SUCO DE ACEROLA 2L - COM AÇUCAR"", ""Quantidade"": 1.0, ""ValorUnitario"": 29.0, ""ValorFrete"": 0.0, ""DescontoUnitario"": 2.0010000000000003, ""ValorTotal"": 27.0, ""PesoKG"": 0.0, ""Comprimento"": 0.0, ""Altura"": 0.0, ""Largura"": 0.0, ""FreteGratis"": false, ""ValorUnitarioFrete"": 1.0, ""PrazoEntregaFrete"": 0, ""ComissaoVendedor"": 0.0, ""Seguro"": 0.0, ""Composicoes"": [], ""Atributos"": null, ""ProductGroupId"": 1, ""Categoria"": ""COM AÇUCAR"", ""CategoriaID"": ""6344371e5b452fbeceeea9ec""}]";;2026-10-01T10:19:13.022-03:00;"[{""FormaPagamento"": ""Dinheiro"", ""DescricaoPagamento"": ""Pagamento recebido em Dinheiro"", ""ValorPagamento"": 27.0, ""BandeiraCartao"": """", ""NumeroTerminal"": null, ""DataTransacao"": ""2026-10-01T03:00:00Z"", ""CredenciadoraCartao"": null, ""CredenciadoraCNPJ"": null, ""CV_NSU"": null, ""TipoIntegracao"": null, ""CondicaoPagamento"": 0, ""Parcelas"": 1, ""PeriodoParcelas"": 30, ""Adiantamento"": 0.0, ""Quitar"": null}]";;0.0;;2026-10-01T10:19:13.773-03:00;;;;;;0001-01-01T00:00:00-02:00;GRUPO_BARRA;GRUPO_BARRA_PDV ALTAMIRA_6abe5dd131195d99ead631a9
6abe62618a25980045166fde;;99705087;PDV;664a7b156434f5d1e58aa9ae;CLUB VANTAGEM BDC;66c8caacba311769cd7ddafd;PDV ALTAMIRA;Pedido Faturado;;Consumidor Final;2026-10-01T10:38:41.868-03:00;PDV ALTAMIRA;69cdafbd231e9adf12163bd8;6abe61f1f408cfa759bba39f;SIRLETE DA CONCEIÇAO CLUBE;6abe61f1f408cfa759bba39f;07513010358;;Altamira pdv;3d99d9ae-9acd-4a70-ba9d-f500955aeae4;Receitas PDV;PIX;635ae864cd43d34b928b24c4;0;0;;;2026-10-01T10:38:41.899-03:00;0001-01-01T00:00:00-02:00;0001-01-01T00:00:00-02:00;False;0.0;False;;False;0.0;Gerado automaticamente através do modulo PDV;0.0;;40.0;True;True;;;Brasil;;;;;;;;"[{""Id"": 1, ""Nome"": ""Grupo de Produtos Padrão - 01""}]";"[{""Codigo"": ""0249"", ""Unidade"": ""UN"", ""Descricao"": ""0249 - SUCO DE GOIABA 5L - COM AÇUCAR"", ""Quantidade"": 1.0, ""ValorUnitario"": 40.0, ""ValorFrete"": 0.0, ""DescontoUnitario"": 0.0, ""ValorTotal"": 40.0, ""PesoKG"": 0.0, ""Comprimento"": 0.0, ""Altura"": 0.0, ""Largura"": 0.0, ""FreteGratis"": false, ""ValorUnitarioFrete"": 1.0, ""PrazoEntregaFrete"": 0, ""ComissaoVendedor"": 0.0, ""Seguro"": 0.0, ""Composicoes"": [], ""Atributos"": null, ""ProductGroupId"": 1, ""Categoria"": ""COM AÇUCAR"", ""CategoriaID"": ""6344371e5b452fbeceeea9ec""}]";;2026-10-01T10:38:41.899-03:00;"[{""FormaPagamento"": ""PIX"", ""DescricaoPagamento"": ""Pagamento recebido em PIX"", ""ValorPagamento"": 40.0, ""BandeiraCartao"": """", ""NumeroTerminal"": null, ""DataTransacao"": ""2026-10-01T03:00:00Z"", ""CredenciadoraCartao"": null, ""CredenciadoraCNPJ"": null, ""CV_NSU"": null, ""TipoIntegracao"": null, ""CondicaoPagamento"": 0, ""Parcelas"": 1, ""PeriodoParcelas"": 30, ""Adiantamento"": 0.0, ""Quitar"": null}]";;0.0;;2026-10-01T10:38:44.011-03:00;;;;;;0001-01-01T00:00:00-02:00;GRUPO_BARRA;GRUPO_BARRA_PDV ALTAMIRA_6abe62618a25980045166fde
6abe6b21f8094b3cf4b4f823;;99705119;PDV;664a7b156434f5d1e58aa9ae;TABELA B2C BDC;65f1f02ae24a6f10a903ebf0;PDV ALTAMIRA;Pedido Faturado;;Consumidor Final;2026-10-01T11:16:01.775-03:00;PDV ALTAMIRA;69cdafbd231e9adf12163bd8;659057a8395f2736400d9dbd;CONSUMIDOR NÃO IDENTIFICADO;659057a8395f2736400d9dbd;;;Altamira pdv;3d99d9ae-9acd-4a70-ba9d-f500955aeae4;Receitas PDV;Dinheiro;5b648d1c3498afae6d5bfd89;0;0;;;2026-10-01T11:16:01.853-03:00;0001-01-01T00:00:00-02:00;0001-01-01T00:00:00-02:00;False;0.0;False;;False;0.0;Gerado automaticamente através do modulo PDV;0.0;;4.0;True;True;;;;;;;;;;;"[{""Id"": 1, ""Nome"": ""Grupo de Produtos Padrão - 01""}]";"[{""Codigo"": ""123213633323179"", ""Unidade"": """", ""Descricao"": ""123213633323179 - SALGADO FRITO"", ""Quantidade"": 1.0, ""ValorUnitario"": 4.0, ""ValorFrete"": 0.0, ""DescontoUnitario"": 0.0, ""ValorTotal"": 4.0, ""PesoKG"": 0.0, ""Comprimento"": 0.0, ""Altura"": 0.0, ""Largura"": 0.0, ""FreteGratis"": false, ""ValorUnitarioFrete"": 1.0, ""PrazoEntregaFrete"": 0, ""ComissaoVendedor"": 0.0, ""Seguro"": 0.0, ""Composicoes"": [], ""Atributos"": null, ""ProductGroupId"": 1, ""Categoria"": """", ""CategoriaID"": """"}]";;2026-10-01T11:16:01.853-03:00;"[{""FormaPagamento"": ""Dinheiro"", ""DescricaoPagamento"": ""Pagamento recebido em Dinheiro"", ""ValorPagamento"": 4.0, ""BandeiraCartao"": """", ""NumeroTerminal"": null, ""DataTransacao"": ""2026-10-01T03:00:00Z"", ""CredenciadoraCartao"": null, ""CredenciadoraCNPJ"": null, ""CV_NSU"": null, ""TipoIntegracao"": null, ""CondicaoPagamento"": 0, ""Parcelas"": 1, ""PeriodoParcelas"": 30, ""Adiantamento"": 0.0, ""Quitar"": null}]";;0.0;;2026-10-01T11:16:02.808-03:00;;;;;;0001-01-01T00:00:00-02:00;GRUPO_BARRA;GRUPO_BARRA_PDV ALTAMIRA_6abe6b21f8094b3cf4b4f823
6abe728baa0b5eef7cd909ce;;99705163;PDV;664a7b156434f5d1e58aa9ae;TABELA B2C BDC;65f1f02ae24a6f10a903ebf0;PDV ALTAMIRA;Pedido Faturado;;Consumidor Final;2026-10-01T11:47:39.705-03:00;PDV ALTAMIRA;69cdafbd231e9adf12163bd8;659057a8395f2736400d9dbd;CONSUMIDOR NÃO IDENTIFICADO;659057a8395f2736400d9dbd;;;Altamira pdv;3d99d9ae-9acd-4a70-ba9d-f500955aeae4;Receitas PDV;Dinheiro;5b648d1c3498afae6d5bfd89;0;0;;;2026-10-01T11:47:39.768-03:00;0001-01-01T00:00:00-02:00;0001-01-01T00:00:00-02:00;False;0.0;False;;False;0.0;Gerado automaticamente através do modulo PDV;0.0;;30.0;True;True;;;;;;;;;;;"[{""Id"": 1, ""Nome"": ""Grupo de Produtos Padrão - 01""}]";"[{""Codigo"": ""0209"", ""Unidade"": ""UN"", ""Descricao"": ""0209 - SUCO DE LARANJA 1L - COM AÇUCAR"", ""Quantidade"": 1.0, ""ValorUnitario"": 16.0, ""ValorFrete"": 0.0, ""DescontoUnitario"": 1.4544, ""ValorTotal"": 14.55, ""PesoKG"": 0.0, ""Comprimento"": 0.0, ""Altura"": 0.0, ""Largura"": 0.0, ""FreteGratis"": false, ""ValorUnitarioFrete"": 1.0, ""PrazoEntregaFrete"": 0, ""ComissaoVendedor"": 0.0, ""Seguro"": 0.0, ""Composicoes"": [], ""Atributos"": null, ""ProductGroupId"": 1, ""Categoria"": ""COM AÇUCAR"", ""CategoriaID"": ""6344371e5b452fbeceeea9ec""}, {""Codigo"": ""0211"", ""Unidade"": ""UN"", ""Descricao"": ""0211 - SUCO DE MARACUJA 1L - COM AÇUCAR"", ""Quantidade"": 1.0, ""ValorUnitario"": 17.0, ""ValorFrete"": 0.0, ""DescontoUnitario"": 1.5453, ""ValorTotal"": 15.45, ""PesoKG"": 0.0, ""Comprimento"": 0.0, ""Altura"": 0.0, ""Largura"": 0.0, ""FreteGratis"": false, ""ValorUnitarioFrete"": 1.0, ""PrazoEntregaFrete"": 0, ""ComissaoVendedor"": 0.0, ""Seguro"": 0.0, ""Composicoes"": [], ""Atributos"": null, ""ProductGroupId"": 1, ""Categoria"": ""COM AÇUCAR"", ""CategoriaID"": ""6344371e5b452fbeceeea9ec""}]";;2026-10-01T11:47:39.768-03:00;"[{""FormaPagamento"": ""Dinheiro"", ""DescricaoPagamento"": ""Pagamento recebido em Dinheiro"", ""ValorPagamento"": 30.0, ""BandeiraCartao"": """", ""NumeroTerminal"": null, ""DataTransacao"": ""2026-10-01T03:00:00Z"", ""CredenciadoraCartao"": null, ""CredenciadoraCNPJ"": null, ""CV_NSU"": null, ""TipoIntegracao"": null, ""CondicaoPagamento"": 0, ""Parcelas"": 1, ""PeriodoParcelas"": 30, ""Adiantamento"": 0.0, ""Quitar"": null}]";;0.0;;2026-10-01T11:47:41.05-03:00;;;;;;0001-01-01T00:00:00-02:00;GRUPO_BARRA;GRUPO_BARRA_PDV ALTAMIRA_6abe728baa0b5eef7cd909ce
6abe72adf408cfa759bd5c85;;99705165;PDV;664a7b156434f5d1e58aa9ae;TABELA B2C BDC;65f1f02ae24a6f10a903ebf0;PDV ALTAMIRA;Pedido Faturado;;Consumidor Final;2026-10-01T11:48:12.98-03:00;PDV ALTAMIRA;69cdafbd231e9adf12163bd8;659057a8395f2736400d9dbd;CONSUMIDOR NÃO IDENTIFICADO;659057a8395f2736400d9dbd;;;Altamira pdv;3d99d9ae-9acd-4a70-ba9d-f500955aeae4;Receitas PDV;PIX;635ae864cd43d34b928b24c4;0;0;;;2026-10-01T11:48:13.011-03:00;0001-01-01T00:00:00-02:00;0001-01-01T00:00:00-02:00;False;0.0;False;;False;0.0;Gerado automaticamente através do modulo PDV;0.0;;30.0;True;True;;;;;;;;;;;"[{""Id"": 1, ""Nome"": ""Grupo de Produtos Padrão - 01""}]";"[{""Codigo"": ""0211"", ""Unidade"": ""UN"", ""Descricao"": ""0211 - SUCO DE MARACUJA 1L - COM AÇUCAR"", ""Quantidade"": 1.0, ""ValorUnitario"": 17.0, ""ValorFrete"": 0.0, ""DescontoUnitario"": 1.5453, ""ValorTotal"": 15.45, ""PesoKG"": 0.0, ""Comprimento"": 0.0, ""Altura"": 0.0, ""Largura"": 0.0, ""FreteGratis"": false, ""ValorUnitarioFrete"": 1.0, ""PrazoEntregaFrete"": 0, ""ComissaoVendedor"": 0.0, ""Seguro"": 0.0, ""Composicoes"": [], ""Atributos"": null, ""ProductGroupId"": 1, ""Categoria"": ""COM AÇUCAR"", ""CategoriaID"": ""6344371e5b452fbeceeea9ec""}, {""Codigo"": ""0209"", ""Unidade"": ""UN"", ""Descricao"": ""0209 - SUCO DE LARANJA 1L - COM AÇUCAR"", ""Quantidade"": 1.0, ""ValorUnitario"": 16.0, ""ValorFrete"": 0.0, ""DescontoUnitario"": 1.4544, ""ValorTotal"": 14.55, ""PesoKG"": 0.0, ""Comprimento"": 0.0, ""Altura"": 0.0, ""Largura"": 0.0, ""FreteGratis"": false, ""ValorUnitarioFrete"": 1.0, ""PrazoEntregaFrete"": 0, ""ComissaoVendedor"": 0.0, ""Seguro"": 0.0, ""Composicoes"": [], ""Atributos"": null, ""ProductGroupId"": 1, ""Categoria"": ""COM AÇUCAR"", ""CategoriaID"": ""6344371e5b452fbeceeea9ec""}]";;2026-10-01T11:48:13.011-03:00;"[{""FormaPagamento"": ""PIX"", ""DescricaoPagamento"": ""Pagamento recebido em PIX"", ""ValorPagamento"": 30.0, ""BandeiraCartao"": """", ""NumeroTerminal"": null, ""DataTransacao"": ""2026-10-01T03:00:00Z"", ""CredenciadoraCartao"": null, ""CredenciadoraCNPJ"": null, ""CV_NSU"": null, ""TipoIntegracao"": null, ""CondicaoPagamento"": 0, ""Parcelas"": 1, ""PeriodoParcelas"": 30, ""Adiantamento"": 0.0, ""Quitar"": null}]";;0.0;;2026-10-01T11:48:13.966-03:00;;;;;;0001-01-01T00:00:00-02:00;GRUPO_BARRA;GRUPO_BARRA_PDV ALTAMIRA_6abe72adf408cfa759bd5c85
6abe786baa0b5eef7cd98166;;99705194;PDV;664a7b156434f5d1e58aa9ae;TABELA B2C BDC;65f1f02ae24a6f10a903ebf0;PDV ALTAMIRA;Pedido Faturado;;Consumidor Final;2026-10-01T12:12:43.503-03:00;PDV ALTAMIRA;69cdafbd231e9adf12163bd8;659057a8395f2736400d9dbd;CONSUMIDOR NÃO IDENTIFICADO;659057a8395f2736400d9dbd;;;Altamira pdv;3d99d9ae-9acd-4a70-ba9d-f500955aeae4;Receitas PDV;Dinheiro;5b648d1c3498afae6d5bfd89;0;0;;;2026-10-01T12:12:43.565-03:00;0001-01-01T00:00:00-02:00;0001-01-01T00:00:00-02:00;False;0.0;False;;False;0.0;Gerado automaticamente através do modulo PDV;0.0;;16.0;True;True;;;;;;;;;;;"[{""Id"": 1, ""Nome"": ""Grupo de Produtos Padrão - 01""}]";"[{""Codigo"": ""0211"", ""Unidade"": ""UN"", ""Descricao"": ""0211 - SUCO DE MARACUJA 1L - COM AÇUCAR"", ""Quantidade"": 1.0, ""ValorUnitario"": 17.0, ""ValorFrete"": 0.0, ""DescontoUnitario"": 0.9995999999999999, ""ValorTotal"": 16.0, ""PesoKG"": 0.0, ""Comprimento"": 0.0, ""Altura"": 0.0, ""Largura"": 0.0, ""FreteGratis"": false, ""ValorUnitarioFrete"": 1.0, ""PrazoEntregaFrete"": 0, ""ComissaoVendedor"": 0.0, ""Seguro"": 0.0, ""Composicoes"": [], ""Atributos"": null, ""ProductGroupId"": 1, ""Categoria"": ""COM AÇUCAR"", ""CategoriaID"": ""6344371e5b452fbeceeea9ec""}]";;2026-10-01T12:12:43.565-03:00;"[{""FormaPagamento"": ""Dinheiro"", ""DescricaoPagamento"": ""Pagamento recebido em Dinheiro"", ""ValorPagamento"": 16.0, ""BandeiraCartao"": """", ""NumeroTerminal"": null, ""DataTransacao"": ""2026-10-01T03:00:00Z"", ""CredenciadoraCartao"": null, ""CredenciadoraCNPJ"": null, ""CV_NSU"": null, ""TipoIntegracao"": null, ""CondicaoPagamento"": 0, ""Parcelas"": 1, ""PeriodoParcelas"": 30, ""Adiantamento"": 0.0, ""Quitar"": null}]";;0.0;;2026-10-01T12:12:44.382-03:00;;;;;;0001-01-01T00:00:00-02:00;GRUPO_BARRA;GRUPO_BARRA_PDV ALTAMIRA_6abe786baa0b5eef7cd98166
6abe7d4531195d99ead9d58a;;99705218;PDV;664a7b156434f5d1e58aa9ae;TABELA B2C BDC;65f1f02ae24a6f10a903ebf0;PDV ALTAMIRA;Pedido Faturado;;Consumidor Final;2026-10-01T12:33:25.073-03:00;PDV ALTAMIRA;69cdafbd231e9adf12163bd8;659057a8395f2736400d9dbd;CONSUMIDOR NÃO IDENTIFICADO;659057a8395f2736400d9dbd;;;Altamira pdv;3d99d9ae-9acd-4a70-ba9d-f500955aeae4;Receitas PDV;Dinheiro;5b648d1c3498afae6d5bfd89;0;0;;;2026-10-01T12:33:25.12-03:00;0001-01-01T00:00:00-02:00;0001-01-01T00:00:00-02:00;False;0.0;False;;False;0.0;Gerado automaticamente através do modulo PDV;0.0;;16.0;True;True;;;;;;;;;;;"[{""Id"": 1, ""Nome"": ""Grupo de Produtos Padrão - 01""}]";"[{""Codigo"": ""0211"", ""Unidade"": ""UN"", ""Descricao"": ""0211 - SUCO DE MARACUJA 1L - COM AÇUCAR"", ""Quantidade"": 1.0, ""ValorUnitario"": 17.0, ""ValorFrete"": 0.0, ""DescontoUnitario"": 0.9995999999999999, ""ValorTotal"": 16.0, ""PesoKG"": 0.0, ""Comprimento"": 0.0, ""Altura"": 0.0, ""Largura"": 0.0, ""FreteGratis"": false, ""ValorUnitarioFrete"": 1.0, ""PrazoEntregaFrete"": 0, ""ComissaoVendedor"": 0.0, ""Seguro"": 0.0, ""Composicoes"": [], ""Atributos"": null, ""ProductGroupId"": 1, ""Categoria"": ""COM AÇUCAR"", ""CategoriaID"": ""6344371e5b452fbeceeea9ec""}]";;2026-10-01T12:33:25.12-03:00;"[{""FormaPagamento"": ""Dinheiro"", ""DescricaoPagamento"": ""Pagamento recebido em Dinheiro"", ""ValorPagamento"": 16.0, ""BandeiraCartao"": """", ""NumeroTerminal"": null, ""DataTransacao"": ""2026-10-01T03:00:00Z"", ""CredenciadoraCartao"": null, ""CredenciadoraCNPJ"": null, ""CV_NSU"": null, ""TipoIntegracao"": null, ""CondicaoPagamento"": 0, ""Parcelas"": 1, ""PeriodoParcelas"": 30, ""Adiantamento"": 0.0, ""Quitar"": null}]";;0.0;;2026-10-01T12:33:25.746-03:00;;;;;;0001-01-01T00:00:00-02:00;GRUPO_BARRA;GRUPO_BARRA_PDV ALTAMIRA_6abe7d4531195d99ead9d58a
6abe7d5daa0b5eef7cda1e91;;99705219;PDV;664a7b156434f5d1e58aa9ae;TABELA B2C BDC;65f1f02ae24a6f10a903ebf0;PDV ALTAMIRA;Pedido Faturado;;Consumidor Final;2026-10-01T12:33:49.149-03:00;PDV ALTAMIRA;69cdafbd231e9adf12163bd8;659057a8395f2736400d9dbd;CONSUMIDOR NÃO IDENTIFICADO;659057a8395f2736400d9dbd;;;Altamira pdv;3d99d9ae-9acd-4a70-ba9d-f500955aeae4;Receitas PDV;PIX;635ae864cd43d34b928b24c4;0;0;;;2026-10-01T12:33:49.196-03:00;0001-01-01T00:00:00-02:00;0001-01-01T00:00:00-02:00;False;0.0;False;;False;0.0;Gerado automaticamente através do modulo PDV;0.0;;4.0;True;True;;;;;;;;;;;"[{""Id"": 1, ""Nome"": ""Grupo de Produtos Padrão - 01""}]";"[{""Codigo"": ""123213633323505"", ""Unidade"": """", ""Descricao"": ""123213633323505 - CARAMELLE MORANGO 60g"", ""Quantidade"": 1.0, ""ValorUnitario"": 4.0, ""ValorFrete"": 0.0, ""DescontoUnitario"": 0.0, ""ValorTotal"": 4.0, ""PesoKG"": 0.0, ""Comprimento"": 0.0, ""Altura"": 0.0, ""Largura"": 0.0, ""FreteGratis"": false, ""ValorUnitarioFrete"": 1.0, ""PrazoEntregaFrete"": 0, ""ComissaoVendedor"": 0.0, ""Seguro"": 0.0, ""Composicoes"": [], ""Atributos"": null, ""ProductGroupId"": 1, ""Categoria"": """", ""CategoriaID"": """"}]";;2026-10-01T12:33:49.196-03:00;"[{""FormaPagamento"": ""PIX"", ""DescricaoPagamento"": ""Pagamento recebido em PIX"", ""ValorPagamento"": 4.0, ""BandeiraCartao"": """", ""NumeroTerminal"": null, ""DataTransacao"": ""2026-10-01T03:00:00Z"", ""CredenciadoraCartao"": null, ""CredenciadoraCNPJ"": null, ""CV_NSU"": null, ""TipoIntegracao"": null, ""CondicaoPagamento"": 0, ""Parcelas"": 1, ""PeriodoParcelas"": 30, ""Adiantamento"": 0.0, ""Quitar"": null}]";;0.0;;2026-10-01T12:33:49.791-03:00;;;;;;0001-01-01T00:00:00-02:00;GRUPO_BARRA;GRUPO_BARRA_PDV ALTAMIRA_6abe7d5daa0b5eef7cda1e91
6abe7d769c74cd6eecf3c27b;;99705220;PDV;664a7b156434f5d1e58aa9ae;CLUB VANTAGEM BDC;66c8caacba311769cd7ddafd;PDV ALTAMIRA;Pedido Faturado;;Consumidor Final;2026-10-01T12:34:14.225-03:00;PDV ALTAMIRA;69cdafbd231e9adf12163bd8;659057a8395f2736400d9dbd;CONSUMIDOR NÃO IDENTIFICADO;659057a8395f2736400d9dbd;;;Altamira pdv;3d99d9ae-9acd-4a70-ba9d-f500955aeae4;Receitas PDV;Cartão de Crédito;5b648d983498afae6d5c3601;1;0;;;2026-10-01T12:34:14.288-03:00;0001-01-01T00:00:00-02:00;0001-01-01T00:00:00-02:00;False;0.0;False;;False;0.0;Gerado automaticamente através do modulo PDV;0.0;;13.0;True;True;;;;;;;;;;;"[{""Id"": 1, ""Nome"": ""Grupo de Produtos Padrão - 01""}]";"[{""Codigo"": ""0207"", ""Unidade"": ""UN"", ""Descricao"": ""0207 - SUCO DE GOIABA 1L - COM AÇUCAR"", ""Quantidade"": 1.0, ""ValorUnitario"": 13.0, ""ValorFrete"": 0.0, ""DescontoUnitario"": 0.0, ""ValorTotal"": 13.0, ""PesoKG"": 0.0, ""Comprimento"": 0.0, ""Altura"": 0.0, ""Largura"": 0.0, ""FreteGratis"": false, ""ValorUnitarioFrete"": 1.0, ""PrazoEntregaFrete"": 0, ""ComissaoVendedor"": 0.0, ""Seguro"": 0.0, ""Composicoes"": [], ""Atributos"": null, ""ProductGroupId"": 1, ""Categoria"": ""COM AÇUCAR"", ""CategoriaID"": ""6344371e5b452fbeceeea9ec""}]";;2026-10-01T12:34:14.288-03:00;"[{""FormaPagamento"": ""Cartão de Crédito"", ""DescricaoPagamento"": ""Pagamento recebido em Cartão de Crédito"", ""ValorPagamento"": 13.0, ""BandeiraCartao"": ""02"", ""NumeroTerminal"": null, ""DataTransacao"": ""2026-10-01T03:00:00Z"", ""CredenciadoraCartao"": """", ""CredenciadoraCNPJ"": null, ""CV_NSU"": null, ""TipoIntegracao"": null, ""CondicaoPagamento"": 1, ""Parcelas"": 1, ""PeriodoParcelas"": 30, ""Adiantamento"": 0.0, ""Quitar"": null}]";;0.0;;2026-10-01T12:34:15.132-03:00;;;;;;0001-01-01T00:00:00-02:00;GRUPO_BARRA;GRUPO_BARRA_PDV ALTAMIRA_6abe7d769c74cd6eecf3c27b
6abe7d89aa0b5eef7cda2318;;99705223;PDV;664a7b156434f5d1e58aa9ae;CLUB VANTAGEM BDC;66c8caacba311769cd7ddafd;PDV ALTAMIRA;Pedido Faturado;;Consumidor Final;2026-10-01T12:34:33.714-03:00;PDV ALTAMIRA;69cdafbd231e9adf12163bd8;659057a8395f2736400d9dbd;CONSUMIDOR NÃO IDENTIFICADO;659057a8395f2736400d9dbd;;;Altamira pdv;3d99d9ae-9acd-4a70-ba9d-f500955aeae4;Receitas PDV;PIX;635ae864cd43d34b928b24c4;0;0;;;2026-10-01T12:34:33.761-03:00;0001-01-01T00:00:00-02:00;0001-01-01T00:00:00-02:00;False;0.0;False;;False;0.0;Gerado automaticamente através do modulo PDV;0.0;;27.0;True;True;;;;;;;;;;;"[{""Id"": 1, ""Nome"": ""Grupo de Produtos Padrão - 01""}]";"[{""Codigo"": ""0224"", ""Unidade"": ""UN"", ""Descricao"": ""0224 - SUCO DE LARANJA 2L - COM AÇUCAR"", ""Quantidade"": 1.0, ""ValorUnitario"": 27.0, ""ValorFrete"": 0.0, ""DescontoUnitario"": 0.0, ""ValorTotal"": 27.0, ""PesoKG"": 0.0, ""Comprimento"": 0.0, ""Altura"": 0.0, ""Largura"": 0.0, ""FreteGratis"": false, ""ValorUnitarioFrete"": 1.0, ""PrazoEntregaFrete"": 0, ""ComissaoVendedor"": 0.0, ""Seguro"": 0.0, ""Composicoes"": [], ""Atributos"": null, ""ProductGroupId"": 1, ""Categoria"": ""COM AÇUCAR"", ""CategoriaID"": ""6344371e5b452fbeceeea9ec""}]";;2026-10-01T12:34:33.761-03:00;"[{""FormaPagamento"": ""PIX"", ""DescricaoPagamento"": ""Pagamento recebido em PIX"", ""ValorPagamento"": 27.0, ""BandeiraCartao"": """", ""NumeroTerminal"": null, ""DataTransacao"": ""2026-10-01T03:00:00Z"", ""CredenciadoraCartao"": null, ""CredenciadoraCNPJ"": null, ""CV_NSU"": null, ""TipoIntegracao"": null, ""CondicaoPagamento"": 0, ""Parcelas"": 1, ""PeriodoParcelas"": 30, ""Adiantamento"": 0.0, ""Quitar"": null}]";;0.0;;2026-10-01T12:34:35.951-03:00;;;;;;0001-01-01T00:00:00-02:00;GRUPO_BARRA;GRUPO_BARRA_PDV ALTAMIRA_6abe7d89aa0b5eef7cda2318
6abe7ded9c74cd6eecf3cd75;;99705227;PDV;664a7b156434f5d1e58aa9ae;TABELA B2C BDC;65f1f02ae24a6f10a903ebf0;PDV ALTAMIRA;Pedido Faturado;;Consumidor Final;2026-10-01T12:36:13.104-03:00;PDV ALTAMIRA;69cdafbd231e9adf12163bd8;659057a8395f2736400d9dbd;CONSUMIDOR NÃO IDENTIFICADO;659057a8395f2736400d9dbd;;;Altamira pdv;3d99d9ae-9acd-4a70-ba9d-f500955aeae4;Receitas PDV;PIX;635ae864cd43d34b928b24c4;0;0;;;2026-10-01T12:36:13.164-03:00;0001-01-01T00:00:00-02:00;0001-01-01T00:00:00-02:00;False;0.0;False;;False;0.0;Gerado automaticamente através do modulo PDV;0.0;;26.0;True;True;;;;;;;;;;;"[{""Id"": 1, ""Nome"": ""Grupo de Produtos Padrão - 01""}]";"[{""Codigo"": ""0222"", ""Unidade"": ""UN"", ""Descricao"": ""0222 - SUCO DE GOIABA 2L - COM AÇUCAR"", ""Quantidade"": 1.0, ""ValorUnitario"": 26.0, ""ValorFrete"": 0.0, ""DescontoUnitario"": 0.0, ""ValorTotal"": 26.0, ""PesoKG"": 0.0, ""Comprimento"": 0.0, ""Altura"": 0.0, ""Largura"": 0.0, ""FreteGratis"": false, ""ValorUnitarioFrete"": 1.0, ""PrazoEntregaFrete"": 0, ""ComissaoVendedor"": 0.0, ""Seguro"": 0.0, ""Composicoes"": [], ""Atributos"": null, ""ProductGroupId"": 1, ""Categoria"": ""COM AÇUCAR"", ""CategoriaID"": ""6344371e5b452fbeceeea9ec""}]";;2026-10-01T12:36:13.164-03:00;"[{""FormaPagamento"": ""PIX"", ""DescricaoPagamento"": ""Pagamento recebido em PIX"", ""ValorPagamento"": 26.0, ""BandeiraCartao"": """", ""NumeroTerminal"": null, ""DataTransacao"": ""2026-10-01T03:00:00Z"", ""CredenciadoraCartao"": null, ""CredenciadoraCNPJ"": null, ""CV_NSU"": null, ""TipoIntegracao"": null, ""CondicaoPagamento"": 0, ""Parcelas"": 1, ""PeriodoParcelas"": 30, ""Adiantamento"": 0.0, ""Quitar"": null}]";;0.0;;2026-10-01T12:36:13.868-03:00;;;;;;0001-01-01T00:00:00-02:00;GRUPO_BARRA;GRUPO_BARRA_PDV ALTAMIRA_6abe7ded9c74cd6eecf3cd75
6abe7e6d9c74cd6eecf3dc0b;;99705233;PDV;664a7b156434f5d1e58aa9ae;CLUB VANTAGEM BDC;66c8caacba311769cd7ddafd;PDV ALTAMIRA;Pedido Faturado;;Consumidor Final;2026-10-01T12:38:21.444-03:00;PDV ALTAMIRA;69cdafbd231e9adf12163bd8;6a981f7eeb3d766267c12b44;FRANCIMAR MARTINS SOUSA DA SILVA;6a981f7eeb3d766267c12b44;;;Altamira pdv;3d99d9ae-9acd-4a70-ba9d-f500955aeae4;Receitas PDV;PIX;635ae864cd43d34b928b24c4;0;0;;;2026-10-01T12:38:21.507-03:00;0001-01-01T00:00:00-02:00;0001-01-01T00:00:00-02:00;False;0.0;False;;False;0.0;Gerado automaticamente através do modulo PDV;0.0;;13.0;True;True;;;Brasil;;;;;;;;"[{""Id"": 1, ""Nome"": ""Grupo de Produtos Padrão - 01""}]";"[{""Codigo"": ""0207"", ""Unidade"": ""UN"", ""Descricao"": ""0207 - SUCO DE GOIABA 1L - COM AÇUCAR"", ""Quantidade"": 1.0, ""ValorUnitario"": 13.0, ""ValorFrete"": 0.0, ""DescontoUnitario"": 0.0, ""ValorTotal"": 13.0, ""PesoKG"": 0.0, ""Comprimento"": 0.0, ""Altura"": 0.0, ""Largura"": 0.0, ""FreteGratis"": false, ""ValorUnitarioFrete"": 1.0, ""PrazoEntregaFrete"": 0, ""ComissaoVendedor"": 0.0, ""Seguro"": 0.0, ""Composicoes"": [], ""Atributos"": null, ""ProductGroupId"": 1, ""Categoria"": ""COM AÇUCAR"", ""CategoriaID"": ""6344371e5b452fbeceeea9ec""}]";;2026-10-01T12:38:21.507-03:00;"[{""FormaPagamento"": ""PIX"", ""DescricaoPagamento"": ""Pagamento recebido em PIX"", ""ValorPagamento"": 13.0, ""BandeiraCartao"": """", ""NumeroTerminal"": null, ""DataTransacao"": ""2026-10-01T03:00:00Z"", ""CredenciadoraCartao"": null, ""CredenciadoraCNPJ"": null, ""CV_NSU"": null, ""TipoIntegracao"": null, ""CondicaoPagamento"": 0, ""Parcelas"": 1, ""PeriodoParcelas"": 30, ""Adiantamento"": 0.0, ""Quitar"": null}]";;0.0;;2026-10-01T12:38:22.243-03:00;;;;;;0001-01-01T00:00:00-02:00;GRUPO_BARRA;GRUPO_BARRA_PDV ALTAMIRA_6abe7e6d9c74cd6eecf3dc0b
6abe7f4931195d99eada05ba;;99705240;PDV;664a7b156434f5d1e58aa9ae;TABELA B2C BDC;65f1f02ae24a6f10a903ebf0;PDV ALTAMIRA;Pedido Faturado;;Consumidor Final;2026-10-01T12:42:01.217-03:00;PDV ALTAMIRA;69cdafbd231e9adf12163bd8;667eb47f7765f23f94e8ef5f;THOMAZ MIRANDA;667eb47f7765f23f94e8ef5f;06427222341;;Altamira pdv;3d99d9ae-9acd-4a70-ba9d-f500955aeae4;Receitas PDV;Crédito Loja;5b648d993498afae6d5c3641;1;0;;;2026-10-01T12:42:01.264-03:00;0001-01-01T00:00:00-02:00;0001-01-01T00:00:00-02:00;False;0.0;False;;False;0.0;Gerado automaticamente através do modulo PDV;0.0;;105.4;True;True;;;Brasil;;;;;;;;"[{""Id"": 1, ""Nome"": ""Grupo de Produtos Padrão - 01""}]";"[{""Codigo"": ""123213633323582"", ""Unidade"": """", ""Descricao"": ""123213633323582 - POLPA DE AÇAI"", ""Quantidade"": 1.0, ""ValorUnitario"": 34.9, ""ValorFrete"": 0.0, ""DescontoUnitario"": 0.0, ""ValorTotal"": 34.9, ""PesoKG"": 0.0, ""Comprimento"": 0.0, ""Altura"": 0.0, ""Largura"": 0.0, ""FreteGratis"": false, ""ValorUnitarioFrete"": 1.0, ""PrazoEntregaFrete"": 0, ""ComissaoVendedor"": 0.0, ""Seguro"": 0.0, ""Composicoes"": [], ""Atributos"": null, ""ProductGroupId"": 1, ""Categoria"": """", ""CategoriaID"": """"}, {""Codigo"": ""0207"", ""Unidade"": ""UN"", ""Descricao"": ""0207 - SUCO DE GOIABA 1L - COM AÇUCAR"", ""Quantidade"": 1.0, ""ValorUnitario"": 15.0, ""ValorFrete"": 0.0, ""DescontoUnitario"": 0.0, ""ValorTotal"": 15.0, ""PesoKG"": 0.0, ""Comprimento"": 0.0, ""Altura"": 0.0, ""Largura"": 0.0, ""FreteGratis"": false, ""ValorUnitarioFrete"": 1.0, ""PrazoEntregaFrete"": 0, ""ComissaoVendedor"": 0.0, ""Seguro"": 0.0, ""Composicoes"": [], ""Atributos"": null, ""ProductGroupId"": 1, ""Categoria"": ""COM AÇUCAR"", ""CategoriaID"": ""6344371e5b452fbeceeea9ec""}, {""Codigo"": ""0225"", ""Unidade"": ""UN"", ""Descricao"": ""0225 - SUCO DE MARACUJA 2L - COM AÇUCAR"", ""Quantidade"": 1.0, ""ValorUnitario"": 31.5, ""ValorFrete"": 0.0, ""DescontoUnitario"": 0.0, ""ValorTotal"": 31.5, ""PesoKG"": 0.0, ""Comprimento"": 0.0, ""Altura"": 0.0, ""Largura"": 0.0, ""FreteGratis"": false, ""ValorUnitarioFrete"": 1.0, ""PrazoEntregaFrete"": 0, ""ComissaoVendedor"": 0.0, ""Seguro"": 0.0, ""Composicoes"": [], ""Atributos"": null, ""ProductGroupId"": 1, ""Categoria"": ""COM AÇUCAR"", ""CategoriaID"": ""6344371e5b452fbeceeea9ec""}, {""Codigo"": ""123213633323500"", ""Unidade"": """", ""Descricao"": ""123213633323500 - CARAMELLE COCO QUEIMADO 60g"", ""Quantidade"": 4.0, ""ValorUnitario"": 6.0, ""ValorFrete"": 0.0, ""DescontoUnitario"": 0.0, ""ValorTotal"": 24.0, ""PesoKG"": 0.0, ""Comprimento"": 0.0, ""Altura"": 0.0, ""Largura"": 0.0, ""FreteGratis"": false, ""ValorUnitarioFrete"": 1.0, ""PrazoEntregaFrete"": 0, ""ComissaoVendedor"": 0.0, ""Seguro"": 0.0, ""Composicoes"": [], ""Atributos"": null, ""ProductGroupId"": 1, ""Categoria"": """", ""CategoriaID"": """"}]";;2026-10-01T12:42:01.264-03:00;"[{""FormaPagamento"": ""Crédito Loja"", ""DescricaoPagamento"": null, ""ValorPagamento"": 105.4, ""BandeiraCartao"": null, ""NumeroTerminal"": null, ""DataTransacao"": ""2026-10-31T03:00:00Z"", ""CredenciadoraCartao"": null, ""CredenciadoraCNPJ"": null, ""CV_NSU"": null, ""TipoIntegracao"": null, ""CondicaoPagamento"": 0, ""Parcelas"": 0, ""PeriodoParcelas"": 0, ""Adiantamento"": 0.0, ""Quitar"": null}]";;0.0;;2026-10-01T12:42:03.203-03:00;;;;;;0001-01-01T00:00:00-02:00;GRUPO_BARRA;GRUPO_BARRA_PDV ALTAMIRA_6abe7f4931195d99eada05ba
6abe8046b36b21c5cbffc5a0;;99705243;PDV;664a7b156434f5d1e58aa9ae;TABELA B2C BDC;65f1f02ae24a6f10a903ebf0;PDV ALTAMIRA;Pedido Faturado;;Consumidor Final;2026-10-01T12:46:14.729-03:00;PDV ALTAMIRA;69cdafbd231e9adf12163bd8;659057a8395f2736400d9dbd;CONSUMIDOR NÃO IDENTIFICADO;659057a8395f2736400d9dbd;;;Altamira pdv;3d99d9ae-9acd-4a70-ba9d-f500955aeae4;Receitas PDV;Dinheiro;5b648d1c3498afae6d5bfd89;0;0;;;2026-10-01T12:46:14.792-03:00;0001-01-01T00:00:00-02:00;0001-01-01T00:00:00-02:00;False;0.0;False;;False;0.0;Gerado automaticamente através do modulo PDV;0.0;;6.0;True;True;;;;;;;;;;;"[{""Id"": 1, ""Nome"": ""Grupo de Produtos Padrão - 01""}]";"[{""Codigo"": ""123213633323500"", ""Unidade"": """", ""Descricao"": ""123213633323500 - CARAMELLE COCO QUEIMADO 60g"", ""Quantidade"": 1.0, ""ValorUnitario"": 6.0, ""ValorFrete"": 0.0, ""DescontoUnitario"": 0.0, ""ValorTotal"": 6.0, ""PesoKG"": 0.0, ""Comprimento"": 0.0, ""Altura"": 0.0, ""Largura"": 0.0, ""FreteGratis"": false, ""ValorUnitarioFrete"": 1.0, ""PrazoEntregaFrete"": 0, ""ComissaoVendedor"": 0.0, ""Seguro"": 0.0, ""Composicoes"": [], ""Atributos"": null, ""ProductGroupId"": 1, ""Categoria"": """", ""CategoriaID"": """"}]";;2026-10-01T12:46:14.792-03:00;"[{""FormaPagamento"": ""Dinheiro"", ""DescricaoPagamento"": ""Pagamento recebido em Dinheiro"", ""ValorPagamento"": 6.0, ""BandeiraCartao"": """", ""NumeroTerminal"": null, ""DataTransacao"": ""2026-10-01T03:00:00Z"", ""CredenciadoraCartao"": null, ""CredenciadoraCNPJ"": null, ""CV_NSU"": null, ""TipoIntegracao"": null, ""CondicaoPagamento"": 0, ""Parcelas"": 1, ""PeriodoParcelas"": 30, ""Adiantamento"": 0.0, ""Quitar"": null}]";;0.0;;2026-10-01T12:46:15.355-03:00;;;;;;0001-01-01T00:00:00-02:00;GRUPO_BARRA;GRUPO_BARRA_PDV ALTAMIRA_6abe8046b36b21c5cbffc5a0
6abe4784c549bbd389d5bd3a;;99705012;PDV;69ebbc3d8740f2c70d552291;TAB_B2C_TRIZIDELA_VALE;69ecd0212b570bc58ee39c3b;TRIZIDELA;Pedido Faturado;;Consumidor Final;2026-10-01T08:44:04.188-03:00;TRIZIDELA DO VALE - CSM MIX;69ea55232079a78c3b286e13;659057a8395f2736400d9dbd;CONSUMIDOR NÃO IDENTIFICADO;659057a8395f2736400d9dbd;;;TRIZIDELA JC;8d3467a0-7222-45b4-bfe7-f99f9784adf7;Receitas PDV;Cartão de Crédito;5b648d983498afae6d5c3601;1;0;;;2026-10-01T08:44:04.219-03:00;0001-01-01T00:00:00-02:00;0001-01-01T00:00:00-02:00;False;0.0;False;;False;0.0;Gerado automaticamente através do modulo PDV;0.0;;47.0;True;True;;;;;;;;;;;"[{""Id"": 1, ""Nome"": ""Grupo de Produtos Padrão - 01""}]";"[{""Codigo"": ""0237"", ""Unidade"": ""UN"", ""Descricao"": ""0237 - SUCO DE MARACUJA 300ML - COM AÇUCAR"", ""Quantidade"": 2.0, ""ValorUnitario"": 7.994, ""ValorFrete"": 0.0, ""DescontoUnitario"": 0.6243314, ""ValorTotal"": 14.74, ""PesoKG"": 0.0, ""Comprimento"": 0.0, ""Altura"": 0.0, ""Largura"": 0.0, ""FreteGratis"": false, ""ValorUnitarioFrete"": 1.0, ""PrazoEntregaFrete"": 0, ""ComissaoVendedor"": 0.0, ""Seguro"": 0.0, ""Composicoes"": [], ""Atributos"": null, ""ProductGroupId"": 1, ""Categoria"": ""COM AÇUCAR"", ""CategoriaID"": ""6344371e5b452fbeceeea9ec""}, {""Codigo"": ""0231"", ""Unidade"": ""UN"", ""Descricao"": ""0231 - SUCO DE CAJA 300ML - COM AÇUCAR"", ""Quantidade"": 2.0, ""ValorUnitario"": 6.997, ""ValorFrete"": 0.0, ""DescontoUnitario"": 0.5464657, ""ValorTotal"": 12.9, ""PesoKG"": 0.0, ""Comprimento"": 0.0, ""Altura"": 0.0, ""Largura"": 0.0, ""FreteGratis"": false, ""ValorUnitarioFrete"": 1.0, ""PrazoEntregaFrete"": 0, ""ComissaoVendedor"": 0.0, ""Seguro"": 0.0, ""Composicoes"": [], ""Atributos"": null, ""ProductGroupId"": 1, ""Categoria"": ""COM AÇUCAR"", ""CategoriaID"": ""6344371e5b452fbeceeea9ec""}, {""Codigo"": ""0236"", ""Unidade"": ""UN"", ""Descricao"": ""0236 - SUCO DE LARANJA 300ML - COM AÇUCAR"", ""Quantidade"": 3.0, ""ValorUnitario"": 7.0, ""ValorFrete"": 0.0, ""DescontoUnitario"": 0.5467, ""ValorTotal"": 19.36, ""PesoKG"": 0.0, ""Comprimento"": 0.0, ""Altura"": 0.0, ""Largura"": 0.0, ""FreteGratis"": false, ""ValorUnitarioFrete"": 1.0, ""PrazoEntregaFrete"": 0, ""ComissaoVendedor"": 0.0, ""Seguro"": 0.0, ""Composicoes"": [], ""Atributos"": null, ""ProductGroupId"": 1, ""Categoria"": ""COM AÇUCAR"", ""CategoriaID"": ""6344371e5b452fbeceeea9ec""}]";;2026-10-01T08:44:04.219-03:00;"[{""FormaPagamento"": ""Cartão de Crédito"", ""DescricaoPagamento"": ""Pagamento recebido em Cartão de Crédito"", ""ValorPagamento"": 47.0, ""BandeiraCartao"": ""02"", ""NumeroTerminal"": null, ""DataTransacao"": ""2026-10-01T03:00:00Z"", ""CredenciadoraCartao"": ""STONE INSTITUICAO DE PAGAMENTO S.A"", ""CredenciadoraCNPJ"": ""16501555000157"", ""CV_NSU"": null, ""TipoIntegracao"": ""2"", ""CondicaoPagamento"": 1, ""Parcelas"": 1, ""PeriodoParcelas"": 30, ""Adiantamento"": 0.0, ""Quitar"": null}]";;0.0;;2026-10-01T08:44:05.674-03:00;;;;;;0001-01-01T00:00:00-02:00;GRUPO_BARRA;GRUPO_BARRA_TRIZIDELA DO VALE - CSM MIX_6abe4784c549bbd389d5bd3a
6abe48a7de3d6305f93b966d;;99705014;PDV;69ebbc3d8740f2c70d552291;TAB_B2C_TRIZIDELA_VALE;69ecd0212b570bc58ee39c3b;TRIZIDELA;Pedido Faturado;;Consumidor Final;2026-10-01T08:48:55.468-03:00;TRIZIDELA DO VALE - CSM MIX;69ea55232079a78c3b286e13;659057a8395f2736400d9dbd;CONSUMIDOR NÃO IDENTIFICADO;659057a8395f2736400d9dbd;;;TRIZIDELA JC;8d3467a0-7222-45b4-bfe7-f99f9784adf7;Receitas PDV;PIX;635ae864cd43d34b928b24c4;0;0;;;2026-10-01T08:48:55.514-03:00;0001-01-01T00:00:00-02:00;0001-01-01T00:00:00-02:00;False;0.0;False;;False;0.0;Gerado automaticamente através do modulo PDV;0.0;;25.0;True;True;;;;;;;;;;;"[{""Id"": 1, ""Nome"": ""Grupo de Produtos Padrão - 01""}]";"[{""Codigo"": ""0233"", ""Unidade"": ""UN"", ""Descricao"": ""0233 - SUCO DE GOIABA 300ML - COM AÇUCAR"", ""Quantidade"": 1.0, ""ValorUnitario"": 5.994, ""ValorFrete"": 0.0, ""DescontoUnitario"": 0.23736239999999997, ""ValorTotal"": 5.75, ""PesoKG"": 0.0, ""Comprimento"": 0.0, ""Altura"": 0.0, ""Largura"": 0.0, ""FreteGratis"": false, ""ValorUnitarioFrete"": 1.0, ""PrazoEntregaFrete"": 0, ""ComissaoVendedor"": 0.0, ""Seguro"": 0.0, ""Composicoes"": [], ""Atributos"": null, ""ProductGroupId"": 1, ""Categoria"": ""COM AÇUCAR"", ""CategoriaID"": ""6344371e5b452fbeceeea9ec""}, {""Codigo"": ""0209"", ""Unidade"": ""UN"", ""Descricao"": ""0209 - SUCO DE LARANJA 1L - COM AÇUCAR"", ""Quantidade"": 1.0, ""ValorUnitario"": 20.035, ""ValorFrete"": 0.0, ""DescontoUnitario"": 0.7933859999999999, ""ValorTotal"": 19.25, ""PesoKG"": 0.0, ""Comprimento"": 0.0, ""Altura"": 0.0, ""Largura"": 0.0, ""FreteGratis"": false, ""ValorUnitarioFrete"": 1.0, ""PrazoEntregaFrete"": 0, ""ComissaoVendedor"": 0.0, ""Seguro"": 0.0, ""Composicoes"": [], ""Atributos"": null, ""ProductGroupId"": 1, ""Categoria"": ""COM AÇUCAR"", ""CategoriaID"": ""6344371e5b452fbeceeea9ec""}]";;2026-10-01T08:48:55.514-03:00;"[{""FormaPagamento"": ""PIX"", ""DescricaoPagamento"": ""Pagamento recebido em PIX"", ""ValorPagamento"": 25.0, ""BandeiraCartao"": """", ""NumeroTerminal"": null, ""DataTransacao"": ""2026-10-01T03:00:00Z"", ""CredenciadoraCartao"": null, ""CredenciadoraCNPJ"": null, ""CV_NSU"": null, ""TipoIntegracao"": null, ""CondicaoPagamento"": 0, ""Parcelas"": 1, ""PeriodoParcelas"": 30, ""Adiantamento"": 0.0, ""Quitar"": null}]";;0.0;;2026-10-01T08:48:57.001-03:00;;;;;;0001-01-01T00:00:00-02:00;GRUPO_BARRA;GRUPO_BARRA_TRIZIDELA DO VALE - CSM MIX_6abe48a7de3d6305f93b966d
6abe48d4b36b21c5cbfa5a01;;99705015;PDV;69ebbc3d8740f2c70d552291;TAB_CLUBE_TRIZIDELA_VALE;69ea56a14d732236b9c4d1bf;TRIZIDELA;Pedido Faturado;;Consumidor Final;2026-10-01T08:49:40.019-03:00;TRIZIDELA DO VALE - CSM MIX;69ea55232079a78c3b286e13;659057a8395f2736400d9dbd;CONSUMIDOR NÃO IDENTIFICADO;659057a8395f2736400d9dbd;;;TRIZIDELA JC;8d3467a0-7222-45b4-bfe7-f99f9784adf7;Receitas PDV;PIX;635ae864cd43d34b928b24c4;0;0;;;2026-10-01T08:49:40.065-03:00;0001-01-01T00:00:00-02:00;0001-01-01T00:00:00-02:00;False;0.0;False;;False;0.0;Gerado automaticamente através do modulo PDV;0.0;;33.0;True;True;;;;;;;;;;;"[{""Id"": 1, ""Nome"": ""Grupo de Produtos Padrão - 01""}]";"[{""Codigo"": ""0225"", ""Unidade"": ""UN"", ""Descricao"": ""0225 - SUCO DE MARACUJA 2L - COM AÇUCAR"", ""Quantidade"": 1.0, ""ValorUnitario"": 33.0, ""ValorFrete"": 0.0, ""DescontoUnitario"": 0.0, ""ValorTotal"": 33.0, ""PesoKG"": 0.0, ""Comprimento"": 0.0, ""Altura"": 0.0, ""Largura"": 0.0, ""FreteGratis"": false, ""ValorUnitarioFrete"": 1.0, ""PrazoEntregaFrete"": 0, ""ComissaoVendedor"": 0.0, ""Seguro"": 0.0, ""Composicoes"": [], ""Atributos"": null, ""ProductGroupId"": 1, ""Categoria"": ""COM AÇUCAR"", ""CategoriaID"": ""6344371e5b452fbeceeea9ec""}]";;2026-10-01T08:49:40.065-03:00;"[{""FormaPagamento"": ""PIX"", ""DescricaoPagamento"": ""Pagamento recebido em PIX"", ""ValorPagamento"": 33.0, ""BandeiraCartao"": """", ""NumeroTerminal"": null, ""DataTransacao"": ""2026-10-01T03:00:00Z"", ""CredenciadoraCartao"": null, ""CredenciadoraCNPJ"": null, ""CV_NSU"": null, ""TipoIntegracao"": null, ""CondicaoPagamento"": 0, ""Parcelas"": 1, ""PeriodoParcelas"": 30, ""Adiantamento"": 0.0, ""Quitar"": null}]";;0.0;;2026-10-01T08:49:40.848-03:00;;;;;;0001-01-01T00:00:00-02:00;GRUPO_BARRA;GRUPO_BARRA_TRIZIDELA DO VALE - CSM MIX_6abe48d4b36b21c5cbfa5a01
6abe4905f8094b3cf4b1816c;;99705016;PDV;69ebbc3d8740f2c70d552291;TAB_CLUBE_TRIZIDELA_VALE;69ea56a14d732236b9c4d1bf;TRIZIDELA;Pedido Faturado;;Consumidor Final;2026-10-01T08:50:29.136-03:00;TRIZIDELA DO VALE - CSM MIX;69ea55232079a78c3b286e13;659057a8395f2736400d9dbd;CONSUMIDOR NÃO IDENTIFICADO;659057a8395f2736400d9dbd;;;TRIZIDELA JC;8d3467a0-7222-45b4-bfe7-f99f9784adf7;Receitas PDV;PIX;635ae864cd43d34b928b24c4;0;0;;;2026-10-01T08:50:29.167-03:00;0001-01-01T00:00:00-02:00;0001-01-01T00:00:00-02:00;False;0.0;False;;False;0.0;Gerado automaticamente através do modulo PDV;0.0;;6.0;True;True;;;;;;;;;;;"[{""Id"": 1, ""Nome"": ""Grupo de Produtos Padrão - 01""}]";"[{""Codigo"": ""0236"", ""Unidade"": ""UN"", ""Descricao"": ""0236 - SUCO DE LARANJA 300ML - COM AÇUCAR"", ""Quantidade"": 1.0, ""ValorUnitario"": 6.0, ""ValorFrete"": 0.0, ""DescontoUnitario"": 0.0, ""ValorTotal"": 6.0, ""PesoKG"": 0.0, ""Comprimento"": 0.0, ""Altura"": 0.0, ""Largura"": 0.0, ""FreteGratis"": false, ""ValorUnitarioFrete"": 1.0, ""PrazoEntregaFrete"": 0, ""ComissaoVendedor"": 0.0, ""Seguro"": 0.0, ""Composicoes"": [], ""Atributos"": null, ""ProductGroupId"": 1, ""Categoria"": ""COM AÇUCAR"", ""CategoriaID"": ""6344371e5b452fbeceeea9ec""}]";;2026-10-01T08:50:29.167-03:00;"[{""FormaPagamento"": ""PIX"", ""DescricaoPagamento"": ""Pagamento recebido em PIX"", ""ValorPagamento"": 6.0, ""BandeiraCartao"": """", ""NumeroTerminal"": null, ""DataTransacao"": ""2026-10-01T03:00:00Z"", ""CredenciadoraCartao"": null, ""CredenciadoraCNPJ"": null, ""CV_NSU"": null, ""TipoIntegracao"": null, ""CondicaoPagamento"": 0, ""Parcelas"": 1, ""PeriodoParcelas"": 30, ""Adiantamento"": 0.0, ""Quitar"": null}]";;0.0;;2026-10-01T08:50:29.904-03:00;;;;;;0001-01-01T00:00:00-02:00;GRUPO_BARRA;GRUPO_BARRA_TRIZIDELA DO VALE - CSM MIX_6abe4905f8094b3cf4b1816c
6abe49248a2598004513d850;;99705018;PDV;69ebbc3d8740f2c70d552291;TAB_B2C_TRIZIDELA_VALE;69ecd0212b570bc58ee39c3b;TRIZIDELA;Pedido Faturado;;Consumidor Final;2026-10-01T08:51:00.762-03:00;TRIZIDELA DO VALE - CSM MIX;69ea55232079a78c3b286e13;659057a8395f2736400d9dbd;CONSUMIDOR NÃO IDENTIFICADO;659057a8395f2736400d9dbd;;;TRIZIDELA JC;8d3467a0-7222-45b4-bfe7-f99f9784adf7;Receitas PDV;PIX;635ae864cd43d34b928b24c4;0;0;;;2026-10-01T08:51:00.794-03:00;0001-01-01T00:00:00-02:00;0001-01-01T00:00:00-02:00;False;0.0;False;;False;0.0;Gerado automaticamente através do modulo PDV;0.0;;36.0;True;True;;;;;;;;;;;"[{""Id"": 1, ""Nome"": ""Grupo de Produtos Padrão - 01""}]";"[{""Codigo"": ""0224"", ""Unidade"": ""UN"", ""Descricao"": ""0224 - SUCO DE LARANJA 2L - COM AÇUCAR"", ""Quantidade"": 1.0, ""ValorUnitario"": 36.0, ""ValorFrete"": 0.0, ""DescontoUnitario"": 0.0, ""ValorTotal"": 36.0, ""PesoKG"": 0.0, ""Comprimento"": 0.0, ""Altura"": 0.0, ""Largura"": 0.0, ""FreteGratis"": false, ""ValorUnitarioFrete"": 1.0, ""PrazoEntregaFrete"": 0, ""ComissaoVendedor"": 0.0, ""Seguro"": 0.0, ""Composicoes"": [], ""Atributos"": null, ""ProductGroupId"": 1, ""Categoria"": ""COM AÇUCAR"", ""CategoriaID"": ""6344371e5b452fbeceeea9ec""}]";;2026-10-01T08:51:00.794-03:00;"[{""FormaPagamento"": ""PIX"", ""DescricaoPagamento"": ""Pagamento recebido em PIX"", ""ValorPagamento"": 36.0, ""BandeiraCartao"": """", ""NumeroTerminal"": null, ""DataTransacao"": ""2026-10-01T03:00:00Z"", ""CredenciadoraCartao"": null, ""CredenciadoraCNPJ"": null, ""CV_NSU"": null, ""TipoIntegracao"": null, ""CondicaoPagamento"": 0, ""Parcelas"": 1, ""PeriodoParcelas"": 30, ""Adiantamento"": 0.0, ""Quitar"": null}]";;0.0;;2026-10-01T08:51:01.796-03:00;;;;;;0001-01-01T00:00:00-02:00;GRUPO_BARRA;GRUPO_BARRA_TRIZIDELA DO VALE - CSM MIX_6abe49248a2598004513d850
6abe4bdca93bcdf35adaf459;;99705024;PDV;69ebbc3d8740f2c70d552291;TAB_CLUBE_TRIZIDELA_VALE;69ea56a14d732236b9c4d1bf;TRIZIDELA;Pedido Faturado;;Consumidor Final;2026-10-01T09:02:35.757-03:00;TRIZIDELA DO VALE - CSM MIX;69ea55232079a78c3b286e13;659057a8395f2736400d9dbd;CONSUMIDOR NÃO IDENTIFICADO;659057a8395f2736400d9dbd;;;TRIZIDELA JC;8d3467a0-7222-45b4-bfe7-f99f9784adf7;Receitas PDV;Dinheiro;5b648d1c3498afae6d5bfd89;0;0;;;2026-10-01T09:02:35.835-03:00;0001-01-01T00:00:00-02:00;0001-01-01T00:00:00-02:00;False;0.0;False;;False;0.0;Gerado automaticamente através do modulo PDV;0.0;;18.0;True;True;;;;;;;;;;;"[{""Id"": 1, ""Nome"": ""Grupo de Produtos Padrão - 01""}]";"[{""Codigo"": ""0204"", ""Unidade"": ""UN"", ""Descricao"": ""0204 - SUCO DE CAJA 1L - COM AÇUCAR"", ""Quantidade"": 1.0, ""ValorUnitario"": 18.0, ""ValorFrete"": 0.0, ""DescontoUnitario"": 0.0, ""ValorTotal"": 18.0, ""PesoKG"": 0.0, ""Comprimento"": 0.0, ""Altura"": 0.0, ""Largura"": 0.0, ""FreteGratis"": false, ""ValorUnitarioFrete"": 1.0, ""PrazoEntregaFrete"": 0, ""ComissaoVendedor"": 0.0, ""Seguro"": 0.0, ""Composicoes"": [], ""Atributos"": null, ""ProductGroupId"": 1, ""Categoria"": ""COM AÇUCAR"", ""CategoriaID"": ""6344371e5b452fbeceeea9ec""}]";;2026-10-01T09:02:35.835-03:00;"[{""FormaPagamento"": ""Dinheiro"", ""DescricaoPagamento"": ""Pagamento recebido em Dinheiro"", ""ValorPagamento"": 18.0, ""BandeiraCartao"": """", ""NumeroTerminal"": null, ""DataTransacao"": ""2026-10-01T03:00:00Z"", ""CredenciadoraCartao"": null, ""CredenciadoraCNPJ"": null, ""CV_NSU"": null, ""TipoIntegracao"": null, ""CondicaoPagamento"": 0, ""Parcelas"": 1, ""PeriodoParcelas"": 30, ""Adiantamento"": 0.0, ""Quitar"": null}]";;0.0;;2026-10-01T09:02:36.882-03:00;;;;;;0001-01-01T00:00:00-02:00;GRUPO_BARRA;GRUPO_BARRA_TRIZIDELA DO VALE - CSM MIX_6abe4bdca93bcdf35adaf459
