ID;AndroidVendaID;Codigo;OrigemVenda;DepositoID;Tabela;TabelaID;Deposito;StatusSistema;Status;Categoria;Validade;Empresa;EmpresaID;ClienteID;Cliente;PessoaID;ClienteCNPJ;ClienteEmail;Vendedor;VendedorID;PlanoDeConta;FormaPagamento;FormaPagamentoID;NumeroParcelas;FreteMeioEnvio;Transportadora;FreteFormaEnvio;DataEnvio;PrevisaoEntrega;DataPostagem;Enviado;ValorFrete;FreteContaEmitente;CodigoRastreio;EnderecoOpcional;ValorSeguro;Descricao;OutrasDespesas;TransacaoCartao;ValorFinal;Finalizado;Lancado;Municipio;CodigoMunicipio;Pais;CEP;UF;UFCodigo;Bairro;Logradouro;LogradouroNumero;LogradouroComplemento;GruposProdutos;Items;Banco;Data;Pagamentos;LancarComissaoVendedor;ValorComissaoVendedor;NumeroNFe;DataFaturamento;ChaveAcessoNFe;DanfeURL;UrlSefaz;OrdemServico;CodigoPedidoCliente;DataAprovacaoPedido;OrigemBanco;ID_UNICO
6a96a3bf5d59cc884e063e07;;99683880;PDV;65f1ef07ee68912546e82f33;TABELA B2C BDC;65f1f02ae24a6f10a903ebf0;ESTOQUE FABRICA BDC;Pedido Faturado;;Consumidor Final;2026-09-01T07:06:55.448-03:00;CASA DE SUCO - BARRA DO CORDA;65f1eea0050d165884add5cc;659057a8395f2736400d9dbd;CONSUMIDOR NÃO IDENTIFICADO;659057a8395f2736400d9dbd;;;PDV TRIZIDELA 2;e4ffd0ea-a438-47d7-a753-33fc4d9bc547;Receitas PDV;PIX;635ae864cd43d34b928b24c4;0;0;;;2026-09-01T07:06:55.496-03:00;0001-01-01T00:00:00-02:00;0001-01-01T00:00:00-02:00;False;0.0;False;;False;0.0;Gerado automaticamente através do modulo PDV;0.0;;13.0;True;True;;;;;;;;;;;"[{""Id"": 1, ""Nome"": ""Grupo de Produtos Padrão - 01""}]";"[{""Codigo"": ""0233"", ""Unidade"": ""UN"", ""Descricao"": ""0233 - SUCO DE GOIABA 300ML - COM AÇUCAR"", ""Quantidade"": 1.0, ""ValorUnitario"": 6.0, ""ValorFrete"": 0.0, ""DescontoUnitario"": 0.0, ""ValorTotal"": 6.0, ""PesoKG"": 0.0, ""Comprimento"": 0.0, ""Altura"": 0.0, ""Largura"": 0.0, ""FreteGratis"": false, ""ValorUnitarioFrete"": 1.0, ""PrazoEntregaFrete"": 0, ""ComissaoVendedor"": 0.0, ""Seguro"": 0.0, ""Composicoes"": [], ""Atributos"": null, ""ProductGroupId"": 1, ""Categoria"": ""COM AÇUCAR"", ""CategoriaID"": ""6344371e5b452fbeceeea9ec""}, {""Codigo"": ""123213633322768"", ""Unidade"": """", ""Descricao"": ""123213633322768 - IOGURTE DE MORANGO 300 ML"", ""Quantidade"": 1.0, ""ValorUnitario"": 7.0, ""ValorFrete"": 0.0, ""DescontoUnitario"": 0.0, ""ValorTotal"": 7.0, ""PesoKG"": 0.0, ""Comprimento"": 0.0, ""Altura"": 0.0, ""Largura"": 0.0, ""FreteGratis"": false, ""ValorUnitarioFrete"": 1.0, ""PrazoEntregaFrete"": 0, ""ComissaoVendedor"": 0.0, ""Seguro"": 0.0, ""Composicoes"": [], ""Atributos"": null, ""ProductGroupId"": 1, ""Categoria"": """", ""CategoriaID"": """"}]";;2026-09-01T07:06:55.496-03:00;"[{""FormaPagamento"": ""PIX"", ""DescricaoPagamento"": ""Pagamento recebido em PIX"", ""ValorPagamento"": 13.0, ""BandeiraCartao"": """", ""NumeroTerminal"": null, ""DataTransacao"": ""2026-09-01T03:00:00Z"", ""CredenciadoraCartao"": null, ""CredenciadoraCNPJ"": null, ""CV_NSU"": null, ""TipoIntegracao"": null, ""CondicaoPagamento"": 0, ""Parcelas"": 1, ""PeriodoParcelas"": 30, ""Adiantamento"": 0.0, ""Quitar"": null}]";;0.0;;2026-09-01T07:06:56.56-03:00;;;;;;0001-01-01T00:00:00-02:00;GRUPO_BARRA;GRUPO_BARRA_CASA DE SUCO - BARRA DO CORDA_6a96a3bf5d59cc884e063e07
6a96a425fa3edf468817f1a4;;99683881;PDV;65f1ef07ee68912546e82f33;TABELA B2C BDC;65f1f02ae24a6f10a903ebf0;ESTOQUE FABRICA BDC;Pedido Faturado;;Consumidor Final;2026-09-01T07:08:37.119-03:00;CASA DE SUCO - BARRA DO CORDA;65f1eea0050d165884add5cc;659057a8395f2736400d9dbd;CONSUMIDOR NÃO IDENTIFICADO;659057a8395f2736400d9dbd;;;PDV TRIZIDELA 2;e4ffd0ea-a438-47d7-a753-33fc4d9bc547;Receitas PDV;Dinheiro;5b648d1c3498afae6d5bfd89;0;0;;;2026-09-01T07:08:37.182-03:00;0001-01-01T00:00:00-02:00;0001-01-01T00:00:00-02:00;False;0.0;False;;False;0.0;Gerado automaticamente através do modulo PDV;0.0;;7.0;True;True;;;;;;;;;;;"[{""Id"": 1, ""Nome"": ""Grupo de Produtos Padrão - 01""}]";"[{""Codigo"": ""0236"", ""Unidade"": ""UN"", ""Descricao"": ""0236 - SUCO DE LARANJA 300ML - COM AÇUCAR"", ""Quantidade"": 1.0, ""ValorUnitario"": 7.0, ""ValorFrete"": 0.0, ""DescontoUnitario"": 0.0, ""ValorTotal"": 7.0, ""PesoKG"": 0.0, ""Comprimento"": 0.0, ""Altura"": 0.0, ""Largura"": 0.0, ""FreteGratis"": false, ""ValorUnitarioFrete"": 1.0, ""PrazoEntregaFrete"": 0, ""ComissaoVendedor"": 0.0, ""Seguro"": 0.0, ""Composicoes"": [], ""Atributos"": null, ""ProductGroupId"": 1, ""Categoria"": ""COM AÇUCAR"", ""CategoriaID"": ""6344371e5b452fbeceeea9ec""}]";;2026-09-01T07:08:37.182-03:00;"[{""FormaPagamento"": ""Dinheiro"", ""DescricaoPagamento"": ""Pagamento recebido em Dinheiro"", ""ValorPagamento"": 22.0, ""BandeiraCartao"": """", ""NumeroTerminal"": null, ""DataTransacao"": ""2026-09-01T03:00:00Z"", ""CredenciadoraCartao"": null, ""CredenciadoraCNPJ"": null, ""CV_NSU"": null, ""TipoIntegracao"": null, ""CondicaoPagamento"": 0, ""Parcelas"": 1, ""PeriodoParcelas"": 30, ""Adiantamento"": 0.0, ""Quitar"": null}]";;0.0;;2026-09-01T07:08:38.23-03:00;;;;;;0001-01-01T00:00:00-02:00;GRUPO_BARRA;GRUPO_BARRA_CASA DE SUCO - BARRA DO CORDA_6a96a425fa3edf468817f1a4
6a96a707157a0891556be006;;99683892;PDV;65f1ef07ee68912546e82f33;CLUB VANTAGEM BDC;66c8caacba311769cd7ddafd;ESTOQUE FABRICA BDC;Pedido Faturado;;Consumidor Final;2026-09-01T07:20:55.716-03:00;CASA DE SUCO - BARRA DO CORDA;65f1eea0050d165884add5cc;699e104f9857d4e176e88ce0;sidne moreira ferreira clube;699e104f9857d4e176e88ce0;01657055310;;PDV TRIZIDELA 2;e4ffd0ea-a438-47d7-a753-33fc4d9bc547;Receitas PDV;PIX;635ae864cd43d34b928b24c4;0;0;;;2026-09-01T07:20:55.773-03:00;0001-01-01T00:00:00-02:00;0001-01-01T00:00:00-02:00;False;0.0;False;;False;0.0;Gerado automaticamente através do modulo PDV;0.0;;5.0;True;True;;;Brasil;;;;;;;;"[{""Id"": 1, ""Nome"": ""Grupo de Produtos Padrão - 01""}]";"[{""Codigo"": ""0233"", ""Unidade"": ""UN"", ""Descricao"": ""0233 - SUCO DE GOIABA 300ML - COM AÇUCAR"", ""Quantidade"": 1.0, ""ValorUnitario"": 5.0, ""ValorFrete"": 0.0, ""DescontoUnitario"": 0.0, ""ValorTotal"": 5.0, ""PesoKG"": 0.0, ""Comprimento"": 0.0, ""Altura"": 0.0, ""Largura"": 0.0, ""FreteGratis"": false, ""ValorUnitarioFrete"": 1.0, ""PrazoEntregaFrete"": 0, ""ComissaoVendedor"": 0.0, ""Seguro"": 0.0, ""Composicoes"": [], ""Atributos"": null, ""ProductGroupId"": 1, ""Categoria"": ""COM AÇUCAR"", ""CategoriaID"": ""6344371e5b452fbeceeea9ec""}]";;2026-09-01T07:20:55.773-03:00;"[{""FormaPagamento"": ""PIX"", ""DescricaoPagamento"": ""Pagamento recebido em PIX"", ""ValorPagamento"": 5.0, ""BandeiraCartao"": """", ""NumeroTerminal"": null, ""DataTransacao"": ""2026-09-01T03:00:00Z"", ""CredenciadoraCartao"": null, ""CredenciadoraCNPJ"": null, ""CV_NSU"": null, ""TipoIntegracao"": null, ""CondicaoPagamento"": 0, ""Parcelas"": 1, ""PeriodoParcelas"": 30, ""Adiantamento"": 0.0, ""Quitar"": null}]";;0.0;;2026-09-01T07:20:56.436-03:00;;;;;;0001-01-01T00:00:00-02:00;GRUPO_BARRA;GRUPO_BARRA_CASA DE SUCO - BARRA DO CORDA_6a96a707157a0891556be006
6a96b220bd146ec0b1b3b6eb;;99683908;PDV;65f1ef07ee68912546e82f33;CLUB VANTAGEM BDC;66c8caacba311769cd7ddafd;ESTOQUE FABRICA BDC;Pedido Faturado;;Consumidor Final;2026-09-01T08:08:16.717-03:00;CASA DE SUCO - BARRA DO CORDA;65f1eea0050d165884add5cc;6a5fb4a1182b55f5b816fa84;CICERA GONÇALVES RICARDO BRAGA CLUBE;6a5fb4a1182b55f5b816fa84;82295620325;;PDV TRIZIDELA 2;e4ffd0ea-a438-47d7-a753-33fc4d9bc547;Receitas PDV;Dinheiro;5b648d1c3498afae6d5bfd89;0;0;;;2026-09-01T08:08:16.779-03:00;0001-01-01T00:00:00-02:00;0001-01-01T00:00:00-02:00;False;0.0;False;;False;0.0;Gerado automaticamente através do modulo PDV;0.0;;14.0;True;True;;;Brasil;;;;;;;;"[{""Id"": 1, ""Nome"": ""Grupo de Produtos Padrão - 01""}]";"[{""Codigo"": ""0209"", ""Unidade"": ""UN"", ""Descricao"": ""0209 - SUCO DE LARANJA 1L - COM AÇUCAR"", ""Quantidade"": 1.0, ""ValorUnitario"": 14.0, ""ValorFrete"": 0.0, ""DescontoUnitario"": 0.0, ""ValorTotal"": 14.0, ""PesoKG"": 0.0, ""Comprimento"": 0.0, ""Altura"": 0.0, ""Largura"": 0.0, ""FreteGratis"": false, ""ValorUnitarioFrete"": 1.0, ""PrazoEntregaFrete"": 0, ""ComissaoVendedor"": 0.0, ""Seguro"": 0.0, ""Composicoes"": [], ""Atributos"": null, ""ProductGroupId"": 1, ""Categoria"": ""COM AÇUCAR"", ""CategoriaID"": ""6344371e5b452fbeceeea9ec""}]";;2026-09-01T08:08:16.779-03:00;"[{""FormaPagamento"": ""Dinheiro"", ""DescricaoPagamento"": ""Pagamento recebido em Dinheiro"", ""ValorPagamento"": 50.0, ""BandeiraCartao"": """", ""NumeroTerminal"": null, ""DataTransacao"": ""2026-09-01T03:00:00Z"", ""CredenciadoraCartao"": null, ""CredenciadoraCNPJ"": null, ""CV_NSU"": null, ""TipoIntegracao"": null, ""CondicaoPagamento"": 0, ""Parcelas"": 1, ""PeriodoParcelas"": 30, ""Adiantamento"": 0.0, ""Quitar"": null}]";;0.0;;2026-09-01T08:08:17.609-03:00;;;;;;0001-01-01T00:00:00-02:00;GRUPO_BARRA;GRUPO_BARRA_CASA DE SUCO - BARRA DO CORDA_6a96b220bd146ec0b1b3b6eb
6a96b232b971d879f71ef37a;;99683909;PDV;65f1ef07ee68912546e82f33;TABELA B2C BDC;65f1f02ae24a6f10a903ebf0;ESTOQUE FABRICA BDC;Pedido Faturado;;Consumidor Final;2026-09-01T08:08:34.641-03:00;CASA DE SUCO - BARRA DO CORDA;65f1eea0050d165884add5cc;659057a8395f2736400d9dbd;CONSUMIDOR NÃO IDENTIFICADO;659057a8395f2736400d9dbd;;;PDV TRIZIDELA 2;e4ffd0ea-a438-47d7-a753-33fc4d9bc547;Receitas PDV;Dinheiro;5b648d1c3498afae6d5bfd89;0;0;;;2026-09-01T08:08:34.688-03:00;0001-01-01T00:00:00-02:00;0001-01-01T00:00:00-02:00;False;0.0;False;;False;0.0;Gerado automaticamente através do modulo PDV;0.0;;1.0;True;True;;;;;;;;;;;"[{""Id"": 1, ""Nome"": ""Grupo de Produtos Padrão - 01""}]";"[{""Codigo"": ""123213633323476"", ""Unidade"": """", ""Descricao"": ""123213633323476 - BALA DE MARACUJÁ"", ""Quantidade"": 2.0, ""ValorUnitario"": 0.5, ""ValorFrete"": 0.0, ""DescontoUnitario"": 0.0, ""ValorTotal"": 1.0, ""PesoKG"": 0.0, ""Comprimento"": 0.0, ""Altura"": 0.0, ""Largura"": 0.0, ""FreteGratis"": false, ""ValorUnitarioFrete"": 1.0, ""PrazoEntregaFrete"": 0, ""ComissaoVendedor"": 0.0, ""Seguro"": 0.0, ""Composicoes"": [], ""Atributos"": null, ""ProductGroupId"": 1, ""Categoria"": """", ""CategoriaID"": """"}]";;2026-09-01T08:08:34.688-03:00;"[{""FormaPagamento"": ""Dinheiro"", ""DescricaoPagamento"": ""Pagamento recebido em Dinheiro"", ""ValorPagamento"": 1.0, ""BandeiraCartao"": """", ""NumeroTerminal"": null, ""DataTransacao"": ""2026-09-01T03:00:00Z"", ""CredenciadoraCartao"": null, ""CredenciadoraCNPJ"": null, ""CV_NSU"": null, ""TipoIntegracao"": null, ""CondicaoPagamento"": 0, ""Parcelas"": 1, ""PeriodoParcelas"": 30, ""Adiantamento"": 0.0, ""Quitar"": null}]";;0.0;;2026-09-01T08:08:35.282-03:00;;;;;;0001-01-01T00:00:00-02:00;GRUPO_BARRA;GRUPO_BARRA_CASA DE SUCO - BARRA DO CORDA_6a96b232b971d879f71ef37a
6a96bb635d59cc884e082cff;;99683935;PDV;65f1ef07ee68912546e82f33;TABELA B2C BDC;65f1f02ae24a6f10a903ebf0;ESTOQUE FABRICA BDC;Pedido Faturado;;Consumidor Final;2026-09-01T08:47:47.133-03:00;CASA DE SUCO - BARRA DO CORDA;65f1eea0050d165884add5cc;659057a8395f2736400d9dbd;CONSUMIDOR NÃO IDENTIFICADO;659057a8395f2736400d9dbd;;;PDV TRIZIDELA 2;e4ffd0ea-a438-47d7-a753-33fc4d9bc547;Receitas PDV;PIX;635ae864cd43d34b928b24c4;0;0;;;2026-09-01T08:47:47.181-03:00;0001-01-01T00:00:00-02:00;0001-01-01T00:00:00-02:00;False;0.0;False;;False;0.0;Gerado automaticamente através do modulo PDV;0.0;;10.0;True;True;;;;;;;;;;;"[{""Id"": 1, ""Nome"": ""Grupo de Produtos Padrão - 01""}]";"[{""Codigo"": ""0232"", ""Unidade"": ""UN"", ""Descricao"": ""0232 - SUCO DE CAJU 300ML - COM AÇUCAR"", ""Quantidade"": 2.0, ""ValorUnitario"": 6.25, ""ValorFrete"": 0.0, ""DescontoUnitario"": 1.25, ""ValorTotal"": 10.0, ""PesoKG"": 0.0, ""Comprimento"": 0.0, ""Altura"": 0.0, ""Largura"": 0.0, ""FreteGratis"": false, ""ValorUnitarioFrete"": 1.0, ""PrazoEntregaFrete"": 0, ""ComissaoVendedor"": 0.0, ""Seguro"": 0.0, ""Composicoes"": [], ""Atributos"": null, ""ProductGroupId"": 1, ""Categoria"": ""COM AÇUCAR"", ""CategoriaID"": ""6344371e5b452fbeceeea9ec""}]";;2026-09-01T08:47:47.181-03:00;"[{""FormaPagamento"": ""PIX"", ""DescricaoPagamento"": ""Pagamento recebido em PIX"", ""ValorPagamento"": 10.0, ""BandeiraCartao"": """", ""NumeroTerminal"": null, ""DataTransacao"": ""2026-09-01T03:00:00Z"", ""CredenciadoraCartao"": null, ""CredenciadoraCNPJ"": null, ""CV_NSU"": null, ""TipoIntegracao"": null, ""CondicaoPagamento"": 0, ""Parcelas"": 1, ""PeriodoParcelas"": 30, ""Adiantamento"": 0.0, ""Quitar"": null}]";;0.0;;2026-09-01T08:47:48.025-03:00;;;;;;0001-01-01T00:00:00-02:00;GRUPO_BARRA;GRUPO_BARRA_CASA DE SUCO - BARRA DO CORDA_6a96bb635d59cc884e082cff
6a96c43f8f23320c4a78ecb7;;99683972;PDV;65f1ef07ee68912546e82f33;TABELA B2C BDC;65f1f02ae24a6f10a903ebf0;ESTOQUE FABRICA BDC;Pedido Faturado;;Consumidor Final;2026-09-01T09:25:35.284-03:00;CASA DE SUCO - BARRA DO CORDA;65f1eea0050d165884add5cc;659057a8395f2736400d9dbd;CONSUMIDOR NÃO IDENTIFICADO;659057a8395f2736400d9dbd;;;PDV TRIZIDELA 2;e4ffd0ea-a438-47d7-a753-33fc4d9bc547;Receitas PDV;Dinheiro;5b648d1c3498afae6d5bfd89;0;0;;;2026-09-01T09:25:35.331-03:00;0001-01-01T00:00:00-02:00;0001-01-01T00:00:00-02:00;False;0.0;False;;False;0.0;Gerado automaticamente através do modulo PDV;0.0;;26.0;True;True;;;;;;;;;;;"[{""Id"": 1, ""Nome"": ""Grupo de Produtos Padrão - 01""}]";"[{""Codigo"": ""0222"", ""Unidade"": ""UN"", ""Descricao"": ""0222 - SUCO DE GOIABA 2L - COM AÇUCAR"", ""Quantidade"": 1.0, ""ValorUnitario"": 26.0, ""ValorFrete"": 0.0, ""DescontoUnitario"": 0.0, ""ValorTotal"": 26.0, ""PesoKG"": 0.0, ""Comprimento"": 0.0, ""Altura"": 0.0, ""Largura"": 0.0, ""FreteGratis"": false, ""ValorUnitarioFrete"": 1.0, ""PrazoEntregaFrete"": 0, ""ComissaoVendedor"": 0.0, ""Seguro"": 0.0, ""Composicoes"": [], ""Atributos"": null, ""ProductGroupId"": 1, ""Categoria"": ""COM AÇUCAR"", ""CategoriaID"": ""6344371e5b452fbeceeea9ec""}]";;2026-09-01T09:25:35.331-03:00;"[{""FormaPagamento"": ""Dinheiro"", ""DescricaoPagamento"": ""Descrição"", ""ValorPagamento"": 6.0, ""BandeiraCartao"": """", ""NumeroTerminal"": null, ""DataTransacao"": ""2026-09-01T03:00:00Z"", ""CredenciadoraCartao"": null, ""CredenciadoraCNPJ"": null, ""CV_NSU"": null, ""TipoIntegracao"": null, ""CondicaoPagamento"": 0, ""Parcelas"": 1, ""PeriodoParcelas"": 30, ""Adiantamento"": 0.0, ""Quitar"": null}, {""FormaPagamento"": ""PIX"", ""DescricaoPagamento"": ""Pagamento recebido em PIX"", ""ValorPagamento"": 20.0, ""BandeiraCartao"": """", ""NumeroTerminal"": null, ""DataTransacao"": ""2026-09-01T03:00:00Z"", ""CredenciadoraCartao"": null, ""CredenciadoraCNPJ"": null, ""CV_NSU"": null, ""TipoIntegracao"": null, ""CondicaoPagamento"": 0, ""Parcelas"": 1, ""PeriodoParcelas"": 30, ""Adiantamento"": 0.0, ""Quitar"": null}]";;0.0;;2026-09-01T09:25:36.082-03:00;;;;;;0001-01-01T00:00:00-02:00;GRUPO_BARRA;GRUPO_BARRA_CASA DE SUCO - BARRA DO CORDA_6a96c43f8f23320c4a78ecb7
6a96c84a6927cd35387e8b43;;99684001;PDV;65f1ef07ee68912546e82f33;CLUB VANTAGEM BDC;66c8caacba311769cd7ddafd;ESTOQUE FABRICA BDC;Pedido Faturado;;Consumidor Final;2026-09-01T09:42:50.424-03:00;CASA DE SUCO - BARRA DO CORDA;65f1eea0050d165884add5cc;68d191d06e58f2887a4019da;Nilson Pereira CLUBE;68d191d06e58f2887a4019da;01660303338;;PDV TRIZIDELA 2;e4ffd0ea-a438-47d7-a753-33fc4d9bc547;Receitas PDV;Dinheiro;5b648d1c3498afae6d5bfd89;0;0;;;2026-09-01T09:42:50.472-03:00;0001-01-01T00:00:00-02:00;0001-01-01T00:00:00-02:00;False;0.0;False;;False;0.0;Gerado automaticamente através do modulo PDV;0.0;;27.0;True;True;;;Brasil;;;;;;;;"[{""Id"": 1, ""Nome"": ""Grupo de Produtos Padrão - 01""}]";"[{""Codigo"": ""0209"", ""Unidade"": ""UN"", ""Descricao"": ""0209 - SUCO DE LARANJA 1L - COM AÇUCAR"", ""Quantidade"": 1.0, ""ValorUnitario"": 14.0, ""ValorFrete"": 0.0, ""DescontoUnitario"": 0.0, ""ValorTotal"": 14.0, ""PesoKG"": 0.0, ""Comprimento"": 0.0, ""Altura"": 0.0, ""Largura"": 0.0, ""FreteGratis"": false, ""ValorUnitarioFrete"": 1.0, ""PrazoEntregaFrete"": 0, ""ComissaoVendedor"": 0.0, ""Seguro"": 0.0, ""Composicoes"": [], ""Atributos"": null, ""ProductGroupId"": 1, ""Categoria"": ""COM AÇUCAR"", ""CategoriaID"": ""6344371e5b452fbeceeea9ec""}, {""Codigo"": ""0207"", ""Unidade"": ""UN"", ""Descricao"": ""0207 - SUCO DE GOIABA 1L - COM AÇUCAR"", ""Quantidade"": 1.0, ""ValorUnitario"": 13.0, ""ValorFrete"": 0.0, ""DescontoUnitario"": 0.0, ""ValorTotal"": 13.0, ""PesoKG"": 0.0, ""Comprimento"": 0.0, ""Altura"": 0.0, ""Largura"": 0.0, ""FreteGratis"": false, ""ValorUnitarioFrete"": 1.0, ""PrazoEntregaFrete"": 0, ""ComissaoVendedor"": 0.0, ""Seguro"": 0.0, ""Composicoes"": [], ""Atributos"": null, ""ProductGroupId"": 1, ""Categoria"": ""COM AÇUCAR"", ""CategoriaID"": ""6344371e5b452fbeceeea9ec""}]";;2026-09-01T09:42:50.472-03:00;"[{""FormaPagamento"": ""Dinheiro"", ""DescricaoPagamento"": ""Pagamento recebido em Dinheiro"", ""ValorPagamento"": 27.0, ""BandeiraCartao"": """", ""NumeroTerminal"": null, ""DataTransacao"": ""2026-09-01T03:00:00Z"", ""CredenciadoraCartao"": null, ""CredenciadoraCNPJ"": null, ""CV_NSU"": null, ""TipoIntegracao"": null, ""CondicaoPagamento"": 0, ""Parcelas"": 1, ""PeriodoParcelas"": 30, ""Adiantamento"": 0.0, ""Quitar"": null}]";;0.0;;2026-09-01T09:42:51.546-03:00;;;;;;0001-01-01T00:00:00-02:00;GRUPO_BARRA;GRUPO_BARRA_CASA DE SUCO - BARRA DO CORDA_6a96c84a6927cd35387e8b43
6a96c9966927cd35387eb819;;99684011;Venda Direta;65f1ef07ee68912546e82f33;TAB FABRICA BDC;6a1f7bb23749dddeca12f537;ESTOQUE FABRICA BDC;Pedido Faturado;;Pedido;2026-09-01T00:00:00-03:00;CASA DE SUCO - BARRA DO CORDA;65f1eea0050d165884add5cc;6a16e26c635edc4e83631a58;CSM TRIZIDELA;6a16e26c635edc4e83631a58;;;Venda ext bdc;b37b3592-9adf-4620-adb5-63db41695826;VENDAS B2B;Dinheiro;5b648d1c3498afae6d5bfd89;0;0;;PAC;2026-09-01T09:45:00-03:00;0001-01-01T00:00:00-02:00;0001-01-01T00:00:00-02:00;False;0.0;False;;False;0.0;;0.0;;999.18;True;True;Barra do Corda;2101608;Brasil;65950000;MA;21;TRIZIDELA;RUA RIO TAPAJÓS;232;;"[{""Id"": 1, ""Nome"": ""Grupo de Produtos Padrão - 01""}]";"[{""Codigo"": ""0233"", ""Unidade"": ""UN"", ""Descricao"": ""0233 - SUCO DE GOIABA 300ML - COM AÇUCAR"", ""Quantidade"": 8.0, ""ValorUnitario"": 3.12, ""ValorFrete"": 0.0, ""DescontoUnitario"": 0.0, ""ValorTotal"": 24.96, ""PesoKG"": 0.0, ""Comprimento"": 0.0, ""Altura"": 0.0, ""Largura"": 0.0, ""FreteGratis"": false, ""ValorUnitarioFrete"": 1.0, ""PrazoEntregaFrete"": 0, ""ComissaoVendedor"": 0.0, ""Seguro"": 0.0, ""Composicoes"": [], ""Atributos"": null, ""ProductGroupId"": 1, ""Categoria"": ""COM AÇUCAR"", ""CategoriaID"": ""6344371e5b452fbeceeea9ec""}, {""Codigo"": ""0208"", ""Unidade"": ""UN"", ""Descricao"": ""0208 - SUCO DE GRAVIOLA 1L - COM AÇUCAR"", ""Quantidade"": 2.0, ""ValorUnitario"": 12.5, ""ValorFrete"": 0.0, ""DescontoUnitario"": 0.0, ""ValorTotal"": 25.0, ""PesoKG"": 0.0, ""Comprimento"": 0.0, ""Altura"": 0.0, ""Largura"": 0.0, ""FreteGratis"": false, ""ValorUnitarioFrete"": 1.0, ""PrazoEntregaFrete"": 0, ""ComissaoVendedor"": 0.0, ""Seguro"": 0.0, ""Composicoes"": [], ""Atributos"": null, ""ProductGroupId"": 1, ""Categoria"": """", ""CategoriaID"": """"}, {""Codigo"": ""0222"", ""Unidade"": ""UN"", ""Descricao"": ""0222 - SUCO DE GOIABA 2L - COM AÇUCAR"", ""Quantidade"": 6.0, ""ValorUnitario"": 16.84, ""ValorFrete"": 0.0, ""DescontoUnitario"": 0.0, ""ValorTotal"": 101.04, ""PesoKG"": 0.0, ""Comprimento"": 0.0, ""Altura"": 0.0, ""Largura"": 0.0, ""FreteGratis"": false, ""ValorUnitarioFrete"": 1.0, ""PrazoEntregaFrete"": 0, ""ComissaoVendedor"": 0.0, ""Seguro"": 0.0, ""Composicoes"": [], ""Atributos"": null, ""ProductGroupId"": 1, ""Categoria"": ""COM AÇUCAR"", ""CategoriaID"": ""6344371e5b452fbeceeea9ec""}, {""Codigo"": ""0249"", ""Unidade"": ""UN"", ""Descricao"": ""0249 - SUCO DE GOIABA 5L - COM AÇUCAR"", ""Quantidade"": 1.0, ""ValorUnitario"": 40.08, ""ValorFrete"": 0.0, ""DescontoUnitario"": 0.0, ""ValorTotal"": 40.08, ""PesoKG"": 0.0, ""Comprimento"": 0.0, ""Altura"": 0.0, ""Largura"": 0.0, ""FreteGratis"": false, ""ValorUnitarioFrete"": 1.0, ""PrazoEntregaFrete"": 0, ""ComissaoVendedor"": 0.0, ""Seguro"": 0.0, ""Composicoes"": [], ""Atributos"": null, ""ProductGroupId"": 1, ""Categoria"": ""COM AÇUCAR"", ""CategoriaID"": ""6344371e5b452fbeceeea9ec""}, {""Codigo"": ""0231"", ""Unidade"": ""UN"", ""Descricao"": ""0231 - SUCO DE CAJA 300ML - COM AÇUCAR"", ""Quantidade"": 6.0, ""ValorUnitario"": 4.55, ""ValorFrete"": 0.0, ""DescontoUnitario"": 0.0, ""ValorTotal"": 27.3, ""PesoKG"": 0.0, ""Comprimento"": 0.0, ""Altura"": 0.0, ""Largura"": 0.0, ""FreteGratis"": false, ""ValorUnitarioFrete"": 1.0, ""PrazoEntregaFrete"": 0, ""ComissaoVendedor"": 0.0, ""Seguro"": 0.0, ""Composicoes"": [], ""Atributos"": null, ""ProductGroupId"": 1, ""Categoria"": ""COM AÇUCAR"", ""CategoriaID"": ""6344371e5b452fbeceeea9ec""}, {""Codigo"": ""0207"", ""Unidade"": ""UN"", ""Descricao"": ""0207 - SUCO DE GOIABA 1L - COM AÇUCAR"", ""Quantidade"": 7.0, ""ValorUnitario"": 9.41, ""ValorFrete"": 0.0, ""DescontoUnitario"": 0.0, ""ValorTotal"": 65.87, ""PesoKG"": 0.0, ""Comprimento"": 0.0, ""Altura"": 0.0, ""Largura"": 0.0, ""FreteGratis"": false, ""ValorUnitarioFrete"": 1.0, ""PrazoEntregaFrete"": 0, ""ComissaoVendedor"": 0.0, ""Seguro"": 0.0, ""Composicoes"": [], ""Atributos"": null, ""ProductGroupId"": 1, ""Categoria"": ""COM AÇUCAR"", ""CategoriaID"": ""6344371e5b452fbeceeea9ec""}, {""Codigo"": ""0224"", ""Unidade"": ""UN"", ""Descricao"": ""0224 - SUCO DE LARANJA 2L - COM AÇUCAR"", ""Quantidade"": 8.0, ""ValorUnitario"": 18.5, ""ValorFrete"": 0.0, ""DescontoUnitario"": 0.0, ""ValorTotal"": 148.0, ""PesoKG"": 0.0, ""Comprimento"": 0.0, ""Altura"": 0.0, ""Largura"": 0.0, ""FreteGratis"": false, ""ValorUnitarioFrete"": 1.0, ""PrazoEntregaFrete"": 0, ""ComissaoVendedor"": 0.0, ""Seguro"": 0.0, ""Composicoes"": [], ""Atributos"": null, ""ProductGroupId"": 1, ""Categoria"": ""COM AÇUCAR"", ""CategoriaID"": ""6344371e5b452fbeceeea9ec""}, {""Codigo"": ""0209"", ""Unidade"": ""UN"", ""Descricao"": ""0209 - SUCO DE LARANJA 1L - COM AÇUCAR"", ""Quantidade"": 10.0, ""ValorUnitario"": 10.0, ""ValorFrete"": 0.0, ""DescontoUnitario"": 0.0, ""ValorTotal"": 100.0, ""PesoKG"": 0.0, ""Comprimento"": 0.0, ""Altura"": 0.0, ""Largura"": 0.0, ""FreteGratis"": false, ""ValorUnitarioFrete"": 1.0, ""PrazoEntregaFrete"": 0, ""ComissaoVendedor"": 0.0, ""Seguro"": 0.0, ""Composicoes"": [], ""Atributos"": null, ""ProductGroupId"": 1, ""Categoria"": ""COM AÇUCAR"", ""CategoriaID"": ""6344371e5b452fbeceeea9ec""}, {""Codigo"": ""0205"", ""Unidade"": ""UN"", ""Descricao"": ""0205 - SUCO DE CAJU 1L - COM AÇUCAR"", ""Quantidade"": 10.0, ""ValorUnitario"": 11.63, ""ValorFrete"": 0.0, ""DescontoUnitario"": 0.0, ""ValorTotal"": 116.3, ""PesoKG"": 0.0, ""Comprimento"": 0.0, ""Altura"": 0.0, ""Largura"": 0.0, ""FreteGratis"": false, ""ValorUnitarioFrete"": 1.0, ""PrazoEntregaFrete"": 0, ""ComissaoVendedor"": 0.0, ""Seguro"": 0.0, ""Composicoes"": [], ""Atributos"": null, ""ProductGroupId"": 1, ""Categoria"": ""COM AÇUCAR"", ""CategoriaID"": ""6344371e5b452fbeceeea9ec""}, {""Codigo"": ""0218"", ""Unidade"": ""UN"", ""Descricao"": ""0218 - SUCO DE CAJA 2L - COM AÇUCAR"", ""Quantidade"": 5.0, ""ValorUnitario"": 21.5, ""ValorFrete"": 0.0, ""DescontoUnitario"": 0.0, ""ValorTotal"": 107.5, ""PesoKG"": 0.0, ""Comprimento"": 0.0, ""Altura"": 0.0, ""Largura"": 0.0, ""FreteGratis"": false, ""ValorUnitarioFrete"": 1.0, ""PrazoEntregaFrete"": 0, ""ComissaoVendedor"": 0.0, ""Seguro"": 0.0, ""Composicoes"": [], ""Atributos"": null, ""ProductGroupId"": 1, ""Categoria"": ""COM AÇUCAR"", ""CategoriaID"": ""6344371e5b452fbeceeea9ec""}, {""Codigo"": ""0206"", ""Unidade"": ""UN"", ""Descricao"": ""0206 - SUCO DE CUPUAÇU 1L - COM AÇUCAR"", ""Quantidade"": 2.0, ""ValorUnitario"": 9.5, ""ValorFrete"": 0.0, ""DescontoUnitario"": 0.0, ""ValorTotal"": 19.0, ""PesoKG"": 0.0, ""Comprimento"": 0.0, ""Altura"": 0.0, ""Largura"": 0.0, ""FreteGratis"": false, ""ValorUnitarioFrete"": 1.0, ""PrazoEntregaFrete"": 0, ""ComissaoVendedor"": 0.0, ""Seguro"": 0.0, ""Composicoes"": [], ""Atributos"": null, ""ProductGroupId"": 1, ""Categoria"": ""COM AÇUCAR"", ""CategoriaID"": ""6344371e5b452fbeceeea9ec""}, {""Codigo"": ""0212"", ""Unidade"": ""UN"", ""Descricao"": ""0212 - SUCO DE MORANGOLA 1L - COM AÇUCAR"", ""Quantidade"": 3.0, ""ValorUnitario"": 13.5, ""ValorFrete"": 0.0, ""DescontoUnitario"": 0.0, ""ValorTotal"": 40.5, ""PesoKG"": 0.0, ""Comprimento"": 0.0, ""Altura"": 0.0, ""Largura"": 0.0, ""FreteGratis"": false, ""ValorUnitarioFrete"": 1.0, ""PrazoEntregaFrete"": 0, ""ComissaoVendedor"": 0.0, ""Seguro"": 0.0, ""Composicoes"": [], ""Atributos"": null, ""ProductGroupId"": 1, ""Categoria"": ""COM AÇUCAR"", ""CategoriaID"": ""6344371e5b452fbeceeea9ec""}, {""Codigo"": ""0225"", ""Unidade"": ""UN"", ""Descricao"": ""0225 - SUCO DE MARACUJA 2L - COM AÇUCAR"", ""Quantidade"": 5.0, ""ValorUnitario"": 23.01, ""ValorFrete"": 0.0, ""DescontoUnitario"": 0.0, ""ValorTotal"": 115.05, ""PesoKG"": 0.0, ""Comprimento"": 0.0, ""Altura"": 0.0, ""Largura"": 0.0, ""FreteGratis"": false, ""ValorUnitarioFrete"": 1.0, ""PrazoEntregaFrete"": 0, ""ComissaoVendedor"": 0.0, ""Seguro"": 0.0, ""Composicoes"": [], ""Atributos"": null, ""ProductGroupId"": 1, ""Categoria"": ""COM AÇUCAR"", ""CategoriaID"": ""6344371e5b452fbeceeea9ec""}, {""Codigo"": ""0226"", ""Unidade"": ""UN"", ""Descricao"": ""0226 - SUCO DE TAMARINDO 2L - COM AÇUCAR"", ""Quantidade"": 2.0, ""ValorUnitario"": 16.79, ""ValorFrete"": 0.0, ""DescontoUnitario"": 0.0, ""ValorTotal"": 33.58, ""PesoKG"": 0.0, ""Comprimento"": 0.0, ""Altura"": 0.0, ""Largura"": 0.0, ""FreteGratis"": false, ""ValorUnitarioFrete"": 1.0, ""PrazoEntregaFrete"": 0, ""ComissaoVendedor"": 0.0, ""Seguro"": 0.0, ""Composicoes"": [], ""Atributos"": null, ""ProductGroupId"": 1, ""Categoria"": ""COM AÇUCAR"", ""CategoriaID"": ""6344371e5b452fbeceeea9ec""}, {""Codigo"": ""0220"", ""Unidade"": ""UN"", ""Descricao"": ""0220 - SUCO DE CUPUAÇU 2L - COM AÇUCAR"", ""Quantidade"": 2.0, ""ValorUnitario"": 17.5, ""ValorFrete"": 0.0, ""DescontoUnitario"": 0.0, ""ValorTotal"": 35.0, ""PesoKG"": 0.0, ""Comprimento"": 0.0, ""Altura"": 0.0, ""Largura"": 0.0, ""FreteGratis"": false, ""ValorUnitarioFrete"": 1.0, ""PrazoEntregaFrete"": 0, ""ComissaoVendedor"": 0.0, ""Seguro"": 0.0, ""Composicoes"": [], ""Atributos"": null, ""ProductGroupId"": 1, ""Categoria"": ""COM AÇUCAR"", ""CategoriaID"": ""6344371e5b452fbeceeea9ec""}]";;2026-09-01T09:45:00-03:00;"[{""FormaPagamento"": ""Dinheiro"", ""DescricaoPagamento"": null, ""ValorPagamento"": 999.18, ""BandeiraCartao"": null, ""NumeroTerminal"": null, ""DataTransacao"": ""2026-09-03T03:00:00Z"", ""CredenciadoraCartao"": null, ""CredenciadoraCNPJ"": null, ""CV_NSU"": null, ""TipoIntegracao"": null, ""CondicaoPagamento"": 0, ""Parcelas"": 0, ""PeriodoParcelas"": 0, ""Adiantamento"": 0.0, ""Quitar"": null}]";;0.0;;2026-09-01T10:12:41.268-03:00;;;;;;2026-09-01T10:12:32.383-03:00;GRUPO_BARRA;GRUPO_BARRA_CASA DE SUCO - BARRA DO CORDA_6a96c9966927cd35387eb819
6a9577f2fa3edf468803e424;;99683180;Venda Direta;65f1ef07ee68912546e82f33;TAB FOOD BDC;65f1f089ee68912546e835a7;ESTOQUE FABRICA BDC;Pedido Faturado;;;2026-08-31T00:00:00-03:00;CASA DE SUCO - BARRA DO CORDA;65f1eea0050d165884add5cc;66db502e485ef4424a1e3047;RECANTO DA PIZZA;66db502e485ef4424a1e3047;15721492000181;;Venda ext bdc;b37b3592-9adf-4620-adb5-63db41695826;VENDAS B2B;PIX;635ae864cd43d34b928b24c4;0;0;;PAC;2026-08-31T09:47:00-03:00;0001-01-01T00:00:00-02:00;0001-01-01T00:00:00-02:00;False;0.0;False;;False;0.0;;0.0;;59.0;True;True;Barra do Corda;2101608;Brasil;65950000;MA;21;SITIO DOS INGLESES;AV. JK;1100;;"[{""Id"": 1, ""Nome"": ""Grupo de Produtos Padrão - 01""}]";"[{""Codigo"": ""0252"", ""Unidade"": ""UN"", ""Descricao"": ""0252 - SUCO DE MARACUJA 5L - COM AÇUCAR"", ""Quantidade"": 1.0, ""ValorUnitario"": 59.0, ""ValorFrete"": 0.0, ""DescontoUnitario"": 0.0, ""ValorTotal"": 59.0, ""PesoKG"": 0.0, ""Comprimento"": 0.0, ""Altura"": 0.0, ""Largura"": 0.0, ""FreteGratis"": false, ""ValorUnitarioFrete"": 1.0, ""PrazoEntregaFrete"": 0, ""ComissaoVendedor"": 0.0, ""Seguro"": 0.0, ""Composicoes"": [], ""Atributos"": null, ""ProductGroupId"": 1, ""Categoria"": ""COM AÇUCAR"", ""CategoriaID"": ""6344371e5b452fbeceeea9ec""}]";;2026-08-31T09:47:00-03:00;"[{""FormaPagamento"": ""PIX"", ""DescricaoPagamento"": null, ""ValorPagamento"": 59.0, ""BandeiraCartao"": null, ""NumeroTerminal"": null, ""DataTransacao"": ""2026-09-02T03:00:00Z"", ""CredenciadoraCartao"": null, ""CredenciadoraCNPJ"": null, ""CV_NSU"": null, ""TipoIntegracao"": null, ""CondicaoPagamento"": 0, ""Parcelas"": 0, ""PeriodoParcelas"": 0, ""Adiantamento"": 0.0, ""Quitar"": null}]";;0.0;;2026-09-01T10:13:39.483-03:00;;;;;;2026-09-01T10:13:10.427-03:00;GRUPO_BARRA;GRUPO_BARRA_CASA DE SUCO - BARRA DO CORDA_6a9577f2fa3edf468803e424
6a957a0b5d59cc884ef22f7a;;99683187;Venda Direta;65f1ef07ee68912546e82f33;TAB FABRICA BDC;6a1f7bb23749dddeca12f537;ESTOQUE FABRICA BDC;Pedido Faturado;;Pedido;2026-08-31T00:00:00-03:00;CASA DE SUCO - BARRA DO CORDA;65f1eea0050d165884add5cc;68a768b3f83ed7f12cc97d1c;CSM ALTAMIRA;68a768b3f83ed7f12cc97d1c;28004938000280;;Venda ext bdc;b37b3592-9adf-4620-adb5-63db41695826;VENDAS B2B;Dinheiro;5b648d1c3498afae6d5bfd89;0;0;;PAC;2026-08-31T09:53:00-03:00;0001-01-01T00:00:00-02:00;0001-01-01T00:00:00-02:00;False;20.0;True;;False;0.0;;0.0;;984.8;True;True;Barra do Corda;2101608;Brasil;65950000;MA;21;ALTAMIRA;RUA CORINA MARTINS;S/N;;"[{""Id"": 1, ""Nome"": ""Grupo de Produtos Padrão - 01""}]";"[{""Codigo"": ""0205"", ""Unidade"": ""UN"", ""Descricao"": ""0205 - SUCO DE CAJU 1L - COM AÇUCAR"", ""Quantidade"": 6.0, ""ValorUnitario"": 11.63, ""ValorFrete"": 1.45, ""DescontoUnitario"": 0.0, ""ValorTotal"": 69.78, ""PesoKG"": 0.0, ""Comprimento"": 0.0, ""Altura"": 0.0, ""Largura"": 0.0, ""FreteGratis"": false, ""ValorUnitarioFrete"": 6.0, ""PrazoEntregaFrete"": 0, ""ComissaoVendedor"": 0.0, ""Seguro"": 0.0, ""Composicoes"": [], ""Atributos"": null, ""ProductGroupId"": 1, ""Categoria"": ""COM AÇUCAR"", ""CategoriaID"": ""6344371e5b452fbeceeea9ec""}, {""Codigo"": ""0233"", ""Unidade"": ""UN"", ""Descricao"": ""0233 - SUCO DE GOIABA 300ML - COM AÇUCAR"", ""Quantidade"": 6.0, ""ValorUnitario"": 3.12, ""ValorFrete"": 0.39, ""DescontoUnitario"": 0.0, ""ValorTotal"": 18.72, ""PesoKG"": 0.0, ""Comprimento"": 0.0, ""Altura"": 0.0, ""Largura"": 0.0, ""FreteGratis"": false, ""ValorUnitarioFrete"": 6.0, ""PrazoEntregaFrete"": 0, ""ComissaoVendedor"": 0.0, ""Seguro"": 0.0, ""Composicoes"": [], ""Atributos"": null, ""ProductGroupId"": 1, ""Categoria"": ""COM AÇUCAR"", ""CategoriaID"": ""6344371e5b452fbeceeea9ec""}, {""Codigo"": ""0237"", ""Unidade"": ""UN"", ""Descricao"": ""0237 - SUCO DE MARACUJA 300ML - COM AÇUCAR"", ""Quantidade"": 6.0, ""ValorUnitario"": 5.13, ""ValorFrete"": 0.64, ""DescontoUnitario"": 0.0, ""ValorTotal"": 30.78, ""PesoKG"": 0.0, ""Comprimento"": 0.0, ""Altura"": 0.0, ""Largura"": 0.0, ""FreteGratis"": false, ""ValorUnitarioFrete"": 6.0, ""PrazoEntregaFrete"": 0, ""ComissaoVendedor"": 0.0, ""Seguro"": 0.0, ""Composicoes"": [], ""Atributos"": null, ""ProductGroupId"": 1, ""Categoria"": ""COM AÇUCAR"", ""CategoriaID"": ""6344371e5b452fbeceeea9ec""}, {""Codigo"": ""0213"", ""Unidade"": ""UN"", ""Descricao"": ""0213 - SUCO DE TAMARINDO 1L - COM AÇUCAR"", ""Quantidade"": 2.0, ""ValorUnitario"": 9.13, ""ValorFrete"": 0.38, ""DescontoUnitario"": 0.0, ""ValorTotal"": 18.26, ""PesoKG"": 0.0, ""Comprimento"": 0.0, ""Altura"": 0.0, ""Largura"": 0.0, ""FreteGratis"": false, ""ValorUnitarioFrete"": 2.0, ""PrazoEntregaFrete"": 0, ""ComissaoVendedor"": 0.0, ""Seguro"": 0.0, ""Composicoes"": [], ""Atributos"": null, ""ProductGroupId"": 1, ""Categoria"": ""COM AÇUCAR"", ""CategoriaID"": ""6344371e5b452fbeceeea9ec""}, {""Codigo"": ""0236"", ""Unidade"": ""UN"", ""Descricao"": ""0236 - SUCO DE LARANJA 300ML - COM AÇUCAR"", ""Quantidade"": 6.0, ""ValorUnitario"": 3.5, ""ValorFrete"": 0.44, ""DescontoUnitario"": 0.0, ""ValorTotal"": 21.0, ""PesoKG"": 0.0, ""Comprimento"": 0.0, ""Altura"": 0.0, ""Largura"": 0.0, ""FreteGratis"": false, ""ValorUnitarioFrete"": 6.0, ""PrazoEntregaFrete"": 0, ""ComissaoVendedor"": 0.0, ""Seguro"": 0.0, ""Composicoes"": [], ""Atributos"": null, ""ProductGroupId"": 1, ""Categoria"": ""COM AÇUCAR"", ""CategoriaID"": ""6344371e5b452fbeceeea9ec""}, {""Codigo"": ""0266"", ""Unidade"": ""UN"", ""Descricao"": ""0266 - AGUA DE COCO 1L"", ""Quantidade"": 3.0, ""ValorUnitario"": 15.0, ""ValorFrete"": 0.93, ""DescontoUnitario"": 0.0, ""ValorTotal"": 45.0, ""PesoKG"": 0.0, ""Comprimento"": 0.0, ""Altura"": 0.0, ""Largura"": 0.0, ""FreteGratis"": false, ""ValorUnitarioFrete"": 3.0, ""PrazoEntregaFrete"": 0, ""ComissaoVendedor"": 0.0, ""Seguro"": 0.0, ""Composicoes"": [], ""Atributos"": null, ""ProductGroupId"": 1, ""Categoria"": ""AGUA DE COCO"", ""CategoriaID"": ""6525b95b06440aa67624c98c""}, {""Codigo"": ""0204"", ""Unidade"": ""UN"", ""Descricao"": ""0204 - SUCO DE CAJA 1L - COM AÇUCAR"", ""Quantidade"": 3.0, ""ValorUnitario"": 11.25, ""ValorFrete"": 0.7, ""DescontoUnitario"": 0.0, ""ValorTotal"": 33.75, ""PesoKG"": 0.0, ""Comprimento"": 0.0, ""Altura"": 0.0, ""Largura"": 0.0, ""FreteGratis"": false, ""ValorUnitarioFrete"": 3.0, ""PrazoEntregaFrete"": 0, ""ComissaoVendedor"": 0.0, ""Seguro"": 0.0, ""Composicoes"": [], ""Atributos"": null, ""ProductGroupId"": 1, ""Categoria"": ""COM AÇUCAR"", ""CategoriaID"": ""6344371e5b452fbeceeea9ec""}, {""Codigo"": ""0234"", ""Unidade"": ""UN"", ""Descricao"": ""0234 - SUCO DE CUPUAÇU 300ML - COM AÇUCAR"", ""Quantidade"": 3.0, ""ValorUnitario"": 3.6, ""ValorFrete"": 0.22, ""DescontoUnitario"": 0.0, ""ValorTotal"": 10.8, ""PesoKG"": 0.0, ""Comprimento"": 0.0, ""Altura"": 0.0, ""Largura"": 0.0, ""FreteGratis"": false, ""ValorUnitarioFrete"": 3.0, ""PrazoEntregaFrete"": 0, ""ComissaoVendedor"": 0.0, ""Seguro"": 0.0, ""Composicoes"": [], ""Atributos"": null, ""ProductGroupId"": 1, ""Categoria"": ""COM AÇUCAR"", ""CategoriaID"": ""6344371e5b452fbeceeea9ec""}, {""Codigo"": ""0231"", ""Unidade"": ""UN"", ""Descricao"": ""0231 - SUCO DE CAJA 300ML - COM AÇUCAR"", ""Quantidade"": 3.0, ""ValorUnitario"": 4.55, ""ValorFrete"": 0.28, ""DescontoUnitario"": 0.0, ""ValorTotal"": 13.65, ""PesoKG"": 0.0, ""Comprimento"": 0.0, ""Altura"": 0.0, ""Largura"": 0.0, ""FreteGratis"": false, ""ValorUnitarioFrete"": 3.0, ""PrazoEntregaFrete"": 0, ""ComissaoVendedor"": 0.0, ""Seguro"": 0.0, ""Composicoes"": [], ""Atributos"": null, ""ProductGroupId"": 1, ""Categoria"": ""COM AÇUCAR"", ""CategoriaID"": ""6344371e5b452fbeceeea9ec""}, {""Codigo"": ""123213633322730"", ""Unidade"": """", ""Descricao"": ""123213633322730 - ENERGY MIX 1 ML"", ""Quantidade"": 1.0, ""ValorUnitario"": 12.5, ""ValorFrete"": 0.26, ""DescontoUnitario"": 0.0, ""ValorTotal"": 12.5, ""PesoKG"": 0.0, ""Comprimento"": 0.0, ""Altura"": 0.0, ""Largura"": 0.0, ""FreteGratis"": false, ""ValorUnitarioFrete"": 1.0, ""PrazoEntregaFrete"": 0, ""ComissaoVendedor"": 0.0, ""Seguro"": 0.0, ""Composicoes"": [], ""Atributos"": null, ""ProductGroupId"": 1, ""Categoria"": """", ""CategoriaID"": """"}, {""Codigo"": ""0209"", ""Unidade"": ""UN"", ""Descricao"": ""0209 - SUCO DE LARANJA 1L - COM AÇUCAR"", ""Quantidade"": 7.0, ""ValorUnitario"": 10.0, ""ValorFrete"": 1.45, ""DescontoUnitario"": 0.0, ""ValorTotal"": 70.0, ""PesoKG"": 0.0, ""Comprimento"": 0.0, ""Altura"": 0.0, ""Largura"": 0.0, ""FreteGratis"": false, ""ValorUnitarioFrete"": 7.0, ""PrazoEntregaFrete"": 0, ""ComissaoVendedor"": 0.0, ""Seguro"": 0.0, ""Composicoes"": [], ""Atributos"": null, ""ProductGroupId"": 1, ""Categoria"": ""COM AÇUCAR"", ""CategoriaID"": ""6344371e5b452fbeceeea9ec""}, {""Codigo"": ""0222"", ""Unidade"": ""UN"", ""Descricao"": ""0222 - SUCO DE GOIABA 2L - COM AÇUCAR"", ""Quantidade"": 4.0, ""ValorUnitario"": 16.84, ""ValorFrete"": 1.4, ""DescontoUnitario"": 0.0, ""ValorTotal"": 67.36, ""PesoKG"": 0.0, ""Comprimento"": 0.0, ""Altura"": 0.0, ""Largura"": 0.0, ""FreteGratis"": false, ""ValorUnitarioFrete"": 4.0, ""PrazoEntregaFrete"": 0, ""ComissaoVendedor"": 0.0, ""Seguro"": 0.0, ""Composicoes"": [], ""Atributos"": null, ""ProductGroupId"": 1, ""Categoria"": ""COM AÇUCAR"", ""CategoriaID"": ""6344371e5b452fbeceeea9ec""}, {""Codigo"": ""0211"", ""Unidade"": ""UN"", ""Descricao"": ""0211 - SUCO DE MARACUJA 1L - COM AÇUCAR"", ""Quantidade"": 3.0, ""ValorUnitario"": 12.12, ""ValorFrete"": 0.75, ""DescontoUnitario"": 0.0, ""ValorTotal"": 36.36, ""PesoKG"": 0.0, ""Comprimento"": 0.0, ""Altura"": 0.0, ""Largura"": 0.0, ""FreteGratis"": false, ""ValorUnitarioFrete"": 3.0, ""PrazoEntregaFrete"": 0, ""ComissaoVendedor"": 0.0, ""Seguro"": 0.0, ""Composicoes"": [], ""Atributos"": null, ""ProductGroupId"": 1, ""Categoria"": ""COM AÇUCAR"", ""CategoriaID"": ""6344371e5b452fbeceeea9ec""}, {""Codigo"": ""0309"", ""Unidade"": ""UN"", ""Descricao"": ""0309 - SUCO DE LARANJA 1L - SEM AÇUCAR"", ""Quantidade"": 3.0, ""ValorUnitario"": 10.0, ""ValorFrete"": 0.62, ""DescontoUnitario"": 0.0, ""ValorTotal"": 30.0, ""PesoKG"": 0.0, ""Comprimento"": 0.0, ""Altura"": 0.0, ""Largura"": 0.0, ""FreteGratis"": false, ""ValorUnitarioFrete"": 3.0, ""PrazoEntregaFrete"": 0, ""ComissaoVendedor"": 0.0, ""Seguro"": 0.0, ""Composicoes"": [], ""Atributos"": null, ""ProductGroupId"": 1, ""Categoria"": ""SEM AÇUCAR"", ""CategoriaID"": ""6525b5fade6325a32c55386b""}, {""Codigo"": ""0251"", ""Unidade"": ""UN"", ""Descricao"": ""0251 - SUCO DE LARANJA 5L - COM AÇUCAR"", ""Quantidade"": 1.0, ""ValorUnitario"": 45.5, ""ValorFrete"": 0.94, ""DescontoUnitario"": 0.0, ""ValorTotal"": 45.5, ""PesoKG"": 0.0, ""Comprimento"": 0.0, ""Altura"": 0.0, ""Largura"": 0.0, ""FreteGratis"": false, ""ValorUnitarioFrete"": 1.0, ""PrazoEntregaFrete"": 0, ""ComissaoVendedor"": 0.0, ""Seguro"": 0.0, ""Composicoes"": [], ""Atributos"": null, ""ProductGroupId"": 1, ""Categoria"": ""COM AÇUCAR"", ""CategoriaID"": ""6344371e5b452fbeceeea9ec""}, {""Codigo"": ""0219"", ""Unidade"": ""UN"", ""Descricao"": ""0219 - SUCO DE CAJU 2L - COM AÇUCAR"", ""Quantidade"": 6.0, ""ValorUnitario"": 19.29, ""ValorFrete"": 2.4, ""DescontoUnitario"": 0.0, ""ValorTotal"": 115.74, ""PesoKG"": 0.0, ""Comprimento"": 0.0, ""Altura"": 0.0, ""Largura"": 0.0, ""FreteGratis"": false, ""ValorUnitarioFrete"": 6.0, ""PrazoEntregaFrete"": 0, ""ComissaoVendedor"": 0.0, ""Seguro"": 0.0, ""Composicoes"": [], ""Atributos"": null, ""ProductGroupId"": 1, ""Categoria"": ""COM AÇUCAR"", ""CategoriaID"": ""6344371e5b452fbeceeea9ec""}, {""Codigo"": ""0224"", ""Unidade"": ""UN"", ""Descricao"": ""0224 - SUCO DE LARANJA 2L - COM AÇUCAR"", ""Quantidade"": 7.0, ""ValorUnitario"": 18.5, ""ValorFrete"": 2.68, ""DescontoUnitario"": 0.0, ""ValorTotal"": 129.5, ""PesoKG"": 0.0, ""Comprimento"": 0.0, ""Altura"": 0.0, ""Largura"": 0.0, ""FreteGratis"": false, ""ValorUnitarioFrete"": 7.0, ""PrazoEntregaFrete"": 0, ""ComissaoVendedor"": 0.0, ""Seguro"": 0.0, ""Composicoes"": [], ""Atributos"": null, ""ProductGroupId"": 1, ""Categoria"": ""COM AÇUCAR"", ""CategoriaID"": ""6344371e5b452fbeceeea9ec""}, {""Codigo"": ""0207"", ""Unidade"": ""UN"", ""Descricao"": ""0207 - SUCO DE GOIABA 1L - COM AÇUCAR"", ""Quantidade"": 4.0, ""ValorUnitario"": 9.41, ""ValorFrete"": 0.78, ""DescontoUnitario"": 0.0, ""ValorTotal"": 37.64, ""PesoKG"": 0.0, ""Comprimento"": 0.0, ""Altura"": 0.0, ""Largura"": 0.0, ""FreteGratis"": false, ""ValorUnitarioFrete"": 4.0, ""PrazoEntregaFrete"": 0, ""ComissaoVendedor"": 0.0, ""Seguro"": 0.0, ""Composicoes"": [], ""Atributos"": null, ""ProductGroupId"": 1, ""Categoria"": ""COM AÇUCAR"", ""CategoriaID"": ""6344371e5b452fbeceeea9ec""}, {""Codigo"": ""0239"", ""Unidade"": ""UN"", ""Descricao"": ""0239 - SUCO DE TAMARINDO 300ML - COM AÇUCAR"", ""Quantidade"": 3.0, ""ValorUnitario"": 3.05, ""ValorFrete"": 0.19, ""DescontoUnitario"": 0.0, ""ValorTotal"": 9.15, ""PesoKG"": 0.0, ""Comprimento"": 0.0, ""Altura"": 0.0, ""Largura"": 0.0, ""FreteGratis"": false, ""ValorUnitarioFrete"": 3.0, ""PrazoEntregaFrete"": 0, ""ComissaoVendedor"": 0.0, ""Seguro"": 0.0, ""Composicoes"": [], ""Atributos"": null, ""ProductGroupId"": 1, ""Categoria"": ""COM AÇUCAR"", ""CategoriaID"": ""6344371e5b452fbeceeea9ec""}, {""Codigo"": ""0324"", ""Unidade"": ""UN"", ""Descricao"": ""0324 - SUCO DE LARANJA 2L - SEM AÇUCAR"", ""Quantidade"": 3.0, ""ValorUnitario"": 18.5, ""ValorFrete"": 1.15, ""DescontoUnitario"": 0.0, ""ValorTotal"": 55.5, ""PesoKG"": 0.0, ""Comprimento"": 0.0, ""Altura"": 0.0, ""Largura"": 0.0, ""FreteGratis"": false, ""ValorUnitarioFrete"": 3.0, ""PrazoEntregaFrete"": 0, ""ComissaoVendedor"": 0.0, ""Seguro"": 0.0, ""Composicoes"": [], ""Atributos"": null, ""ProductGroupId"": 1, ""Categoria"": ""SEM AÇUCAR"", ""CategoriaID"": ""6525b5fade6325a32c55386b""}, {""Codigo"": ""0249"", ""Unidade"": ""UN"", ""Descricao"": ""0249 - SUCO DE GOIABA 5L - COM AÇUCAR"", ""Quantidade"": 2.0, ""ValorUnitario"": 40.08, ""ValorFrete"": 1.67, ""DescontoUnitario"": 0.0, ""ValorTotal"": 80.16, ""PesoKG"": 0.0, ""Comprimento"": 0.0, ""Altura"": 0.0, ""Largura"": 0.0, ""FreteGratis"": false, ""ValorUnitarioFrete"": 2.0, ""PrazoEntregaFrete"": 0, ""ComissaoVendedor"": 0.0, ""Seguro"": 0.0, ""Composicoes"": [], ""Atributos"": null, ""ProductGroupId"": 1, ""Categoria"": ""COM AÇUCAR"", ""CategoriaID"": ""6344371e5b452fbeceeea9ec""}, {""Codigo"": ""0232"", ""Unidade"": ""UN"", ""Descricao"": ""0232 - SUCO DE CAJU 300ML - COM AÇUCAR"", ""Quantidade"": 3.0, ""ValorUnitario"": 4.55, ""ValorFrete"": 0.28, ""DescontoUnitario"": 0.0, ""ValorTotal"": 13.65, ""PesoKG"": 0.0, ""Comprimento"": 0.0, ""Altura"": 0.0, ""Largura"": 0.0, ""FreteGratis"": false, ""ValorUnitarioFrete"": 3.0, ""PrazoEntregaFrete"": 0, ""ComissaoVendedor"": 0.0, ""Seguro"": 0.0, ""Composicoes"": [], ""Atributos"": null, ""ProductGroupId"": 1, ""Categoria"": ""COM AÇUCAR"", ""CategoriaID"": ""6344371e5b452fbeceeea9ec""}]";;2026-08-31T09:53:00-03:00;"[{""FormaPagamento"": ""Dinheiro"", ""DescricaoPagamento"": null, ""ValorPagamento"": 984.8, ""BandeiraCartao"": null, ""NumeroTerminal"": null, ""DataTransacao"": ""2026-09-02T03:00:00Z"", ""CredenciadoraCartao"": null, ""CredenciadoraCNPJ"": null, ""CV_NSU"": null, ""TipoIntegracao"": null, ""CondicaoPagamento"": 0, ""Parcelas"": 0, ""PeriodoParcelas"": 0, ""Adiantamento"": 0.0, ""Quitar"": null}]";;0.0;;2026-09-01T10:19:13.367-03:00;;;;;;2026-09-01T10:18:56.151-03:00;GRUPO_BARRA;GRUPO_BARRA_CASA DE SUCO - BARRA DO CORDA_6a957a0b5d59cc884ef22f7a
6a96b168e3407aa93511808a;;99683906;Venda Direta;65f1ef07ee68912546e82f33;TAB FABRICA BDC;6a1f7bb23749dddeca12f537;ESTOQUE FABRICA BDC;Pedido Faturado;;Pedido;2026-09-01T00:00:00-03:00;CASA DE SUCO - BARRA DO CORDA;65f1eea0050d165884add5cc;68a768b3f83ed7f12cc97d1c;CSM ALTAMIRA;68a768b3f83ed7f12cc97d1c;28004938000280;;Venda ext bdc;b37b3592-9adf-4620-adb5-63db41695826;VENDAS B2B;Dinheiro;5b648d1c3498afae6d5bfd89;0;0;;PAC;2026-09-01T07:59:00-03:00;0001-01-01T00:00:00-02:00;0001-01-01T00:00:00-02:00;False;20.0;True;;False;0.0;;0.0;;452.11;True;True;Barra do Corda;2101608;Brasil;65950000;MA;21;ALTAMIRA;RUA CORINA MARTINS;S/N;;"[{""Id"": 1, ""Nome"": ""Grupo de Produtos Padrão - 01""}]";"[{""Codigo"": ""0233"", ""Unidade"": ""UN"", ""Descricao"": ""0233 - SUCO DE GOIABA 300ML - COM AÇUCAR"", ""Quantidade"": 5.0, ""ValorUnitario"": 3.12, ""ValorFrete"": 0.72, ""DescontoUnitario"": 0.0, ""ValorTotal"": 15.6, ""PesoKG"": 0.0, ""Comprimento"": 0.0, ""Altura"": 0.0, ""Largura"": 0.0, ""FreteGratis"": false, ""ValorUnitarioFrete"": 5.0, ""PrazoEntregaFrete"": 0, ""ComissaoVendedor"": 0.0, ""Seguro"": 0.0, ""Composicoes"": [], ""Atributos"": null, ""ProductGroupId"": 1, ""Categoria"": ""COM AÇUCAR"", ""CategoriaID"": ""6344371e5b452fbeceeea9ec""}, {""Codigo"": ""0206"", ""Unidade"": ""UN"", ""Descricao"": ""0206 - SUCO DE CUPUAÇU 1L - COM AÇUCAR"", ""Quantidade"": 2.0, ""ValorUnitario"": 9.5, ""ValorFrete"": 0.88, ""DescontoUnitario"": 0.0, ""ValorTotal"": 19.0, ""PesoKG"": 0.0, ""Comprimento"": 0.0, ""Altura"": 0.0, ""Largura"": 0.0, ""FreteGratis"": false, ""ValorUnitarioFrete"": 2.0, ""PrazoEntregaFrete"": 0, ""ComissaoVendedor"": 0.0, ""Seguro"": 0.0, ""Composicoes"": [], ""Atributos"": null, ""ProductGroupId"": 1, ""Categoria"": ""COM AÇUCAR"", ""CategoriaID"": ""6344371e5b452fbeceeea9ec""}, {""Codigo"": ""0265"", ""Unidade"": ""UN"", ""Descricao"": ""0265 - AGUA DE COCO 300ML"", ""Quantidade"": 6.0, ""ValorUnitario"": 5.0, ""ValorFrete"": 1.39, ""DescontoUnitario"": 0.0, ""ValorTotal"": 30.0, ""PesoKG"": 0.0, ""Comprimento"": 0.0, ""Altura"": 0.0, ""Largura"": 0.0, ""FreteGratis"": false, ""ValorUnitarioFrete"": 6.0, ""PrazoEntregaFrete"": 0, ""ComissaoVendedor"": 0.0, ""Seguro"": 0.0, ""Composicoes"": [], ""Atributos"": null, ""ProductGroupId"": 1, ""Categoria"": ""AGUA DE COCO"", ""CategoriaID"": ""6525b95b06440aa67624c98c""}, {""Codigo"": ""0222"", ""Unidade"": ""UN"", ""Descricao"": ""0222 - SUCO DE GOIABA 2L - COM AÇUCAR"", ""Quantidade"": 6.0, ""ValorUnitario"": 16.84, ""ValorFrete"": 4.68, ""DescontoUnitario"": 0.0, ""ValorTotal"": 101.04, ""PesoKG"": 0.0, ""Comprimento"": 0.0, ""Altura"": 0.0, ""Largura"": 0.0, ""FreteGratis"": false, ""ValorUnitarioFrete"": 6.0, ""PrazoEntregaFrete"": 0, ""ComissaoVendedor"": 0.0, ""Seguro"": 0.0, ""Composicoes"": [], ""Atributos"": null, ""ProductGroupId"": 1, ""Categoria"": ""COM AÇUCAR"", ""CategoriaID"": ""6344371e5b452fbeceeea9ec""}, {""Codigo"": ""0223"", ""Unidade"": ""UN"", ""Descricao"": ""0223 - SUCO DE GRAVIOLA 2L - COM AÇUCAR"", ""Quantidade"": 1.0, ""ValorUnitario"": 23.5, ""ValorFrete"": 1.09, ""DescontoUnitario"": 0.0, ""ValorTotal"": 23.5, ""PesoKG"": 0.0, ""Comprimento"": 0.0, ""Altura"": 0.0, ""Largura"": 0.0, ""FreteGratis"": false, ""ValorUnitarioFrete"": 1.0, ""PrazoEntregaFrete"": 0, ""ComissaoVendedor"": 0.0, ""Seguro"": 0.0, ""Composicoes"": [], ""Atributos"": null, ""ProductGroupId"": 1, ""Categoria"": """", ""CategoriaID"": """"}, {""Codigo"": ""0311"", ""Unidade"": ""UN"", ""Descricao"": ""0311 - SUCO DE MARACUJA 1L - SEM AÇUCAR"", ""Quantidade"": 2.0, ""ValorUnitario"": 12.12, ""ValorFrete"": 1.12, ""DescontoUnitario"": 0.0, ""ValorTotal"": 24.24, ""PesoKG"": 0.0, ""Comprimento"": 0.0, ""Altura"": 0.0, ""Largura"": 0.0, ""FreteGratis"": false, ""ValorUnitarioFrete"": 2.0, ""PrazoEntregaFrete"": 0, ""ComissaoVendedor"": 0.0, ""Seguro"": 0.0, ""Composicoes"": [], ""Atributos"": null, ""ProductGroupId"": 1, ""Categoria"": ""SEM AÇUCAR"", ""CategoriaID"": ""6525b5fade6325a32c55386b""}, {""Codigo"": ""0207"", ""Unidade"": ""UN"", ""Descricao"": ""0207 - SUCO DE GOIABA 1L - COM AÇUCAR"", ""Quantidade"": 7.0, ""ValorUnitario"": 9.41, ""ValorFrete"": 3.05, ""DescontoUnitario"": 0.0, ""ValorTotal"": 65.87, ""PesoKG"": 0.0, ""Comprimento"": 0.0, ""Altura"": 0.0, ""Largura"": 0.0, ""FreteGratis"": false, ""ValorUnitarioFrete"": 7.0, ""PrazoEntregaFrete"": 0, ""ComissaoVendedor"": 0.0, ""Seguro"": 0.0, ""Composicoes"": [], ""Atributos"": null, ""ProductGroupId"": 1, ""Categoria"": ""COM AÇUCAR"", ""CategoriaID"": ""6344371e5b452fbeceeea9ec""}, {""Codigo"": ""0205"", ""Unidade"": ""UN"", ""Descricao"": ""0205 - SUCO DE CAJU 1L - COM AÇUCAR"", ""Quantidade"": 6.0, ""ValorUnitario"": 11.63, ""ValorFrete"": 3.23, ""DescontoUnitario"": 0.0, ""ValorTotal"": 69.78, ""PesoKG"": 0.0, ""Comprimento"": 0.0, ""Altura"": 0.0, ""Largura"": 0.0, ""FreteGratis"": false, ""ValorUnitarioFrete"": 6.0, ""PrazoEntregaFrete"": 0, ""ComissaoVendedor"": 0.0, ""Seguro"": 0.0, ""Composicoes"": [], ""Atributos"": null, ""ProductGroupId"": 1, ""Categoria"": ""COM AÇUCAR"", ""CategoriaID"": ""6344371e5b452fbeceeea9ec""}, {""Codigo"": ""0218"", ""Unidade"": ""UN"", ""Descricao"": ""0218 - SUCO DE CAJA 2L - COM AÇUCAR"", ""Quantidade"": 2.0, ""ValorUnitario"": 21.5, ""ValorFrete"": 1.99, ""DescontoUnitario"": 0.0, ""ValorTotal"": 43.0, ""PesoKG"": 0.0, ""Comprimento"": 0.0, ""Altura"": 0.0, ""Largura"": 0.0, ""FreteGratis"": false, ""ValorUnitarioFrete"": 2.0, ""PrazoEntregaFrete"": 0, ""ComissaoVendedor"": 0.0, ""Seguro"": 0.0, ""Composicoes"": [], ""Atributos"": null, ""ProductGroupId"": 1, ""Categoria"": ""COM AÇUCAR"", ""CategoriaID"": ""6344371e5b452fbeceeea9ec""}, {""Codigo"": ""0249"", ""Unidade"": ""UN"", ""Descricao"": ""0249 - SUCO DE GOIABA 5L - COM AÇUCAR"", ""Quantidade"": 1.0, ""ValorUnitario"": 40.08, ""ValorFrete"": 1.85, ""DescontoUnitario"": 0.0, ""ValorTotal"": 40.08, ""PesoKG"": 0.0, ""Comprimento"": 0.0, ""Altura"": 0.0, ""Largura"": 0.0, ""FreteGratis"": false, ""ValorUnitarioFrete"": 1.0, ""PrazoEntregaFrete"": 0, ""ComissaoVendedor"": 0.0, ""Seguro"": 0.0, ""Composicoes"": [], ""Atributos"": null, ""ProductGroupId"": 1, ""Categoria"": ""COM AÇUCAR"", ""CategoriaID"": ""6344371e5b452fbeceeea9ec""}]";;2026-09-01T07:59:00-03:00;"[{""FormaPagamento"": ""Dinheiro"", ""DescricaoPagamento"": null, ""ValorPagamento"": 452.11, ""BandeiraCartao"": null, ""NumeroTerminal"": null, ""DataTransacao"": ""2026-09-03T03:00:00Z"", ""CredenciadoraCartao"": null, ""CredenciadoraCNPJ"": null, ""CV_NSU"": null, ""TipoIntegracao"": null, ""CondicaoPagamento"": 0, ""Parcelas"": 0, ""PeriodoParcelas"": 0, ""Adiantamento"": 0.0, ""Quitar"": null}]";;0.0;;2026-09-01T10:19:55.404-03:00;;;;;;2026-09-01T10:19:43.81-03:00;GRUPO_BARRA;GRUPO_BARRA_CASA DE SUCO - BARRA DO CORDA_6a96b168e3407aa93511808a
6a955b6a1732adcfa18a5dfa;;99683109;Venda Direta;65f1ef07ee68912546e82f33;TAB FABRICA BDC;6a1f7bb23749dddeca12f537;ESTOQUE FABRICA BDC;Pedido Faturado;;Pedido;2026-08-31T00:00:00-03:00;CASA DE SUCO - BARRA DO CORDA;65f1eea0050d165884add5cc;68a768b3f83ed7f12cc97d1c;CSM ALTAMIRA;68a768b3f83ed7f12cc97d1c;28004938000280;;Venda ext bdc;b37b3592-9adf-4620-adb5-63db41695826;VENDAS B2B;Dinheiro;5b648d1c3498afae6d5bfd89;0;0;;PAC;2026-08-31T07:43:00-03:00;0001-01-01T00:00:00-02:00;0001-01-01T00:00:00-02:00;False;20.0;True;;False;0.0;PEDIDO DE DOMINGO.;0.0;;516.15;True;True;Barra do Corda;2101608;Brasil;65950000;MA;21;ALTAMIRA;RUA CORINA MARTINS;S/N;;"[{""Id"": 1, ""Nome"": ""Grupo de Produtos Padrão - 01""}]";"[{""Codigo"": ""0211"", ""Unidade"": ""UN"", ""Descricao"": ""0211 - SUCO DE MARACUJA 1L - COM AÇUCAR"", ""Quantidade"": 6.0, ""ValorUnitario"": 12.12, ""ValorFrete"": 2.93, ""DescontoUnitario"": 0.0, ""ValorTotal"": 72.72, ""PesoKG"": 0.0, ""Comprimento"": 0.0, ""Altura"": 0.0, ""Largura"": 0.0, ""FreteGratis"": false, ""ValorUnitarioFrete"": 6.0, ""PrazoEntregaFrete"": 0, ""ComissaoVendedor"": 0.0, ""Seguro"": 0.0, ""Composicoes"": [], ""Atributos"": null, ""ProductGroupId"": 1, ""Categoria"": ""COM AÇUCAR"", ""CategoriaID"": ""6344371e5b452fbeceeea9ec""}, {""Codigo"": ""0237"", ""Unidade"": ""UN"", ""Descricao"": ""0237 - SUCO DE MARACUJA 300ML - COM AÇUCAR"", ""Quantidade"": 4.0, ""ValorUnitario"": 5.13, ""ValorFrete"": 0.83, ""DescontoUnitario"": 0.0, ""ValorTotal"": 20.52, ""PesoKG"": 0.0, ""Comprimento"": 0.0, ""Altura"": 0.0, ""Largura"": 0.0, ""FreteGratis"": false, ""ValorUnitarioFrete"": 4.0, ""PrazoEntregaFrete"": 0, ""ComissaoVendedor"": 0.0, ""Seguro"": 0.0, ""Composicoes"": [], ""Atributos"": null, ""ProductGroupId"": 1, ""Categoria"": ""COM AÇUCAR"", ""CategoriaID"": ""6344371e5b452fbeceeea9ec""}, {""Codigo"": ""0229"", ""Unidade"": ""UN"", ""Descricao"": ""0229 - SUCO DE ACEROLA 300ML - COM AÇUCAR"", ""Quantidade"": 4.0, ""ValorUnitario"": 4.38, ""ValorFrete"": 0.71, ""DescontoUnitario"": 0.0, ""ValorTotal"": 17.52, ""PesoKG"": 0.0, ""Comprimento"": 0.0, ""Altura"": 0.0, ""Largura"": 0.0, ""FreteGratis"": false, ""ValorUnitarioFrete"": 4.0, ""PrazoEntregaFrete"": 0, ""ComissaoVendedor"": 0.0, ""Seguro"": 0.0, ""Composicoes"": [], ""Atributos"": null, ""ProductGroupId"": 1, ""Categoria"": ""COM AÇUCAR"", ""CategoriaID"": ""6344371e5b452fbeceeea9ec""}, {""Codigo"": ""0223"", ""Unidade"": ""UN"", ""Descricao"": ""0223 - SUCO DE GRAVIOLA 2L - COM AÇUCAR"", ""Quantidade"": 1.0, ""ValorUnitario"": 23.5, ""ValorFrete"": 0.93, ""DescontoUnitario"": 0.0, ""ValorTotal"": 23.5, ""PesoKG"": 0.0, ""Comprimento"": 0.0, ""Altura"": 0.0, ""Largura"": 0.0, ""FreteGratis"": false, ""ValorUnitarioFrete"": 1.0, ""PrazoEntregaFrete"": 0, ""ComissaoVendedor"": 0.0, ""Seguro"": 0.0, ""Composicoes"": [], ""Atributos"": null, ""ProductGroupId"": 1, ""Categoria"": """", ""CategoriaID"": """"}, {""Codigo"": ""0207"", ""Unidade"": ""UN"", ""Descricao"": ""0207 - SUCO DE GOIABA 1L - COM AÇUCAR"", ""Quantidade"": 5.0, ""ValorUnitario"": 9.41, ""ValorFrete"": 1.9, ""DescontoUnitario"": 0.0, ""ValorTotal"": 47.05, ""PesoKG"": 0.0, ""Comprimento"": 0.0, ""Altura"": 0.0, ""Largura"": 0.0, ""FreteGratis"": false, ""ValorUnitarioFrete"": 5.0, ""PrazoEntregaFrete"": 0, ""ComissaoVendedor"": 0.0, ""Seguro"": 0.0, ""Composicoes"": [], ""Atributos"": null, ""ProductGroupId"": 1, ""Categoria"": ""COM AÇUCAR"", ""CategoriaID"": ""6344371e5b452fbeceeea9ec""}, {""Codigo"": ""0233"", ""Unidade"": ""UN"", ""Descricao"": ""0233 - SUCO DE GOIABA 300ML - COM AÇUCAR"", ""Quantidade"": 4.0, ""ValorUnitario"": 3.12, ""ValorFrete"": 0.5, ""DescontoUnitario"": 0.0, ""ValorTotal"": 12.48, ""PesoKG"": 0.0, ""Comprimento"": 0.0, ""Altura"": 0.0, ""Largura"": 0.0, ""FreteGratis"": false, ""ValorUnitarioFrete"": 4.0, ""PrazoEntregaFrete"": 0, ""ComissaoVendedor"": 0.0, ""Seguro"": 0.0, ""Composicoes"": [], ""Atributos"": null, ""ProductGroupId"": 1, ""Categoria"": ""COM AÇUCAR"", ""CategoriaID"": ""6344371e5b452fbeceeea9ec""}, {""Codigo"": ""0209"", ""Unidade"": ""UN"", ""Descricao"": ""0209 - SUCO DE LARANJA 1L - COM AÇUCAR"", ""Quantidade"": 5.0, ""ValorUnitario"": 10.0, ""ValorFrete"": 2.02, ""DescontoUnitario"": 0.0, ""ValorTotal"": 50.0, ""PesoKG"": 0.0, ""Comprimento"": 0.0, ""Altura"": 0.0, ""Largura"": 0.0, ""FreteGratis"": false, ""ValorUnitarioFrete"": 5.0, ""PrazoEntregaFrete"": 0, ""ComissaoVendedor"": 0.0, ""Seguro"": 0.0, ""Composicoes"": [], ""Atributos"": null, ""ProductGroupId"": 1, ""Categoria"": ""COM AÇUCAR"", ""CategoriaID"": ""6344371e5b452fbeceeea9ec""}, {""Codigo"": ""0224"", ""Unidade"": ""UN"", ""Descricao"": ""0224 - SUCO DE LARANJA 2L - COM AÇUCAR"", ""Quantidade"": 10.0, ""ValorUnitario"": 18.5, ""ValorFrete"": 7.46, ""DescontoUnitario"": 0.0, ""ValorTotal"": 185.0, ""PesoKG"": 0.0, ""Comprimento"": 0.0, ""Altura"": 0.0, ""Largura"": 0.0, ""FreteGratis"": false, ""ValorUnitarioFrete"": 10.0, ""PrazoEntregaFrete"": 0, ""ComissaoVendedor"": 0.0, ""Seguro"": 0.0, ""Composicoes"": [], ""Atributos"": null, ""ProductGroupId"": 1, ""Categoria"": ""COM AÇUCAR"", ""CategoriaID"": ""6344371e5b452fbeceeea9ec""}, {""Codigo"": ""0222"", ""Unidade"": ""UN"", ""Descricao"": ""0222 - SUCO DE GOIABA 2L - COM AÇUCAR"", ""Quantidade"": 4.0, ""ValorUnitario"": 16.84, ""ValorFrete"": 2.72, ""DescontoUnitario"": 0.0, ""ValorTotal"": 67.36, ""PesoKG"": 0.0, ""Comprimento"": 0.0, ""Altura"": 0.0, ""Largura"": 0.0, ""FreteGratis"": false, ""ValorUnitarioFrete"": 4.0, ""PrazoEntregaFrete"": 0, ""ComissaoVendedor"": 0.0, ""Seguro"": 0.0, ""Composicoes"": [], ""Atributos"": null, ""ProductGroupId"": 1, ""Categoria"": ""COM AÇUCAR"", ""CategoriaID"": ""6344371e5b452fbeceeea9ec""}]";;2026-08-31T07:43:00-03:00;"[{""FormaPagamento"": ""Dinheiro"", ""DescricaoPagamento"": null, ""ValorPagamento"": 516.15, ""BandeiraCartao"": null, ""NumeroTerminal"": null, ""DataTransacao"": ""2026-09-02T03:00:00Z"", ""CredenciadoraCartao"": null, ""CredenciadoraCNPJ"": null, ""CV_NSU"": null, ""TipoIntegracao"": null, ""CondicaoPagamento"": 0, ""Parcelas"": 0, ""PeriodoParcelas"": 0, ""Adiantamento"": 0.0, ""Quitar"": null}]";;0.0;;2026-09-01T10:20:42.018-03:00;;;;;;2026-09-01T10:20:31.165-03:00;GRUPO_BARRA;GRUPO_BARRA_CASA DE SUCO - BARRA DO CORDA_6a955b6a1732adcfa18a5dfa
6a95597d5d59cc884eef7caf;;99683107;Venda Direta;65f1ef07ee68912546e82f33;TAB FOOD BDC;65f1f089ee68912546e835a7;ESTOQUE FABRICA BDC;Pedido Faturado;;;2026-08-31T00:00:00-03:00;CASA DE SUCO - BARRA DO CORDA;65f1eea0050d165884add5cc;661d7791d42796fb91fde940;ARIANE MIX;661d7791d42796fb91fde940;85601489300;;Venda ext bdc;b37b3592-9adf-4620-adb5-63db41695826;VENDAS B2B;PIX;635ae864cd43d34b928b24c4;0;0;;PAC;2026-08-31T07:37:00-03:00;0001-01-01T00:00:00-02:00;0001-01-01T00:00:00-02:00;False;0.0;False;;False;0.0;;0.0;;48.0;True;True;Barra do Corda;2101608;Brasil;65950000;MA;21;Trizidela;Rua Rio Jutaí;250;Pizzaria;"[{""Id"": 1, ""Nome"": ""Grupo de Produtos Padrão - 01""}]";"[{""Codigo"": ""0252"", ""Unidade"": ""UN"", ""Descricao"": ""0252 - SUCO DE MARACUJA 5L - COM AÇUCAR"", ""Quantidade"": 1.0, ""ValorUnitario"": 48.0, ""ValorFrete"": 0.0, ""DescontoUnitario"": 0.0, ""ValorTotal"": 48.0, ""PesoKG"": 0.0, ""Comprimento"": 0.0, ""Altura"": 0.0, ""Largura"": 0.0, ""FreteGratis"": false, ""ValorUnitarioFrete"": 1.0, ""PrazoEntregaFrete"": 0, ""ComissaoVendedor"": 0.0, ""Seguro"": 0.0, ""Composicoes"": [], ""Atributos"": null, ""ProductGroupId"": 1, ""Categoria"": ""COM AÇUCAR"", ""CategoriaID"": ""6344371e5b452fbeceeea9ec""}]";;2026-08-31T07:37:00-03:00;"[{""FormaPagamento"": ""PIX"", ""DescricaoPagamento"": null, ""ValorPagamento"": 48.0, ""BandeiraCartao"": null, ""NumeroTerminal"": null, ""DataTransacao"": ""2026-09-02T03:00:00Z"", ""CredenciadoraCartao"": null, ""CredenciadoraCNPJ"": null, ""CV_NSU"": null, ""TipoIntegracao"": null, ""CondicaoPagamento"": 0, ""Parcelas"": 0, ""PeriodoParcelas"": 0, ""Adiantamento"": 0.0, ""Quitar"": null}]";;0.0;;2026-09-01T10:23:55.706-03:00;;;;;;2026-09-01T10:23:46.126-03:00;GRUPO_BARRA;GRUPO_BARRA_CASA DE SUCO - BARRA DO CORDA_6a95597d5d59cc884eef7caf
6a96afaabd146ec0b1b38232;;99683904;Venda Direta;65f1ef07ee68912546e82f33;TAB FABRICA BDC;6a1f7bb23749dddeca12f537;ESTOQUE FABRICA BDC;Pedido Faturado;;Pedido;2026-09-01T00:00:00-03:00;CASA DE SUCO - BARRA DO CORDA;65f1eea0050d165884add5cc;69a5c7fdbe71ea6f7a2bbe79;EMPÓRIO MIX;69a5c7fdbe71ea6f7a2bbe79;65069045000168;vitoriacisirnando@hotmail.com;Venda ext bdc;b37b3592-9adf-4620-adb5-63db41695826;VENDAS B2B;Dinheiro;5b648d1c3498afae6d5bfd89;0;0;;PAC;2026-09-01T07:55:00-03:00;0001-01-01T00:00:00-02:00;0001-01-01T00:00:00-02:00;False;20.0;True;;False;0.0;;0.0;;815.12;True;True;Barra do Corda;2101608;Brasil;65950000;MA;21;INCRA;;;AO LADO DO POSTO CANADÁ;"[{""Id"": 1, ""Nome"": ""Grupo de Produtos Padrão - 01""}]";"[{""Codigo"": ""0233"", ""Unidade"": ""UN"", ""Descricao"": ""0233 - SUCO DE GOIABA 300ML - COM AÇUCAR"", ""Quantidade"": 5.0, ""ValorUnitario"": 3.12, ""ValorFrete"": 0.39, ""DescontoUnitario"": 0.0, ""ValorTotal"": 15.6, ""PesoKG"": 0.0, ""Comprimento"": 0.0, ""Altura"": 0.0, ""Largura"": 0.0, ""FreteGratis"": false, ""ValorUnitarioFrete"": 5.0, ""PrazoEntregaFrete"": 0, ""ComissaoVendedor"": 0.0, ""Seguro"": 0.0, ""Composicoes"": [], ""Atributos"": null, ""ProductGroupId"": 1, ""Categoria"": ""COM AÇUCAR"", ""CategoriaID"": ""6344371e5b452fbeceeea9ec""}, {""Codigo"": ""0224"", ""Unidade"": ""UN"", ""Descricao"": ""0224 - SUCO DE LARANJA 2L - COM AÇUCAR"", ""Quantidade"": 10.0, ""ValorUnitario"": 18.5, ""ValorFrete"": 4.65, ""DescontoUnitario"": 0.0, ""ValorTotal"": 185.0, ""PesoKG"": 0.0, ""Comprimento"": 0.0, ""Altura"": 0.0, ""Largura"": 0.0, ""FreteGratis"": false, ""ValorUnitarioFrete"": 10.0, ""PrazoEntregaFrete"": 0, ""ComissaoVendedor"": 0.0, ""Seguro"": 0.0, ""Composicoes"": [], ""Atributos"": null, ""ProductGroupId"": 1, ""Categoria"": ""COM AÇUCAR"", ""CategoriaID"": ""6344371e5b452fbeceeea9ec""}, {""Codigo"": ""0209"", ""Unidade"": ""UN"", ""Descricao"": ""0209 - SUCO DE LARANJA 1L - COM AÇUCAR"", ""Quantidade"": 4.0, ""ValorUnitario"": 10.0, ""ValorFrete"": 1.01, ""DescontoUnitario"": 0.0, ""ValorTotal"": 40.0, ""PesoKG"": 0.0, ""Comprimento"": 0.0, ""Altura"": 0.0, ""Largura"": 0.0, ""FreteGratis"": false, ""ValorUnitarioFrete"": 4.0, ""PrazoEntregaFrete"": 0, ""ComissaoVendedor"": 0.0, ""Seguro"": 0.0, ""Composicoes"": [], ""Atributos"": null, ""ProductGroupId"": 1, ""Categoria"": ""COM AÇUCAR"", ""CategoriaID"": ""6344371e5b452fbeceeea9ec""}, {""Codigo"": ""0225"", ""Unidade"": ""UN"", ""Descricao"": ""0225 - SUCO DE MARACUJA 2L - COM AÇUCAR"", ""Quantidade"": 5.0, ""ValorUnitario"": 23.01, ""ValorFrete"": 2.89, ""DescontoUnitario"": 0.0, ""ValorTotal"": 115.05, ""PesoKG"": 0.0, ""Comprimento"": 0.0, ""Altura"": 0.0, ""Largura"": 0.0, ""FreteGratis"": false, ""ValorUnitarioFrete"": 5.0, ""PrazoEntregaFrete"": 0, ""ComissaoVendedor"": 0.0, ""Seguro"": 0.0, ""Composicoes"": [], ""Atributos"": null, ""ProductGroupId"": 1, ""Categoria"": ""COM AÇUCAR"", ""CategoriaID"": ""6344371e5b452fbeceeea9ec""}, {""Codigo"": ""0211"", ""Unidade"": ""UN"", ""Descricao"": ""0211 - SUCO DE MARACUJA 1L - COM AÇUCAR"", ""Quantidade"": 4.0, ""ValorUnitario"": 12.12, ""ValorFrete"": 1.22, ""DescontoUnitario"": 0.0, ""ValorTotal"": 48.48, ""PesoKG"": 0.0, ""Comprimento"": 0.0, ""Altura"": 0.0, ""Largura"": 0.0, ""FreteGratis"": false, ""ValorUnitarioFrete"": 4.0, ""PrazoEntregaFrete"": 0, ""ComissaoVendedor"": 0.0, ""Seguro"": 0.0, ""Composicoes"": [], ""Atributos"": null, ""ProductGroupId"": 1, ""Categoria"": ""COM AÇUCAR"", ""CategoriaID"": ""6344371e5b452fbeceeea9ec""}, {""Codigo"": ""0219"", ""Unidade"": ""UN"", ""Descricao"": ""0219 - SUCO DE CAJU 2L - COM AÇUCAR"", ""Quantidade"": 4.0, ""ValorUnitario"": 19.29, ""ValorFrete"": 1.94, ""DescontoUnitario"": 0.0, ""ValorTotal"": 77.16, ""PesoKG"": 0.0, ""Comprimento"": 0.0, ""Altura"": 0.0, ""Largura"": 0.0, ""FreteGratis"": false, ""ValorUnitarioFrete"": 4.0, ""PrazoEntregaFrete"": 0, ""ComissaoVendedor"": 0.0, ""Seguro"": 0.0, ""Composicoes"": [], ""Atributos"": null, ""ProductGroupId"": 1, ""Categoria"": ""COM AÇUCAR"", ""CategoriaID"": ""6344371e5b452fbeceeea9ec""}, {""Codigo"": ""0222"", ""Unidade"": ""UN"", ""Descricao"": ""0222 - SUCO DE GOIABA 2L - COM AÇUCAR"", ""Quantidade"": 8.0, ""ValorUnitario"": 16.84, ""ValorFrete"": 3.39, ""DescontoUnitario"": 0.0, ""ValorTotal"": 134.72, ""PesoKG"": 0.0, ""Comprimento"": 0.0, ""Altura"": 0.0, ""Largura"": 0.0, ""FreteGratis"": false, ""ValorUnitarioFrete"": 8.0, ""PrazoEntregaFrete"": 0, ""ComissaoVendedor"": 0.0, ""Seguro"": 0.0, ""Composicoes"": [], ""Atributos"": null, ""ProductGroupId"": 1, ""Categoria"": ""COM AÇUCAR"", ""CategoriaID"": ""6344371e5b452fbeceeea9ec""}, {""Codigo"": ""0205"", ""Unidade"": ""UN"", ""Descricao"": ""0205 - SUCO DE CAJU 1L - COM AÇUCAR"", ""Quantidade"": 5.0, ""ValorUnitario"": 11.63, ""ValorFrete"": 1.46, ""DescontoUnitario"": 0.0, ""ValorTotal"": 58.15, ""PesoKG"": 0.0, ""Comprimento"": 0.0, ""Altura"": 0.0, ""Largura"": 0.0, ""FreteGratis"": false, ""ValorUnitarioFrete"": 5.0, ""PrazoEntregaFrete"": 0, ""ComissaoVendedor"": 0.0, ""Seguro"": 0.0, ""Composicoes"": [], ""Atributos"": null, ""ProductGroupId"": 1, ""Categoria"": ""COM AÇUCAR"", ""CategoriaID"": ""6344371e5b452fbeceeea9ec""}, {""Codigo"": ""0207"", ""Unidade"": ""UN"", ""Descricao"": ""0207 - SUCO DE GOIABA 1L - COM AÇUCAR"", ""Quantidade"": 6.0, ""ValorUnitario"": 9.41, ""ValorFrete"": 1.42, ""DescontoUnitario"": 0.0, ""ValorTotal"": 56.46, ""PesoKG"": 0.0, ""Comprimento"": 0.0, ""Altura"": 0.0, ""Largura"": 0.0, ""FreteGratis"": false, ""ValorUnitarioFrete"": 6.0, ""PrazoEntregaFrete"": 0, ""ComissaoVendedor"": 0.0, ""Seguro"": 0.0, ""Composicoes"": [], ""Atributos"": null, ""ProductGroupId"": 1, ""Categoria"": ""COM AÇUCAR"", ""CategoriaID"": ""6344371e5b452fbeceeea9ec""}, {""Codigo"": ""0218"", ""Unidade"": ""UN"", ""Descricao"": ""0218 - SUCO DE CAJA 2L - COM AÇUCAR"", ""Quantidade"": 3.0, ""ValorUnitario"": 21.5, ""ValorFrete"": 1.63, ""DescontoUnitario"": 0.0, ""ValorTotal"": 64.5, ""PesoKG"": 0.0, ""Comprimento"": 0.0, ""Altura"": 0.0, ""Largura"": 0.0, ""FreteGratis"": false, ""ValorUnitarioFrete"": 3.0, ""PrazoEntregaFrete"": 0, ""ComissaoVendedor"": 0.0, ""Seguro"": 0.0, ""Composicoes"": [], ""Atributos"": null, ""ProductGroupId"": 1, ""Categoria"": ""COM AÇUCAR"", ""CategoriaID"": ""6344371e5b452fbeceeea9ec""}]";;2026-09-01T07:55:00-03:00;"[{""FormaPagamento"": ""Dinheiro"", ""DescricaoPagamento"": null, ""ValorPagamento"": 815.12, ""BandeiraCartao"": null, ""NumeroTerminal"": null, ""DataTransacao"": ""2026-09-03T03:00:00Z"", ""CredenciadoraCartao"": null, ""CredenciadoraCNPJ"": null, ""CV_NSU"": null, ""TipoIntegracao"": null, ""CondicaoPagamento"": 0, ""Parcelas"": 0, ""PeriodoParcelas"": 0, ""Adiantamento"": 0.0, ""Quitar"": null}]";;0.0;;2026-09-01T10:24:31.315-03:00;;;;;;2026-09-01T10:24:19.789-03:00;GRUPO_BARRA;GRUPO_BARRA_CASA DE SUCO - BARRA DO CORDA_6a96afaabd146ec0b1b38232
6a96d2e28f23320c4a7a9b03;;99684036;Venda Direta;65f1ef07ee68912546e82f33;TAB FOOD BDC;65f1f089ee68912546e835a7;ESTOQUE FABRICA BDC;Pedido Faturado;;;2026-09-01T00:00:00-03:00;CASA DE SUCO - BARRA DO CORDA;65f1eea0050d165884add5cc;6646581e8f3b6c0917ea3112;CREPE DO LULA - E. CULTURAL;6646581e8f3b6c0917ea3112;05971615343;;Venda ext bdc;b37b3592-9adf-4620-adb5-63db41695826;VENDAS B2B;;;0;0;;PAC;2026-09-01T10:25:00-03:00;0001-01-01T00:00:00-02:00;0001-01-01T00:00:00-02:00;False;0.0;False;;False;0.0;;0.0;;33.4;True;True;Barra do Corda;2101608;Brasil;65950000;MA;21;Tresidela;AV. Roseana Sarney;;Espaço Cultural;"[{""Id"": 1, ""Nome"": ""Grupo de Produtos Padrão - 01""}]";"[{""Codigo"": ""0229"", ""Unidade"": ""UN"", ""Descricao"": ""0229 - SUCO DE ACEROLA 300ML - COM AÇUCAR"", ""Quantidade"": 4.0, ""ValorUnitario"": 4.35, ""ValorFrete"": 0.0, ""DescontoUnitario"": 0.0, ""ValorTotal"": 17.4, ""PesoKG"": 0.0, ""Comprimento"": 0.0, ""Altura"": 0.0, ""Largura"": 0.0, ""FreteGratis"": false, ""ValorUnitarioFrete"": 1.0, ""PrazoEntregaFrete"": 0, ""ComissaoVendedor"": 0.0, ""Seguro"": 0.0, ""Composicoes"": [], ""Atributos"": null, ""ProductGroupId"": 1, ""Categoria"": ""COM AÇUCAR"", ""CategoriaID"": ""6344371e5b452fbeceeea9ec""}, {""Codigo"": ""0236"", ""Unidade"": ""UN"", ""Descricao"": ""0236 - SUCO DE LARANJA 300ML - COM AÇUCAR"", ""Quantidade"": 4.0, ""ValorUnitario"": 4.0, ""ValorFrete"": 0.0, ""DescontoUnitario"": 0.0, ""ValorTotal"": 16.0, ""PesoKG"": 0.0, ""Comprimento"": 0.0, ""Altura"": 0.0, ""Largura"": 0.0, ""FreteGratis"": false, ""ValorUnitarioFrete"": 1.0, ""PrazoEntregaFrete"": 0, ""ComissaoVendedor"": 0.0, ""Seguro"": 0.0, ""Composicoes"": [], ""Atributos"": null, ""ProductGroupId"": 1, ""Categoria"": ""COM AÇUCAR"", ""CategoriaID"": ""6344371e5b452fbeceeea9ec""}]";;2026-09-01T10:25:00-03:00;"[{""FormaPagamento"": ""PIX"", ""DescricaoPagamento"": null, ""ValorPagamento"": 33.4, ""BandeiraCartao"": null, ""NumeroTerminal"": null, ""DataTransacao"": ""2026-09-01T03:00:00Z"", ""CredenciadoraCartao"": null, ""CredenciadoraCNPJ"": null, ""CV_NSU"": null, ""TipoIntegracao"": null, ""CondicaoPagamento"": 0, ""Parcelas"": 0, ""PeriodoParcelas"": 0, ""Adiantamento"": 0.0, ""Quitar"": null}]";;0.0;;2026-09-01T10:28:21.588-03:00;;;;;;2026-09-01T10:28:08.651-03:00;GRUPO_BARRA;GRUPO_BARRA_CASA DE SUCO - BARRA DO CORDA_6a96d2e28f23320c4a7a9b03
6a96d421ee644c1ac976d19b;;99684040;PDV;65f1ef07ee68912546e82f33;TABELA B2C BDC;65f1f02ae24a6f10a903ebf0;ESTOQUE FABRICA BDC;Pedido Faturado;;Consumidor Final;2026-09-01T10:33:21.836-03:00;CASA DE SUCO - BARRA DO CORDA;65f1eea0050d165884add5cc;659057a8395f2736400d9dbd;CONSUMIDOR NÃO IDENTIFICADO;659057a8395f2736400d9dbd;;;PDV TRIZIDELA 2;e4ffd0ea-a438-47d7-a753-33fc4d9bc547;Receitas PDV;Dinheiro;5b648d1c3498afae6d5bfd89;0;0;;;2026-09-01T10:33:21.915-03:00;0001-01-01T00:00:00-02:00;0001-01-01T00:00:00-02:00;False;0.0;False;;False;0.0;Gerado automaticamente através do modulo PDV;0.0;;15.0;True;True;;;;;;;;;;;"[{""Id"": 1, ""Nome"": ""Grupo de Produtos Padrão - 01""}]";"[{""Codigo"": ""0207"", ""Unidade"": ""UN"", ""Descricao"": ""0207 - SUCO DE GOIABA 1L - COM AÇUCAR"", ""Quantidade"": 1.0, ""ValorUnitario"": 15.0, ""ValorFrete"": 0.0, ""DescontoUnitario"": 0.0, ""ValorTotal"": 15.0, ""PesoKG"": 0.0, ""Comprimento"": 0.0, ""Altura"": 0.0, ""Largura"": 0.0, ""FreteGratis"": false, ""ValorUnitarioFrete"": 1.0, ""PrazoEntregaFrete"": 0, ""ComissaoVendedor"": 0.0, ""Seguro"": 0.0, ""Composicoes"": [], ""Atributos"": null, ""ProductGroupId"": 1, ""Categoria"": ""COM AÇUCAR"", ""CategoriaID"": ""6344371e5b452fbeceeea9ec""}]";;2026-09-01T10:33:21.915-03:00;"[{""FormaPagamento"": ""Dinheiro"", ""DescricaoPagamento"": ""Pagamento recebido em Dinheiro"", ""ValorPagamento"": 20.0, ""BandeiraCartao"": """", ""NumeroTerminal"": null, ""DataTransacao"": ""2026-09-01T03:00:00Z"", ""CredenciadoraCartao"": null, ""CredenciadoraCNPJ"": null, ""CV_NSU"": null, ""TipoIntegracao"": null, ""CondicaoPagamento"": 0, ""Parcelas"": 1, ""PeriodoParcelas"": 30, ""Adiantamento"": 0.0, ""Quitar"": null}]";;0.0;;2026-09-01T10:33:23.824-03:00;;;;;;0001-01-01T00:00:00-02:00;GRUPO_BARRA;GRUPO_BARRA_CASA DE SUCO - BARRA DO CORDA_6a96d421ee644c1ac976d19b
6a95630d691fe259a1723524;;99683127;Venda Direta;65f1ef07ee68912546e82f33;TAB FABRICA BDC;6a1f7bb23749dddeca12f537;ESTOQUE FABRICA BDC;Pedido Faturado;;Pedido;2026-08-31T00:00:00-03:00;CASA DE SUCO - BARRA DO CORDA;65f1eea0050d165884add5cc;69a5c7fdbe71ea6f7a2bbe79;EMPÓRIO MIX;69a5c7fdbe71ea6f7a2bbe79;65069045000168;vitoriacisirnando@hotmail.com;Venda ext bdc;b37b3592-9adf-4620-adb5-63db41695826;VENDAS B2B;Dinheiro;5b648d1c3498afae6d5bfd89;0;0;;PAC;2026-08-31T08:14:00-03:00;0001-01-01T00:00:00-02:00;0001-01-01T00:00:00-02:00;False;20.0;True;;False;0.0;PEDIDO DE DOMINGO.;0.0;;973.26;True;True;Barra do Corda;2101608;Brasil;65950000;MA;21;INCRA;;;AO LADO DO POSTO CANADÁ;"[{""Id"": 1, ""Nome"": ""Grupo de Produtos Padrão - 01""}]";"[{""Codigo"": ""0231"", ""Unidade"": ""UN"", ""Descricao"": ""0231 - SUCO DE CAJA 300ML - COM AÇUCAR"", ""Quantidade"": 4.0, ""ValorUnitario"": 4.55, ""ValorFrete"": 0.38, ""DescontoUnitario"": 0.0, ""ValorTotal"": 18.2, ""PesoKG"": 0.0, ""Comprimento"": 0.0, ""Altura"": 0.0, ""Largura"": 0.0, ""FreteGratis"": false, ""ValorUnitarioFrete"": 4.0, ""PrazoEntregaFrete"": 0, ""ComissaoVendedor"": 0.0, ""Seguro"": 0.0, ""Composicoes"": [], ""Atributos"": null, ""ProductGroupId"": 1, ""Categoria"": ""COM AÇUCAR"", ""CategoriaID"": ""6344371e5b452fbeceeea9ec""}, {""Codigo"": ""0213"", ""Unidade"": ""UN"", ""Descricao"": ""0213 - SUCO DE TAMARINDO 1L - COM AÇUCAR"", ""Quantidade"": 2.0, ""ValorUnitario"": 9.13, ""ValorFrete"": 0.38, ""DescontoUnitario"": 0.0, ""ValorTotal"": 18.26, ""PesoKG"": 0.0, ""Comprimento"": 0.0, ""Altura"": 0.0, ""Largura"": 0.0, ""FreteGratis"": false, ""ValorUnitarioFrete"": 2.0, ""PrazoEntregaFrete"": 0, ""ComissaoVendedor"": 0.0, ""Seguro"": 0.0, ""Composicoes"": [], ""Atributos"": null, ""ProductGroupId"": 1, ""Categoria"": ""COM AÇUCAR"", ""CategoriaID"": ""6344371e5b452fbeceeea9ec""}, {""Codigo"": ""0207"", ""Unidade"": ""UN"", ""Descricao"": ""0207 - SUCO DE GOIABA 1L - COM AÇUCAR"", ""Quantidade"": 6.0, ""ValorUnitario"": 9.41, ""ValorFrete"": 1.18, ""DescontoUnitario"": 0.0, ""ValorTotal"": 56.46, ""PesoKG"": 0.0, ""Comprimento"": 0.0, ""Altura"": 0.0, ""Largura"": 0.0, ""FreteGratis"": false, ""ValorUnitarioFrete"": 6.0, ""PrazoEntregaFrete"": 0, ""ComissaoVendedor"": 0.0, ""Seguro"": 0.0, ""Composicoes"": [], ""Atributos"": null, ""ProductGroupId"": 1, ""Categoria"": ""COM AÇUCAR"", ""CategoriaID"": ""6344371e5b452fbeceeea9ec""}, {""Codigo"": ""0222"", ""Unidade"": ""UN"", ""Descricao"": ""0222 - SUCO DE GOIABA 2L - COM AÇUCAR"", ""Quantidade"": 4.0, ""ValorUnitario"": 16.84, ""ValorFrete"": 1.41, ""DescontoUnitario"": 0.0, ""ValorTotal"": 67.36, ""PesoKG"": 0.0, ""Comprimento"": 0.0, ""Altura"": 0.0, ""Largura"": 0.0, ""FreteGratis"": false, ""ValorUnitarioFrete"": 4.0, ""PrazoEntregaFrete"": 0, ""ComissaoVendedor"": 0.0, ""Seguro"": 0.0, ""Composicoes"": [], ""Atributos"": null, ""ProductGroupId"": 1, ""Categoria"": ""COM AÇUCAR"", ""CategoriaID"": ""6344371e5b452fbeceeea9ec""}, {""Codigo"": ""0233"", ""Unidade"": ""UN"", ""Descricao"": ""0233 - SUCO DE GOIABA 300ML - COM AÇUCAR"", ""Quantidade"": 5.0, ""ValorUnitario"": 3.12, ""ValorFrete"": 0.33, ""DescontoUnitario"": 0.0, ""ValorTotal"": 15.6, ""PesoKG"": 0.0, ""Comprimento"": 0.0, ""Altura"": 0.0, ""Largura"": 0.0, ""FreteGratis"": false, ""ValorUnitarioFrete"": 5.0, ""PrazoEntregaFrete"": 0, ""ComissaoVendedor"": 0.0, ""Seguro"": 0.0, ""Composicoes"": [], ""Atributos"": null, ""ProductGroupId"": 1, ""Categoria"": ""COM AÇUCAR"", ""CategoriaID"": ""6344371e5b452fbeceeea9ec""}, {""Codigo"": ""0236"", ""Unidade"": ""UN"", ""Descricao"": ""0236 - SUCO DE LARANJA 300ML - COM AÇUCAR"", ""Quantidade"": 3.0, ""ValorUnitario"": 3.5, ""ValorFrete"": 0.22, ""DescontoUnitario"": 0.0, ""ValorTotal"": 10.5, ""PesoKG"": 0.0, ""Comprimento"": 0.0, ""Altura"": 0.0, ""Largura"": 0.0, ""FreteGratis"": false, ""ValorUnitarioFrete"": 3.0, ""PrazoEntregaFrete"": 0, ""ComissaoVendedor"": 0.0, ""Seguro"": 0.0, ""Composicoes"": [], ""Atributos"": null, ""ProductGroupId"": 1, ""Categoria"": ""COM AÇUCAR"", ""CategoriaID"": ""6344371e5b452fbeceeea9ec""}, {""Codigo"": ""0220"", ""Unidade"": ""UN"", ""Descricao"": ""0220 - SUCO DE CUPUAÇU 2L - COM AÇUCAR"", ""Quantidade"": 2.0, ""ValorUnitario"": 17.5, ""ValorFrete"": 0.73, ""DescontoUnitario"": 0.0, ""ValorTotal"": 35.0, ""PesoKG"": 0.0, ""Comprimento"": 0.0, ""Altura"": 0.0, ""Largura"": 0.0, ""FreteGratis"": false, ""ValorUnitarioFrete"": 2.0, ""PrazoEntregaFrete"": 0, ""ComissaoVendedor"": 0.0, ""Seguro"": 0.0, ""Composicoes"": [], ""Atributos"": null, ""ProductGroupId"": 1, ""Categoria"": ""COM AÇUCAR"", ""CategoriaID"": ""6344371e5b452fbeceeea9ec""}, {""Codigo"": ""0229"", ""Unidade"": ""UN"", ""Descricao"": ""0229 - SUCO DE ACEROLA 300ML - COM AÇUCAR"", ""Quantidade"": 3.0, ""ValorUnitario"": 4.38, ""ValorFrete"": 0.28, ""DescontoUnitario"": 0.0, ""ValorTotal"": 13.14, ""PesoKG"": 0.0, ""Comprimento"": 0.0, ""Altura"": 0.0, ""Largura"": 0.0, ""FreteGratis"": false, ""ValorUnitarioFrete"": 3.0, ""PrazoEntregaFrete"": 0, ""ComissaoVendedor"": 0.0, ""Seguro"": 0.0, ""Composicoes"": [], ""Atributos"": null, ""ProductGroupId"": 1, ""Categoria"": ""COM AÇUCAR"", ""CategoriaID"": ""6344371e5b452fbeceeea9ec""}, {""Codigo"": ""0223"", ""Unidade"": ""UN"", ""Descricao"": ""0223 - SUCO DE GRAVIOLA 2L - COM AÇUCAR"", ""Quantidade"": 1.0, ""ValorUnitario"": 23.5, ""ValorFrete"": 0.49, ""DescontoUnitario"": 0.0, ""ValorTotal"": 23.5, ""PesoKG"": 0.0, ""Comprimento"": 0.0, ""Altura"": 0.0, ""Largura"": 0.0, ""FreteGratis"": false, ""ValorUnitarioFrete"": 1.0, ""PrazoEntregaFrete"": 0, ""ComissaoVendedor"": 0.0, ""Seguro"": 0.0, ""Composicoes"": [], ""Atributos"": null, ""ProductGroupId"": 1, ""Categoria"": """", ""CategoriaID"": """"}, {""Codigo"": ""0265"", ""Unidade"": ""UN"", ""Descricao"": ""0265 - AGUA DE COCO 300ML"", ""Quantidade"": 3.0, ""ValorUnitario"": 5.0, ""ValorFrete"": 0.31, ""DescontoUnitario"": 0.0, ""ValorTotal"": 15.0, ""PesoKG"": 0.0, ""Comprimento"": 0.0, ""Altura"": 0.0, ""Largura"": 0.0, ""FreteGratis"": false, ""ValorUnitarioFrete"": 3.0, ""PrazoEntregaFrete"": 0, ""ComissaoVendedor"": 0.0, ""Seguro"": 0.0, ""Composicoes"": [], ""Atributos"": null, ""ProductGroupId"": 1, ""Categoria"": ""AGUA DE COCO"", ""CategoriaID"": ""6525b95b06440aa67624c98c""}, {""Codigo"": ""0224"", ""Unidade"": ""UN"", ""Descricao"": ""0224 - SUCO DE LARANJA 2L - COM AÇUCAR"", ""Quantidade"": 10.0, ""ValorUnitario"": 18.5, ""ValorFrete"": 3.88, ""DescontoUnitario"": 0.0, ""ValorTotal"": 185.0, ""PesoKG"": 0.0, ""Comprimento"": 0.0, ""Altura"": 0.0, ""Largura"": 0.0, ""FreteGratis"": false, ""ValorUnitarioFrete"": 10.0, ""PrazoEntregaFrete"": 0, ""ComissaoVendedor"": 0.0, ""Seguro"": 0.0, ""Composicoes"": [], ""Atributos"": null, ""ProductGroupId"": 1, ""Categoria"": ""COM AÇUCAR"", ""CategoriaID"": ""6344371e5b452fbeceeea9ec""}, {""Codigo"": ""0237"", ""Unidade"": ""UN"", ""Descricao"": ""0237 - SUCO DE MARACUJA 300ML - COM AÇUCAR"", ""Quantidade"": 5.0, ""ValorUnitario"": 5.13, ""ValorFrete"": 0.54, ""DescontoUnitario"": 0.0, ""ValorTotal"": 25.65, ""PesoKG"": 0.0, ""Comprimento"": 0.0, ""Altura"": 0.0, ""Largura"": 0.0, ""FreteGratis"": false, ""ValorUnitarioFrete"": 5.0, ""PrazoEntregaFrete"": 0, ""ComissaoVendedor"": 0.0, ""Seguro"": 0.0, ""Composicoes"": [], ""Atributos"": null, ""ProductGroupId"": 1, ""Categoria"": ""COM AÇUCAR"", ""CategoriaID"": ""6344371e5b452fbeceeea9ec""}, {""Codigo"": ""0211"", ""Unidade"": ""UN"", ""Descricao"": ""0211 - SUCO DE MARACUJA 1L - COM AÇUCAR"", ""Quantidade"": 5.0, ""ValorUnitario"": 12.12, ""ValorFrete"": 1.27, ""DescontoUnitario"": 0.0, ""ValorTotal"": 60.6, ""PesoKG"": 0.0, ""Comprimento"": 0.0, ""Altura"": 0.0, ""Largura"": 0.0, ""FreteGratis"": false, ""ValorUnitarioFrete"": 5.0, ""PrazoEntregaFrete"": 0, ""ComissaoVendedor"": 0.0, ""Seguro"": 0.0, ""Composicoes"": [], ""Atributos"": null, ""ProductGroupId"": 1, ""Categoria"": ""COM AÇUCAR"", ""CategoriaID"": ""6344371e5b452fbeceeea9ec""}, {""Codigo"": ""0226"", ""Unidade"": ""UN"", ""Descricao"": ""0226 - SUCO DE TAMARINDO 2L - COM AÇUCAR"", ""Quantidade"": 1.0, ""ValorUnitario"": 16.79, ""ValorFrete"": 0.35, ""DescontoUnitario"": 0.0, ""ValorTotal"": 16.79, ""PesoKG"": 0.0, ""Comprimento"": 0.0, ""Altura"": 0.0, ""Largura"": 0.0, ""FreteGratis"": false, ""ValorUnitarioFrete"": 1.0, ""PrazoEntregaFrete"": 0, ""ComissaoVendedor"": 0.0, ""Seguro"": 0.0, ""Composicoes"": [], ""Atributos"": null, ""ProductGroupId"": 1, ""Categoria"": ""COM AÇUCAR"", ""CategoriaID"": ""6344371e5b452fbeceeea9ec""}, {""Codigo"": ""0209"", ""Unidade"": ""UN"", ""Descricao"": ""0209 - SUCO DE LARANJA 1L - COM AÇUCAR"", ""Quantidade"": 10.0, ""ValorUnitario"": 10.0, ""ValorFrete"": 2.1, ""DescontoUnitario"": 0.0, ""ValorTotal"": 100.0, ""PesoKG"": 0.0, ""Comprimento"": 0.0, ""Altura"": 0.0, ""Largura"": 0.0, ""FreteGratis"": false, ""ValorUnitarioFrete"": 10.0, ""PrazoEntregaFrete"": 0, ""ComissaoVendedor"": 0.0, ""Seguro"": 0.0, ""Composicoes"": [], ""Atributos"": null, ""ProductGroupId"": 1, ""Categoria"": ""COM AÇUCAR"", ""CategoriaID"": ""6344371e5b452fbeceeea9ec""}, {""Codigo"": ""0251"", ""Unidade"": ""UN"", ""Descricao"": ""0251 - SUCO DE LARANJA 5L - COM AÇUCAR"", ""Quantidade"": 2.0, ""ValorUnitario"": 45.5, ""ValorFrete"": 1.93, ""DescontoUnitario"": 0.0, ""ValorTotal"": 91.0, ""PesoKG"": 0.0, ""Comprimento"": 0.0, ""Altura"": 0.0, ""Largura"": 0.0, ""FreteGratis"": false, ""ValorUnitarioFrete"": 2.0, ""PrazoEntregaFrete"": 0, ""ComissaoVendedor"": 0.0, ""Seguro"": 0.0, ""Composicoes"": [], ""Atributos"": null, ""ProductGroupId"": 1, ""Categoria"": ""COM AÇUCAR"", ""CategoriaID"": ""6344371e5b452fbeceeea9ec""}, {""Codigo"": ""0309"", ""Unidade"": ""UN"", ""Descricao"": ""0309 - SUCO DE LARANJA 1L - SEM AÇUCAR"", ""Quantidade"": 1.0, ""ValorUnitario"": 10.0, ""ValorFrete"": 0.21, ""DescontoUnitario"": 0.0, ""ValorTotal"": 10.0, ""PesoKG"": 0.0, ""Comprimento"": 0.0, ""Altura"": 0.0, ""Largura"": 0.0, ""FreteGratis"": false, ""ValorUnitarioFrete"": 1.0, ""PrazoEntregaFrete"": 0, ""ComissaoVendedor"": 0.0, ""Seguro"": 0.0, ""Composicoes"": [], ""Atributos"": null, ""ProductGroupId"": 1, ""Categoria"": ""SEM AÇUCAR"", ""CategoriaID"": ""6525b5fade6325a32c55386b""}, {""Codigo"": ""0225"", ""Unidade"": ""UN"", ""Descricao"": ""0225 - SUCO DE MARACUJA 2L - COM AÇUCAR"", ""Quantidade"": 4.0, ""ValorUnitario"": 23.01, ""ValorFrete"": 1.93, ""DescontoUnitario"": 0.0, ""ValorTotal"": 92.04, ""PesoKG"": 0.0, ""Comprimento"": 0.0, ""Altura"": 0.0, ""Largura"": 0.0, ""FreteGratis"": false, ""ValorUnitarioFrete"": 4.0, ""PrazoEntregaFrete"": 0, ""ComissaoVendedor"": 0.0, ""Seguro"": 0.0, ""Composicoes"": [], ""Atributos"": null, ""ProductGroupId"": 1, ""Categoria"": ""COM AÇUCAR"", ""CategoriaID"": ""6344371e5b452fbeceeea9ec""}, {""Codigo"": ""0249"", ""Unidade"": ""UN"", ""Descricao"": ""0249 - SUCO DE GOIABA 5L - COM AÇUCAR"", ""Quantidade"": 2.0, ""ValorUnitario"": 40.08, ""ValorFrete"": 1.68, ""DescontoUnitario"": 0.0, ""ValorTotal"": 80.16, ""PesoKG"": 0.0, ""Comprimento"": 0.0, ""Altura"": 0.0, ""Largura"": 0.0, ""FreteGratis"": false, ""ValorUnitarioFrete"": 2.0, ""PrazoEntregaFrete"": 0, ""ComissaoVendedor"": 0.0, ""Seguro"": 0.0, ""Composicoes"": [], ""Atributos"": null, ""ProductGroupId"": 1, ""Categoria"": ""COM AÇUCAR"", ""CategoriaID"": ""6344371e5b452fbeceeea9ec""}, {""Codigo"": ""0206"", ""Unidade"": ""UN"", ""Descricao"": ""0206 - SUCO DE CUPUAÇU 1L - COM AÇUCAR"", ""Quantidade"": 2.0, ""ValorUnitario"": 9.5, ""ValorFrete"": 0.4, ""DescontoUnitario"": 0.0, ""ValorTotal"": 19.0, ""PesoKG"": 0.0, ""Comprimento"": 0.0, ""Altura"": 0.0, ""Largura"": 0.0, ""FreteGratis"": false, ""ValorUnitarioFrete"": 2.0, ""PrazoEntregaFrete"": 0, ""ComissaoVendedor"": 0.0, ""Seguro"": 0.0, ""Composicoes"": [], ""Atributos"": null, ""ProductGroupId"": 1, ""Categoria"": ""COM AÇUCAR"", ""CategoriaID"": ""6344371e5b452fbeceeea9ec""}]";;2026-08-31T08:14:00-03:00;"[{""FormaPagamento"": ""Dinheiro"", ""DescricaoPagamento"": null, ""ValorPagamento"": 973.26, ""BandeiraCartao"": null, ""NumeroTerminal"": null, ""DataTransacao"": ""2026-09-02T03:00:00Z"", ""CredenciadoraCartao"": null, ""CredenciadoraCNPJ"": null, ""CV_NSU"": null, ""TipoIntegracao"": null, ""CondicaoPagamento"": 0, ""Parcelas"": 0, ""PeriodoParcelas"": 0, ""Adiantamento"": 0.0, ""Quitar"": null}]";;0.0;;2026-09-01T10:45:50.2-03:00;;;;;;2026-09-01T10:45:34.604-03:00;GRUPO_BARRA;GRUPO_BARRA_CASA DE SUCO - BARRA DO CORDA_6a95630d691fe259a1723524
6a96d8135d59cc884e0b63c6;;99684049;PDV;65f1ef07ee68912546e82f33;CLUB VANTAGEM BDC;66c8caacba311769cd7ddafd;ESTOQUE FABRICA BDC;Pedido Faturado;;Consumidor Final;2026-09-01T10:50:11.787-03:00;CASA DE SUCO - BARRA DO CORDA;65f1eea0050d165884add5cc;690b8da06a1be571cd048c68;FRANCILANE DE ANDRADE CLUBE;690b8da06a1be571cd048c68;05815759384;;PDV TRIZIDELA 2;e4ffd0ea-a438-47d7-a753-33fc4d9bc547;Receitas PDV;Cartão de Débito;5b648d993498afae6d5c361b;0;0;;;2026-09-01T10:50:11.834-03:00;0001-01-01T00:00:00-02:00;0001-01-01T00:00:00-02:00;False;0.0;False;;False;0.0;Gerado automaticamente através do modulo PDV;0.0;;38.0;True;True;;;Brasil;;;;;;;;"[{""Id"": 1, ""Nome"": ""Grupo de Produtos Padrão - 01""}]";"[{""Codigo"": ""123213633323179"", ""Unidade"": """", ""Descricao"": ""123213633323179 - SALGADO FRITO"", ""Quantidade"": 3.0, ""ValorUnitario"": 4.0, ""ValorFrete"": 0.0, ""DescontoUnitario"": 0.0, ""ValorTotal"": 12.0, ""PesoKG"": 0.0, ""Comprimento"": 0.0, ""Altura"": 0.0, ""Largura"": 0.0, ""FreteGratis"": false, ""ValorUnitarioFrete"": 1.0, ""PrazoEntregaFrete"": 0, ""ComissaoVendedor"": 0.0, ""Seguro"": 0.0, ""Composicoes"": [], ""Atributos"": null, ""ProductGroupId"": 1, ""Categoria"": """", ""CategoriaID"": """"}, {""Codigo"": ""0239"", ""Unidade"": ""UN"", ""Descricao"": ""0239 - SUCO DE TAMARINDO 300ML - COM AÇUCAR"", ""Quantidade"": 1.0, ""ValorUnitario"": 5.0, ""ValorFrete"": 0.0, ""DescontoUnitario"": 0.0, ""ValorTotal"": 5.0, ""PesoKG"": 0.0, ""Comprimento"": 0.0, ""Altura"": 0.0, ""Largura"": 0.0, ""FreteGratis"": false, ""ValorUnitarioFrete"": 1.0, ""PrazoEntregaFrete"": 0, ""ComissaoVendedor"": 0.0, ""Seguro"": 0.0, ""Composicoes"": [], ""Atributos"": null, ""ProductGroupId"": 1, ""Categoria"": ""COM AÇUCAR"", ""CategoriaID"": ""6344371e5b452fbeceeea9ec""}, {""Codigo"": ""0209"", ""Unidade"": ""UN"", ""Descricao"": ""0209 - SUCO DE LARANJA 1L - COM AÇUCAR"", ""Quantidade"": 1.0, ""ValorUnitario"": 14.0, ""ValorFrete"": 0.0, ""DescontoUnitario"": 0.0, ""ValorTotal"": 14.0, ""PesoKG"": 0.0, ""Comprimento"": 0.0, ""Altura"": 0.0, ""Largura"": 0.0, ""FreteGratis"": false, ""ValorUnitarioFrete"": 1.0, ""PrazoEntregaFrete"": 0, ""ComissaoVendedor"": 0.0, ""Seguro"": 0.0, ""Composicoes"": [], ""Atributos"": null, ""ProductGroupId"": 1, ""Categoria"": ""COM AÇUCAR"", ""CategoriaID"": ""6344371e5b452fbeceeea9ec""}, {""Codigo"": ""123213633322705"", ""Unidade"": """", ""Descricao"": ""123213633322705 - IOGURTE NATURAL 300ML"", ""Quantidade"": 1.0, ""ValorUnitario"": 7.0, ""ValorFrete"": 0.0, ""DescontoUnitario"": 0.0, ""ValorTotal"": 7.0, ""PesoKG"": 0.0, ""Comprimento"": 0.0, ""Altura"": 0.0, ""Largura"": 0.0, ""FreteGratis"": false, ""ValorUnitarioFrete"": 1.0, ""PrazoEntregaFrete"": 0, ""ComissaoVendedor"": 0.0, ""Seguro"": 0.0, ""Composicoes"": [], ""Atributos"": null, ""ProductGroupId"": 1, ""Categoria"": """", ""CategoriaID"": """"}]";;2026-09-01T10:50:11.834-03:00;"[{""FormaPagamento"": ""Cartão de Débito"", ""DescricaoPagamento"": ""Pagamento recebido em Cartão de Débito"", ""ValorPagamento"": 38.0, ""BandeiraCartao"": ""02"", ""NumeroTerminal"": null, ""DataTransacao"": ""2026-09-01T03:00:00Z"", ""CredenciadoraCartao"": ""STONE INSTITUICAO DE PAGAMENTO S.A"", ""CredenciadoraCNPJ"": ""16501555000157"", ""CV_NSU"": null, ""TipoIntegracao"": ""2"", ""CondicaoPagamento"": 0, ""Parcelas"": 1, ""PeriodoParcelas"": 30, ""Adiantamento"": 0.0, ""Quitar"": null}]";;0.0;;2026-09-01T10:50:16.81-03:00;;;;;;0001-01-01T00:00:00-02:00;GRUPO_BARRA;GRUPO_BARRA_CASA DE SUCO - BARRA DO CORDA_6a96d8135d59cc884e0b63c6
6a96a49ebd146ec0b1b2c6d1;;99683884;PDV;698e1e656e2979a65b3595b7;EMPORIO MIX;69a397811c48b3770d64e993;EMPORIO MIX;Pedido Faturado;;Consumidor Final;2026-09-01T07:10:38.562-03:00;EMPORIO MIX;698e1dfa6e2979a65b359173;659057a8395f2736400d9dbd;CONSUMIDOR NÃO IDENTIFICADO;659057a8395f2736400d9dbd;;;Diego.Oalbuquerque@Hotmail.Com;28f81638-c595-4134-9287-9e27aa0e4112;Receitas PDV;Dinheiro;5b648d1c3498afae6d5bfd89;0;0;;;2026-09-01T07:10:38.609-03:00;0001-01-01T00:00:00-02:00;0001-01-01T00:00:00-02:00;False;0.0;False;;False;0.0;Gerado automaticamente através do modulo PDV;0.0;;12.0;True;True;;;;;;;;;;;"[{""Id"": 1, ""Nome"": ""Grupo de Produtos Padrão - 01""}]";"[{""Codigo"": ""123213633323123"", ""Unidade"": """", ""Descricao"": ""123213633323123 - MINI OREO 35G"", ""Quantidade"": 2.0, ""ValorUnitario"": 4.5, ""ValorFrete"": 0.0, ""DescontoUnitario"": 0.0, ""ValorTotal"": 9.0, ""PesoKG"": 0.0, ""Comprimento"": 0.0, ""Altura"": 0.0, ""Largura"": 0.0, ""FreteGratis"": false, ""ValorUnitarioFrete"": 1.0, ""PrazoEntregaFrete"": 0, ""ComissaoVendedor"": 0.0, ""Seguro"": 0.0, ""Composicoes"": [], ""Atributos"": null, ""ProductGroupId"": 1, ""Categoria"": """", ""CategoriaID"": """"}, {""Codigo"": ""123213633323030"", ""Unidade"": """", ""Descricao"": ""123213633323030 - KAPO MORANGO 200ML"", ""Quantidade"": 1.0, ""ValorUnitario"": 3.0, ""ValorFrete"": 0.0, ""DescontoUnitario"": 0.0, ""ValorTotal"": 3.0, ""PesoKG"": 0.0, ""Comprimento"": 0.0, ""Altura"": 0.0, ""Largura"": 0.0, ""FreteGratis"": false, ""ValorUnitarioFrete"": 1.0, ""PrazoEntregaFrete"": 0, ""ComissaoVendedor"": 0.0, ""Seguro"": 0.0, ""Composicoes"": [], ""Atributos"": null, ""ProductGroupId"": 1, ""Categoria"": """", ""CategoriaID"": """"}]";;2026-09-01T07:10:38.609-03:00;"[{""FormaPagamento"": ""Dinheiro"", ""DescricaoPagamento"": ""Pagamento recebido em Dinheiro"", ""ValorPagamento"": 12.0, ""BandeiraCartao"": """", ""NumeroTerminal"": null, ""DataTransacao"": ""2026-09-01T03:00:00Z"", ""CredenciadoraCartao"": null, ""CredenciadoraCNPJ"": null, ""CV_NSU"": null, ""TipoIntegracao"": null, ""CondicaoPagamento"": 0, ""Parcelas"": 1, ""PeriodoParcelas"": 30, ""Adiantamento"": 0.0, ""Quitar"": null}]";;0.0;;2026-09-01T07:10:39.221-03:00;;;;;;0001-01-01T00:00:00-02:00;GRUPO_BARRA;GRUPO_BARRA_EMPORIO MIX_6a96a49ebd146ec0b1b2c6d1
6a96a52bfa3edf46881801f7;;99683888;PDV;698e1e656e2979a65b3595b7;EMPORIO MIX;69a397811c48b3770d64e993;EMPORIO MIX;Pedido Faturado;;Consumidor Final;2026-09-01T07:12:59.603-03:00;EMPORIO MIX;698e1dfa6e2979a65b359173;659057a8395f2736400d9dbd;CONSUMIDOR NÃO IDENTIFICADO;659057a8395f2736400d9dbd;;;Diego.Oalbuquerque@Hotmail.Com;28f81638-c595-4134-9287-9e27aa0e4112;Receitas PDV;PIX;635ae864cd43d34b928b24c4;0;0;;;2026-09-01T07:12:59.666-03:00;0001-01-01T00:00:00-02:00;0001-01-01T00:00:00-02:00;False;0.0;False;;False;0.0;Gerado automaticamente através do modulo PDV;0.0;;12.5;True;True;;;;;;;;;;;"[{""Id"": 1, ""Nome"": ""Grupo de Produtos Padrão - 01""}]";"[{""Codigo"": ""123213633323616"", ""Unidade"": """", ""Descricao"": ""123213633323616 - HALLS MORANGO 28G"", ""Quantidade"": 1.0, ""ValorUnitario"": 2.0, ""ValorFrete"": 0.0, ""DescontoUnitario"": 0.0, ""ValorTotal"": 2.0, ""PesoKG"": 0.0, ""Comprimento"": 0.0, ""Altura"": 0.0, ""Largura"": 0.0, ""FreteGratis"": false, ""ValorUnitarioFrete"": 1.0, ""PrazoEntregaFrete"": 0, ""ComissaoVendedor"": 0.0, ""Seguro"": 0.0, ""Composicoes"": [], ""Atributos"": null, ""ProductGroupId"": 1, ""Categoria"": """", ""CategoriaID"": """"}, {""Codigo"": ""123213633322834"", ""Unidade"": """", ""Descricao"": ""123213633322834 - SENSAÇÃO FRANGO GRELHADO 40G"", ""Quantidade"": 1.0, ""ValorUnitario"": 7.5, ""ValorFrete"": 0.0, ""DescontoUnitario"": 0.0, ""ValorTotal"": 7.5, ""PesoKG"": 0.0, ""Comprimento"": 0.0, ""Altura"": 0.0, ""Largura"": 0.0, ""FreteGratis"": false, ""ValorUnitarioFrete"": 1.0, ""PrazoEntregaFrete"": 0, ""ComissaoVendedor"": 0.0, ""Seguro"": 0.0, ""Composicoes"": [], ""Atributos"": null, ""ProductGroupId"": 1, ""Categoria"": """", ""CategoriaID"": """"}, {""Codigo"": ""123213633323030"", ""Unidade"": """", ""Descricao"": ""123213633323030 - KAPO MORANGO 200ML"", ""Quantidade"": 1.0, ""ValorUnitario"": 3.0, ""ValorFrete"": 0.0, ""DescontoUnitario"": 0.0, ""ValorTotal"": 3.0, ""PesoKG"": 0.0, ""Comprimento"": 0.0, ""Altura"": 0.0, ""Largura"": 0.0, ""FreteGratis"": false, ""ValorUnitarioFrete"": 1.0, ""PrazoEntregaFrete"": 0, ""ComissaoVendedor"": 0.0, ""Seguro"": 0.0, ""Composicoes"": [], ""Atributos"": null, ""ProductGroupId"": 1, ""Categoria"": """", ""CategoriaID"": """"}]";;2026-09-01T07:12:59.666-03:00;"[{""FormaPagamento"": ""PIX"", ""DescricaoPagamento"": ""Descrição"", ""ValorPagamento"": 12.5, ""BandeiraCartao"": """", ""NumeroTerminal"": null, ""DataTransacao"": ""2026-09-01T03:00:00Z"", ""CredenciadoraCartao"": null, ""CredenciadoraCNPJ"": null, ""CV_NSU"": null, ""TipoIntegracao"": null, ""CondicaoPagamento"": 0, ""Parcelas"": 1, ""PeriodoParcelas"": 30, ""Adiantamento"": 0.0, ""Quitar"": null}]";;0.0;;2026-09-01T07:13:00.729-03:00;;;;;;0001-01-01T00:00:00-02:00;GRUPO_BARRA;GRUPO_BARRA_EMPORIO MIX_6a96a52bfa3edf46881801f7
6a96a5b2fa3edf4688180822;;99683889;PDV;698e1e656e2979a65b3595b7;CLUB VANTAGEM BDC;66c8caacba311769cd7ddafd;EMPORIO MIX;Pedido Faturado;;Consumidor Final;2026-09-01T07:15:14.199-03:00;EMPORIO MIX;698e1dfa6e2979a65b359173;69ca88b9e2123f601a1b9b7c;Rayssa Fernandes Dos Santos Clube;69ca88b9e2123f601a1b9b7c;61182153321;;Diego.Oalbuquerque@Hotmail.Com;28f81638-c595-4134-9287-9e27aa0e4112;Receitas PDV;Dinheiro;5b648d1c3498afae6d5bfd89;0;0;;;2026-09-01T07:15:14.246-03:00;0001-01-01T00:00:00-02:00;0001-01-01T00:00:00-02:00;False;0.0;False;;False;0.0;Gerado automaticamente através do modulo PDV;0.0;;13.0;True;True;;;Brasil;;;;;;;;"[{""Id"": 1, ""Nome"": ""Grupo de Produtos Padrão - 01""}]";"[{""Codigo"": ""123213633322729"", ""Unidade"": """", ""Descricao"": ""123213633322729 - ENERGY MIX 200ML"", ""Quantidade"": 1.0, ""ValorUnitario"": 5.0, ""ValorFrete"": 0.0, ""DescontoUnitario"": 0.0, ""ValorTotal"": 5.0, ""PesoKG"": 0.0, ""Comprimento"": 0.0, ""Altura"": 0.0, ""Largura"": 0.0, ""FreteGratis"": false, ""ValorUnitarioFrete"": 1.0, ""PrazoEntregaFrete"": 0, ""ComissaoVendedor"": 0.0, ""Seguro"": 0.0, ""Composicoes"": [], ""Atributos"": null, ""ProductGroupId"": 1, ""Categoria"": """", ""CategoriaID"": """"}, {""Codigo"": ""123213633323246"", ""Unidade"": """", ""Descricao"": ""123213633323246 - PÃO MINEIRO"", ""Quantidade"": 1.0, ""ValorUnitario"": 3.0, ""ValorFrete"": 0.0, ""DescontoUnitario"": 0.0, ""ValorTotal"": 3.0, ""PesoKG"": 0.0, ""Comprimento"": 0.0, ""Altura"": 0.0, ""Largura"": 0.0, ""FreteGratis"": false, ""ValorUnitarioFrete"": 1.0, ""PrazoEntregaFrete"": 0, ""ComissaoVendedor"": 0.0, ""Seguro"": 0.0, ""Composicoes"": [], ""Atributos"": null, ""ProductGroupId"": 1, ""Categoria"": """", ""CategoriaID"": """"}, {""Codigo"": ""0233"", ""Unidade"": ""UN"", ""Descricao"": ""0233 - SUCO DE GOIABA 300ML - COM AÇUCAR"", ""Quantidade"": 1.0, ""ValorUnitario"": 5.0, ""ValorFrete"": 0.0, ""DescontoUnitario"": 0.0, ""ValorTotal"": 5.0, ""PesoKG"": 0.0, ""Comprimento"": 0.0, ""Altura"": 0.0, ""Largura"": 0.0, ""FreteGratis"": false, ""ValorUnitarioFrete"": 1.0, ""PrazoEntregaFrete"": 0, ""ComissaoVendedor"": 0.0, ""Seguro"": 0.0, ""Composicoes"": [], ""Atributos"": null, ""ProductGroupId"": 1, ""Categoria"": ""COM AÇUCAR"", ""CategoriaID"": ""6344371e5b452fbeceeea9ec""}]";;2026-09-01T07:15:14.246-03:00;"[{""FormaPagamento"": ""Dinheiro"", ""DescricaoPagamento"": ""Pagamento recebido em Dinheiro"", ""ValorPagamento"": 13.0, ""BandeiraCartao"": """", ""NumeroTerminal"": null, ""DataTransacao"": ""2026-09-01T03:00:00Z"", ""CredenciadoraCartao"": null, ""CredenciadoraCNPJ"": null, ""CV_NSU"": null, ""TipoIntegracao"": null, ""CondicaoPagamento"": 0, ""Parcelas"": 1, ""PeriodoParcelas"": 30, ""Adiantamento"": 0.0, ""Quitar"": null}]";;0.0;;2026-09-01T07:15:15.342-03:00;;;;;;0001-01-01T00:00:00-02:00;GRUPO_BARRA;GRUPO_BARRA_EMPORIO MIX_6a96a5b2fa3edf4688180822
6a96a6e55d59cc884e066c1a;;99683891;PDV;698e1e656e2979a65b3595b7;EMPORIO MIX;69a397811c48b3770d64e993;EMPORIO MIX;Pedido Faturado;;Consumidor Final;2026-09-01T07:20:21.931-03:00;EMPORIO MIX;698e1dfa6e2979a65b359173;659057a8395f2736400d9dbd;CONSUMIDOR NÃO IDENTIFICADO;659057a8395f2736400d9dbd;;;Diego.Oalbuquerque@Hotmail.Com;28f81638-c595-4134-9287-9e27aa0e4112;Receitas PDV;Dinheiro;5b648d1c3498afae6d5bfd89;0;0;;;2026-09-01T07:20:21.977-03:00;0001-01-01T00:00:00-02:00;0001-01-01T00:00:00-02:00;False;0.0;False;;False;0.0;Gerado automaticamente através do modulo PDV;0.0;;8.5;True;True;;;;;;;;;;;"[{""Id"": 1, ""Nome"": ""Grupo de Produtos Padrão - 01""}]";"[{""Codigo"": ""123213633323303"", ""Unidade"": """", ""Descricao"": ""123213633323303 - COCA COLA LATA 220ML"", ""Quantidade"": 1.0, ""ValorUnitario"": 3.0, ""ValorFrete"": 0.0, ""DescontoUnitario"": 0.0, ""ValorTotal"": 3.0, ""PesoKG"": 0.0, ""Comprimento"": 0.0, ""Altura"": 0.0, ""Largura"": 0.0, ""FreteGratis"": false, ""ValorUnitarioFrete"": 1.0, ""PrazoEntregaFrete"": 0, ""ComissaoVendedor"": 0.0, ""Seguro"": 0.0, ""Composicoes"": [], ""Atributos"": null, ""ProductGroupId"": 1, ""Categoria"": """", ""CategoriaID"": """"}, {""Codigo"": ""123213633322824"", ""Unidade"": """", ""Descricao"": ""123213633322824 - CHEETOS ONDA 40G"", ""Quantidade"": 1.0, ""ValorUnitario"": 3.5, ""ValorFrete"": 0.0, ""DescontoUnitario"": 0.0, ""ValorTotal"": 3.5, ""PesoKG"": 0.0, ""Comprimento"": 0.0, ""Altura"": 0.0, ""Largura"": 0.0, ""FreteGratis"": false, ""ValorUnitarioFrete"": 1.0, ""PrazoEntregaFrete"": 0, ""ComissaoVendedor"": 0.0, ""Seguro"": 0.0, ""Composicoes"": [], ""Atributos"": null, ""ProductGroupId"": 1, ""Categoria"": """", ""CategoriaID"": """"}, {""Codigo"": ""123213633322973"", ""Unidade"": """", ""Descricao"": ""123213633322973 - CHOCOBOM 200ML"", ""Quantidade"": 1.0, ""ValorUnitario"": 2.0, ""ValorFrete"": 0.0, ""DescontoUnitario"": 0.0, ""ValorTotal"": 2.0, ""PesoKG"": 0.0, ""Comprimento"": 0.0, ""Altura"": 0.0, ""Largura"": 0.0, ""FreteGratis"": false, ""ValorUnitarioFrete"": 1.0, ""PrazoEntregaFrete"": 0, ""ComissaoVendedor"": 0.0, ""Seguro"": 0.0, ""Composicoes"": [], ""Atributos"": null, ""ProductGroupId"": 1, ""Categoria"": """", ""CategoriaID"": """"}]";;2026-09-01T07:20:21.977-03:00;"[{""FormaPagamento"": ""Dinheiro"", ""DescricaoPagamento"": ""Pagamento recebido em Dinheiro"", ""ValorPagamento"": 8.5, ""BandeiraCartao"": """", ""NumeroTerminal"": null, ""DataTransacao"": ""2026-09-01T03:00:00Z"", ""CredenciadoraCartao"": null, ""CredenciadoraCNPJ"": null, ""CV_NSU"": null, ""TipoIntegracao"": null, ""CondicaoPagamento"": 0, ""Parcelas"": 1, ""PeriodoParcelas"": 30, ""Adiantamento"": 0.0, ""Quitar"": null}]";;0.0;;2026-09-01T07:20:22.76-03:00;;;;;;0001-01-01T00:00:00-02:00;GRUPO_BARRA;GRUPO_BARRA_EMPORIO MIX_6a96a6e55d59cc884e066c1a
6a96a7565d59cc884e0672dc;;99683893;PDV;698e1e656e2979a65b3595b7;EMPORIO MIX;69a397811c48b3770d64e993;EMPORIO MIX;Pedido Faturado;;Consumidor Final;2026-09-01T07:22:14.335-03:00;EMPORIO MIX;698e1dfa6e2979a65b359173;659057a8395f2736400d9dbd;CONSUMIDOR NÃO IDENTIFICADO;659057a8395f2736400d9dbd;;;Diego.Oalbuquerque@Hotmail.Com;28f81638-c595-4134-9287-9e27aa0e4112;Receitas PDV;PIX;635ae864cd43d34b928b24c4;0;0;;;2026-09-01T07:22:14.382-03:00;0001-01-01T00:00:00-02:00;0001-01-01T00:00:00-02:00;False;0.0;False;;False;0.0;Gerado automaticamente através do modulo PDV;0.0;;5.4;True;True;;;;;;;;;;;"[{""Id"": 1, ""Nome"": ""Grupo de Produtos Padrão - 01""}]";"[{""Codigo"": ""123213633323079"", ""Unidade"": """", ""Descricao"": ""123213633323079 - PÃO DE SAL"", ""Quantidade"": 9.0, ""ValorUnitario"": 0.6, ""ValorFrete"": 0.0, ""DescontoUnitario"": 0.0, ""ValorTotal"": 5.4, ""PesoKG"": 0.0, ""Comprimento"": 0.0, ""Altura"": 0.0, ""Largura"": 0.0, ""FreteGratis"": false, ""ValorUnitarioFrete"": 1.0, ""PrazoEntregaFrete"": 0, ""ComissaoVendedor"": 0.0, ""Seguro"": 0.0, ""Composicoes"": [], ""Atributos"": null, ""ProductGroupId"": 1, ""Categoria"": """", ""CategoriaID"": """"}]";;2026-09-01T07:22:14.382-03:00;"[{""FormaPagamento"": ""PIX"", ""DescricaoPagamento"": ""Pagamento recebido em PIX"", ""ValorPagamento"": 5.4, ""BandeiraCartao"": """", ""NumeroTerminal"": null, ""DataTransacao"": ""2026-09-01T03:00:00Z"", ""CredenciadoraCartao"": null, ""CredenciadoraCNPJ"": null, ""CV_NSU"": null, ""TipoIntegracao"": null, ""CondicaoPagamento"": 0, ""Parcelas"": 1, ""PeriodoParcelas"": 30, ""Adiantamento"": 0.0, ""Quitar"": null}]";;0.0;;2026-09-01T07:22:15.509-03:00;;;;;;0001-01-01T00:00:00-02:00;GRUPO_BARRA;GRUPO_BARRA_EMPORIO MIX_6a96a7565d59cc884e0672dc
6a96a813157a0891556bf10d;;99683895;PDV;698e1e656e2979a65b3595b7;EMPORIO MIX;69a397811c48b3770d64e993;EMPORIO MIX;Pedido Faturado;;Consumidor Final;2026-09-01T07:25:23.552-03:00;EMPORIO MIX;698e1dfa6e2979a65b359173;659057a8395f2736400d9dbd;CONSUMIDOR NÃO IDENTIFICADO;659057a8395f2736400d9dbd;;;Diego.Oalbuquerque@Hotmail.Com;28f81638-c595-4134-9287-9e27aa0e4112;Receitas PDV;PIX;635ae864cd43d34b928b24c4;0;0;;;2026-09-01T07:25:23.615-03:00;0001-01-01T00:00:00-02:00;0001-01-01T00:00:00-02:00;False;0.0;False;;False;0.0;Gerado automaticamente através do modulo PDV;0.0;;8.99;True;True;;;;;;;;;;;"[{""Id"": 1, ""Nome"": ""Grupo de Produtos Padrão - 01""}]";"[{""Codigo"": ""123213633323356"", ""Unidade"": """", ""Descricao"": ""123213633323356 - A TAL DA CASTANHA CHOCONUTS 200ML"", ""Quantidade"": 1.0, ""ValorUnitario"": 8.99, ""ValorFrete"": 0.0, ""DescontoUnitario"": 0.0, ""ValorTotal"": 8.99, ""PesoKG"": 0.0, ""Comprimento"": 0.0, ""Altura"": 0.0, ""Largura"": 0.0, ""FreteGratis"": false, ""ValorUnitarioFrete"": 1.0, ""PrazoEntregaFrete"": 0, ""ComissaoVendedor"": 0.0, ""Seguro"": 0.0, ""Composicoes"": [], ""Atributos"": null, ""ProductGroupId"": 1, ""Categoria"": """", ""CategoriaID"": """"}]";;2026-09-01T07:25:23.615-03:00;"[{""FormaPagamento"": ""PIX"", ""DescricaoPagamento"": ""Pagamento recebido em PIX"", ""ValorPagamento"": 8.99, ""BandeiraCartao"": """", ""NumeroTerminal"": null, ""DataTransacao"": ""2026-09-01T03:00:00Z"", ""CredenciadoraCartao"": null, ""CredenciadoraCNPJ"": null, ""CV_NSU"": null, ""TipoIntegracao"": null, ""CondicaoPagamento"": 0, ""Parcelas"": 1, ""PeriodoParcelas"": 30, ""Adiantamento"": 0.0, ""Quitar"": null}]";;0.0;;2026-09-01T07:25:24.13-03:00;;;;;;0001-01-01T00:00:00-02:00;GRUPO_BARRA;GRUPO_BARRA_EMPORIO MIX_6a96a813157a0891556bf10d
6a96aa34fa3edf468818516e;;99683897;PDV;698e1e656e2979a65b3595b7;CLUB VANTAGEM BDC;66c8caacba311769cd7ddafd;EMPORIO MIX;Pedido Faturado;;Consumidor Final;2026-09-01T07:34:28.077-03:00;EMPORIO MIX;698e1dfa6e2979a65b359173;690f3374fa741d1d9c95268b;Maria de Fatima Silva Macedo Clube;690f3374fa741d1d9c95268b;23624515349;;Diego.Oalbuquerque@Hotmail.Com;28f81638-c595-4134-9287-9e27aa0e4112;Receitas PDV;PIX;635ae864cd43d34b928b24c4;0;0;;;2026-09-01T07:34:28.124-03:00;0001-01-01T00:00:00-02:00;0001-01-01T00:00:00-02:00;False;0.0;False;;False;0.0;Gerado automaticamente através do modulo PDV;0.0;;19.0;True;True;;;Brasil;;;;;;;;"[{""Id"": 1, ""Nome"": ""Grupo de Produtos Padrão - 01""}]";"[{""Codigo"": ""123213633323246"", ""Unidade"": """", ""Descricao"": ""123213633323246 - PÃO MINEIRO"", ""Quantidade"": 2.0, ""ValorUnitario"": 3.0, ""ValorFrete"": 0.0, ""DescontoUnitario"": 0.15000000000000002, ""ValorTotal"": 5.7, ""PesoKG"": 0.0, ""Comprimento"": 0.0, ""Altura"": 0.0, ""Largura"": 0.0, ""FreteGratis"": false, ""ValorUnitarioFrete"": 1.0, ""PrazoEntregaFrete"": 0, ""ComissaoVendedor"": 0.0, ""Seguro"": 0.0, ""Composicoes"": [], ""Atributos"": null, ""ProductGroupId"": 1, ""Categoria"": """", ""CategoriaID"": """"}, {""Codigo"": ""0209"", ""Unidade"": ""UN"", ""Descricao"": ""0209 - SUCO DE LARANJA 1L - COM AÇUCAR"", ""Quantidade"": 1.0, ""ValorUnitario"": 14.0, ""ValorFrete"": 0.0, ""DescontoUnitario"": 0.7000000000000001, ""ValorTotal"": 13.3, ""PesoKG"": 0.0, ""Comprimento"": 0.0, ""Altura"": 0.0, ""Largura"": 0.0, ""FreteGratis"": false, ""ValorUnitarioFrete"": 1.0, ""PrazoEntregaFrete"": 0, ""ComissaoVendedor"": 0.0, ""Seguro"": 0.0, ""Composicoes"": [], ""Atributos"": null, ""ProductGroupId"": 1, ""Categoria"": ""COM AÇUCAR"", ""CategoriaID"": ""6344371e5b452fbeceeea9ec""}]";;2026-09-01T07:34:28.124-03:00;"[{""FormaPagamento"": ""PIX"", ""DescricaoPagamento"": ""Pagamento recebido em PIX"", ""ValorPagamento"": 19.0, ""BandeiraCartao"": """", ""NumeroTerminal"": null, ""DataTransacao"": ""2026-09-01T03:00:00Z"", ""CredenciadoraCartao"": null, ""CredenciadoraCNPJ"": null, ""CV_NSU"": null, ""TipoIntegracao"": null, ""CondicaoPagamento"": 0, ""Parcelas"": 1, ""PeriodoParcelas"": 30, ""Adiantamento"": 0.0, ""Quitar"": null}]";;0.0;;2026-09-01T07:34:29.579-03:00;;;;;;0001-01-01T00:00:00-02:00;GRUPO_BARRA;GRUPO_BARRA_EMPORIO MIX_6a96aa34fa3edf468818516e
6a96afb5e3407aa935116530;;99683905;PDV;698e1e656e2979a65b3595b7;EMPORIO MIX;69a397811c48b3770d64e993;EMPORIO MIX;Pedido Faturado;;Consumidor Final;2026-09-01T07:57:57.236-03:00;EMPORIO MIX;698e1dfa6e2979a65b359173;659057a8395f2736400d9dbd;CONSUMIDOR NÃO IDENTIFICADO;659057a8395f2736400d9dbd;;;Diego.Oalbuquerque@Hotmail.Com;28f81638-c595-4134-9287-9e27aa0e4112;Receitas PDV;PIX;635ae864cd43d34b928b24c4;0;0;;;2026-09-01T07:57:57.282-03:00;0001-01-01T00:00:00-02:00;0001-01-01T00:00:00-02:00;False;0.0;False;;False;0.0;Gerado automaticamente através do modulo PDV;0.0;;20.0;True;True;;;;;;;;;;;"[{""Id"": 1, ""Nome"": ""Grupo de Produtos Padrão - 01""}]";"[{""Codigo"": ""123213633323172"", ""Unidade"": """", ""Descricao"": ""123213633323172 - BOLOS SABORES 450G DIVERSOS"", ""Quantidade"": 1.0, ""ValorUnitario"": 20.0, ""ValorFrete"": 0.0, ""DescontoUnitario"": 0.0, ""ValorTotal"": 20.0, ""PesoKG"": 0.0, ""Comprimento"": 0.0, ""Altura"": 0.0, ""Largura"": 0.0, ""FreteGratis"": false, ""ValorUnitarioFrete"": 1.0, ""PrazoEntregaFrete"": 0, ""ComissaoVendedor"": 0.0, ""Seguro"": 0.0, ""Composicoes"": [], ""Atributos"": null, ""ProductGroupId"": 1, ""Categoria"": """", ""CategoriaID"": """"}]";;2026-09-01T07:57:57.282-03:00;"[{""FormaPagamento"": ""PIX"", ""DescricaoPagamento"": ""Pagamento recebido em PIX"", ""ValorPagamento"": 20.0, ""BandeiraCartao"": """", ""NumeroTerminal"": null, ""DataTransacao"": ""2026-09-01T03:00:00Z"", ""CredenciadoraCartao"": null, ""CredenciadoraCNPJ"": null, ""CV_NSU"": null, ""TipoIntegracao"": null, ""CondicaoPagamento"": 0, ""Parcelas"": 1, ""PeriodoParcelas"": 30, ""Adiantamento"": 0.0, ""Quitar"": null}]";;0.0;;2026-09-01T07:57:57.814-03:00;;;;;;0001-01-01T00:00:00-02:00;GRUPO_BARRA;GRUPO_BARRA_EMPORIO MIX_6a96afb5e3407aa935116530
6a96b32b8f23320c4a774f5a;;99683912;PDV;698e1e656e2979a65b3595b7;EMPORIO MIX;69a397811c48b3770d64e993;EMPORIO MIX;Pedido Faturado;;Consumidor Final;2026-09-01T08:12:43.737-03:00;EMPORIO MIX;698e1dfa6e2979a65b359173;659057a8395f2736400d9dbd;CONSUMIDOR NÃO IDENTIFICADO;659057a8395f2736400d9dbd;;;Diego.Oalbuquerque@Hotmail.Com;28f81638-c595-4134-9287-9e27aa0e4112;Receitas PDV;Dinheiro;5b648d1c3498afae6d5bfd89;0;0;;;2026-09-01T08:12:43.784-03:00;0001-01-01T00:00:00-02:00;0001-01-01T00:00:00-02:00;False;0.0;False;;False;0.0;Gerado automaticamente através do modulo PDV;0.0;;12.4;True;True;;;;;;;;;;;"[{""Id"": 1, ""Nome"": ""Grupo de Produtos Padrão - 01""}]";"[{""Codigo"": ""123213633323079"", ""Unidade"": """", ""Descricao"": ""123213633323079 - PÃO DE SAL"", ""Quantidade"": 4.0, ""ValorUnitario"": 0.6, ""ValorFrete"": 0.0, ""DescontoUnitario"": 0.0, ""ValorTotal"": 2.4, ""PesoKG"": 0.0, ""Comprimento"": 0.0, ""Altura"": 0.0, ""Largura"": 0.0, ""FreteGratis"": false, ""ValorUnitarioFrete"": 1.0, ""PrazoEntregaFrete"": 0, ""ComissaoVendedor"": 0.0, ""Seguro"": 0.0, ""Composicoes"": [], ""Atributos"": null, ""ProductGroupId"": 1, ""Categoria"": """", ""CategoriaID"": """"}, {""Codigo"": ""123213633323366"", ""Unidade"": """", ""Descricao"": ""123213633323366 - PÃO DE QUEIJO"", ""Quantidade"": 5.0, ""ValorUnitario"": 2.0, ""ValorFrete"": 0.0, ""DescontoUnitario"": 0.0, ""ValorTotal"": 10.0, ""PesoKG"": 0.0, ""Comprimento"": 0.0, ""Altura"": 0.0, ""Largura"": 0.0, ""FreteGratis"": false, ""ValorUnitarioFrete"": 1.0, ""PrazoEntregaFrete"": 0, ""ComissaoVendedor"": 0.0, ""Seguro"": 0.0, ""Composicoes"": [], ""Atributos"": null, ""ProductGroupId"": 1, ""Categoria"": """", ""CategoriaID"": """"}]";;2026-09-01T08:12:43.784-03:00;"[{""FormaPagamento"": ""Dinheiro"", ""DescricaoPagamento"": ""Pagamento recebido em Dinheiro"", ""ValorPagamento"": 12.4, ""BandeiraCartao"": """", ""NumeroTerminal"": null, ""DataTransacao"": ""2026-09-01T03:00:00Z"", ""CredenciadoraCartao"": null, ""CredenciadoraCNPJ"": null, ""CV_NSU"": null, ""TipoIntegracao"": null, ""CondicaoPagamento"": 0, ""Parcelas"": 1, ""PeriodoParcelas"": 30, ""Adiantamento"": 0.0, ""Quitar"": null}]";;0.0;;2026-09-01T08:12:44.52-03:00;;;;;;0001-01-01T00:00:00-02:00;GRUPO_BARRA;GRUPO_BARRA_EMPORIO MIX_6a96b32b8f23320c4a774f5a
6a96b3eb5d59cc884e078529;;99683914;PDV;698e1e656e2979a65b3595b7;EMPORIO MIX;69a397811c48b3770d64e993;EMPORIO MIX;Pedido Faturado;;Consumidor Final;2026-09-01T08:15:54.983-03:00;EMPORIO MIX;698e1dfa6e2979a65b359173;659057a8395f2736400d9dbd;CONSUMIDOR NÃO IDENTIFICADO;659057a8395f2736400d9dbd;;;Diego.Oalbuquerque@Hotmail.Com;28f81638-c595-4134-9287-9e27aa0e4112;Receitas PDV;Cartão de Débito;5b648d993498afae6d5c361b;0;0;;;2026-09-01T08:15:55.03-03:00;0001-01-01T00:00:00-02:00;0001-01-01T00:00:00-02:00;False;0.0;False;;False;0.0;Gerado automaticamente através do modulo PDV;0.0;;9.0;True;True;;;;;;;;;;;"[{""Id"": 1, ""Nome"": ""Grupo de Produtos Padrão - 01""}]";"[{""Codigo"": ""123213633323079"", ""Unidade"": """", ""Descricao"": ""123213633323079 - PÃO DE SAL"", ""Quantidade"": 5.0, ""ValorUnitario"": 0.6, ""ValorFrete"": 0.0, ""DescontoUnitario"": 0.0, ""ValorTotal"": 3.0, ""PesoKG"": 0.0, ""Comprimento"": 0.0, ""Altura"": 0.0, ""Largura"": 0.0, ""FreteGratis"": false, ""ValorUnitarioFrete"": 1.0, ""PrazoEntregaFrete"": 0, ""ComissaoVendedor"": 0.0, ""Seguro"": 0.0, ""Composicoes"": [], ""Atributos"": null, ""ProductGroupId"": 1, ""Categoria"": """", ""CategoriaID"": """"}, {""Codigo"": ""123213633323366"", ""Unidade"": """", ""Descricao"": ""123213633323366 - PÃO DE QUEIJO"", ""Quantidade"": 3.0, ""ValorUnitario"": 2.0, ""ValorFrete"": 0.0, ""DescontoUnitario"": 0.0, ""ValorTotal"": 6.0, ""PesoKG"": 0.0, ""Comprimento"": 0.0, ""Altura"": 0.0, ""Largura"": 0.0, ""FreteGratis"": false, ""ValorUnitarioFrete"": 1.0, ""PrazoEntregaFrete"": 0, ""ComissaoVendedor"": 0.0, ""Seguro"": 0.0, ""Composicoes"": [], ""Atributos"": null, ""ProductGroupId"": 1, ""Categoria"": """", ""CategoriaID"": """"}]";;2026-09-01T08:15:55.03-03:00;"[{""FormaPagamento"": ""Cartão de Débito"", ""DescricaoPagamento"": ""Pagamento recebido em Cartão de Débito"", ""ValorPagamento"": 9.0, ""BandeiraCartao"": ""01"", ""NumeroTerminal"": null, ""DataTransacao"": ""2026-09-01T03:00:00Z"", ""CredenciadoraCartao"": ""STONE INSTITUICAO DE PAGAMENTO S.A"", ""CredenciadoraCNPJ"": ""16501555000157"", ""CV_NSU"": null, ""TipoIntegracao"": ""2"", ""CondicaoPagamento"": 0, ""Parcelas"": 1, ""PeriodoParcelas"": 30, ""Adiantamento"": 0.0, ""Quitar"": null}]";;0.0;;2026-09-01T08:15:55.97-03:00;;;;;;0001-01-01T00:00:00-02:00;GRUPO_BARRA;GRUPO_BARRA_EMPORIO MIX_6a96b3eb5d59cc884e078529
6a96b605403ede9643fc1dfb;;99683918;PDV;698e1e656e2979a65b3595b7;EMPORIO MIX;69a397811c48b3770d64e993;EMPORIO MIX;Pedido Faturado;;Consumidor Final;2026-09-01T08:24:53.521-03:00;EMPORIO MIX;698e1dfa6e2979a65b359173;659057a8395f2736400d9dbd;CONSUMIDOR NÃO IDENTIFICADO;659057a8395f2736400d9dbd;;;Diego.Oalbuquerque@Hotmail.Com;28f81638-c595-4134-9287-9e27aa0e4112;Receitas PDV;Cartão de Crédito;5b648d983498afae6d5c3601;1;0;;;2026-09-01T08:24:53.583-03:00;0001-01-01T00:00:00-02:00;0001-01-01T00:00:00-02:00;False;0.0;False;;False;0.0;Gerado automaticamente através do modulo PDV;0.0;;14.0;True;True;;;;;;;;;;;"[{""Id"": 1, ""Nome"": ""Grupo de Produtos Padrão - 01""}]";"[{""Codigo"": ""123213633322768"", ""Unidade"": """", ""Descricao"": ""123213633322768 - IOGURTE DE MORANGO 300 ML"", ""Quantidade"": 1.0, ""ValorUnitario"": 7.0, ""ValorFrete"": 0.0, ""DescontoUnitario"": 0.0, ""ValorTotal"": 7.0, ""PesoKG"": 0.0, ""Comprimento"": 0.0, ""Altura"": 0.0, ""Largura"": 0.0, ""FreteGratis"": false, ""ValorUnitarioFrete"": 1.0, ""PrazoEntregaFrete"": 0, ""ComissaoVendedor"": 0.0, ""Seguro"": 0.0, ""Composicoes"": [], ""Atributos"": null, ""ProductGroupId"": 1, ""Categoria"": """", ""CategoriaID"": """"}, {""Codigo"": ""123213633322782"", ""Unidade"": """", ""Descricao"": ""123213633322782 - IOGURTE DE AVEIA E CHIA 300ML"", ""Quantidade"": 1.0, ""ValorUnitario"": 7.0, ""ValorFrete"": 0.0, ""DescontoUnitario"": 0.0, ""ValorTotal"": 7.0, ""PesoKG"": 0.0, ""Comprimento"": 0.0, ""Altura"": 0.0, ""Largura"": 0.0, ""FreteGratis"": false, ""ValorUnitarioFrete"": 1.0, ""PrazoEntregaFrete"": 0, ""ComissaoVendedor"": 0.0, ""Seguro"": 0.0, ""Composicoes"": [], ""Atributos"": null, ""ProductGroupId"": 1, ""Categoria"": """", ""CategoriaID"": """"}]";;2026-09-01T08:24:53.583-03:00;"[{""FormaPagamento"": ""Cartão de Crédito"", ""DescricaoPagamento"": ""Pagamento recebido em Cartão de Crédito"", ""ValorPagamento"": 14.0, ""BandeiraCartao"": ""01"", ""NumeroTerminal"": null, ""DataTransacao"": ""2026-09-01T03:00:00Z"", ""CredenciadoraCartao"": ""STONE INSTITUICAO DE PAGAMENTO S.A"", ""CredenciadoraCNPJ"": ""16501555000157"", ""CV_NSU"": null, ""TipoIntegracao"": ""2"", ""CondicaoPagamento"": 1, ""Parcelas"": 1, ""PeriodoParcelas"": 1, ""Adiantamento"": 0.0, ""Quitar"": null}]";;0.0;;2026-09-01T08:24:54.475-03:00;;;;;;0001-01-01T00:00:00-02:00;GRUPO_BARRA;GRUPO_BARRA_EMPORIO MIX_6a96b605403ede9643fc1dfb
6a96b75bfa3edf4688199ac6;;99683922;PDV;698e1e656e2979a65b3595b7;CLUB VANTAGEM BDC;66c8caacba311769cd7ddafd;EMPORIO MIX;Pedido Faturado;;Consumidor Final;2026-09-01T08:30:35.474-03:00;EMPORIO MIX;698e1dfa6e2979a65b359173;671fa6888548f5747715e532;Fabricio Chaves CLUBE;671fa6888548f5747715e532;01501369350;;Diego.Oalbuquerque@Hotmail.Com;28f81638-c595-4134-9287-9e27aa0e4112;Receitas PDV;Cartão de Crédito;5b648d983498afae6d5c3601;1;0;;;2026-09-01T08:30:35.521-03:00;0001-01-01T00:00:00-02:00;0001-01-01T00:00:00-02:00;False;0.0;False;;False;0.0;Gerado automaticamente através do modulo PDV;0.0;;60.0;True;True;;;Brasil;;;;;;;;"[{""Id"": 1, ""Nome"": ""Grupo de Produtos Padrão - 01""}]";"[{""Codigo"": ""0252"", ""Unidade"": ""UN"", ""Descricao"": ""0252 - SUCO DE MARACUJA 5L - COM AÇUCAR"", ""Quantidade"": 1.0, ""ValorUnitario"": 60.0, ""ValorFrete"": 0.0, ""DescontoUnitario"": 0.0, ""ValorTotal"": 60.0, ""PesoKG"": 0.0, ""Comprimento"": 0.0, ""Altura"": 0.0, ""Largura"": 0.0, ""FreteGratis"": false, ""ValorUnitarioFrete"": 1.0, ""PrazoEntregaFrete"": 0, ""ComissaoVendedor"": 0.0, ""Seguro"": 0.0, ""Composicoes"": [], ""Atributos"": null, ""ProductGroupId"": 1, ""Categoria"": ""COM AÇUCAR"", ""CategoriaID"": ""6344371e5b452fbeceeea9ec""}]";;2026-09-01T08:30:35.521-03:00;"[{""FormaPagamento"": ""Cartão de Crédito"", ""DescricaoPagamento"": ""Pagamento recebido em Cartão de Crédito"", ""ValorPagamento"": 60.0, ""BandeiraCartao"": ""02"", ""NumeroTerminal"": null, ""DataTransacao"": ""2026-09-01T03:00:00Z"", ""CredenciadoraCartao"": ""STONE INSTITUICAO DE PAGAMENTO S.A"", ""CredenciadoraCNPJ"": ""16501555000157"", ""CV_NSU"": null, ""TipoIntegracao"": ""2"", ""CondicaoPagamento"": 1, ""Parcelas"": 1, ""PeriodoParcelas"": 30, ""Adiantamento"": 0.0, ""Quitar"": null}]";;0.0;;2026-09-01T08:30:36.212-03:00;;;;;;0001-01-01T00:00:00-02:00;GRUPO_BARRA;GRUPO_BARRA_EMPORIO MIX_6a96b75bfa3edf4688199ac6
6a96ba8cfa3edf468819d790;;99683931;PDV;698e1e656e2979a65b3595b7;EMPORIO MIX;69a397811c48b3770d64e993;EMPORIO MIX;Pedido Faturado;;Consumidor Final;2026-09-01T08:44:12.06-03:00;EMPORIO MIX;698e1dfa6e2979a65b359173;659057a8395f2736400d9dbd;CONSUMIDOR NÃO IDENTIFICADO;659057a8395f2736400d9dbd;;;Diego.Oalbuquerque@Hotmail.Com;28f81638-c595-4134-9287-9e27aa0e4112;Receitas PDV;PIX;635ae864cd43d34b928b24c4;0;0;;;2026-09-01T08:44:12.107-03:00;0001-01-01T00:00:00-02:00;0001-01-01T00:00:00-02:00;False;0.0;False;;False;0.0;Gerado automaticamente através do modulo PDV;0.0;;20.5;True;True;;;;;;;;;;;"[{""Id"": 1, ""Nome"": ""Grupo de Produtos Padrão - 01""}]";"[{""Codigo"": ""123213633322969"", ""Unidade"": """", ""Descricao"": ""123213633322969 - MARGARINA QUALY CREMOSA C/ SAL 250G"", ""Quantidade"": 1.0, ""ValorUnitario"": 7.5, ""ValorFrete"": 0.0, ""DescontoUnitario"": 0.0, ""ValorTotal"": 7.5, ""PesoKG"": 0.0, ""Comprimento"": 0.0, ""Altura"": 0.0, ""Largura"": 0.0, ""FreteGratis"": false, ""ValorUnitarioFrete"": 1.0, ""PrazoEntregaFrete"": 0, ""ComissaoVendedor"": 0.0, ""Seguro"": 0.0, ""Composicoes"": [], ""Atributos"": null, ""ProductGroupId"": 1, ""Categoria"": """", ""CategoriaID"": """"}, {""Codigo"": ""123213633323246"", ""Unidade"": """", ""Descricao"": ""123213633323246 - PÃO MINEIRO"", ""Quantidade"": 2.0, ""ValorUnitario"": 3.0, ""ValorFrete"": 0.0, ""DescontoUnitario"": 0.0, ""ValorTotal"": 6.0, ""PesoKG"": 0.0, ""Comprimento"": 0.0, ""Altura"": 0.0, ""Largura"": 0.0, ""FreteGratis"": false, ""ValorUnitarioFrete"": 1.0, ""PrazoEntregaFrete"": 0, ""ComissaoVendedor"": 0.0, ""Seguro"": 0.0, ""Composicoes"": [], ""Atributos"": null, ""ProductGroupId"": 1, ""Categoria"": """", ""CategoriaID"": """"}, {""Codigo"": ""0265"", ""Unidade"": ""UN"", ""Descricao"": ""0265 - AGUA DE COCO 300ML"", ""Quantidade"": 1.0, ""ValorUnitario"": 7.0, ""ValorFrete"": 0.0, ""DescontoUnitario"": 0.0, ""ValorTotal"": 7.0, ""PesoKG"": 0.0, ""Comprimento"": 0.0, ""Altura"": 0.0, ""Largura"": 0.0, ""FreteGratis"": false, ""ValorUnitarioFrete"": 1.0, ""PrazoEntregaFrete"": 0, ""ComissaoVendedor"": 0.0, ""Seguro"": 0.0, ""Composicoes"": [], ""Atributos"": null, ""ProductGroupId"": 1, ""Categoria"": ""AGUA DE COCO"", ""CategoriaID"": ""6525b95b06440aa67624c98c""}]";;2026-09-01T08:44:12.107-03:00;"[{""FormaPagamento"": ""PIX"", ""DescricaoPagamento"": ""Descrição"", ""ValorPagamento"": 20.5, ""BandeiraCartao"": """", ""NumeroTerminal"": null, ""DataTransacao"": ""2026-09-01T03:00:00Z"", ""CredenciadoraCartao"": null, ""CredenciadoraCNPJ"": null, ""CV_NSU"": null, ""TipoIntegracao"": null, ""CondicaoPagamento"": 0, ""Parcelas"": 1, ""PeriodoParcelas"": 30, ""Adiantamento"": 0.0, ""Quitar"": null}]";;0.0;;2026-09-01T08:44:12.921-03:00;;;;;;0001-01-01T00:00:00-02:00;GRUPO_BARRA;GRUPO_BARRA_EMPORIO MIX_6a96ba8cfa3edf468819d790
6a96bc54cc1ea1a9bb43a6a0;;99683941;PDV;698e1e656e2979a65b3595b7;CLUB VANTAGEM BDC;66c8caacba311769cd7ddafd;EMPORIO MIX;Pedido Faturado;;Consumidor Final;2026-09-01T08:51:48.252-03:00;EMPORIO MIX;698e1dfa6e2979a65b359173;659057a8395f2736400d9dbd;CONSUMIDOR NÃO IDENTIFICADO;659057a8395f2736400d9dbd;;;Diego.Oalbuquerque@Hotmail.Com;28f81638-c595-4134-9287-9e27aa0e4112;Receitas PDV;Dinheiro;5b648d1c3498afae6d5bfd89;0;0;;;2026-09-01T08:51:48.283-03:00;0001-01-01T00:00:00-02:00;0001-01-01T00:00:00-02:00;False;0.0;False;;False;0.0;Gerado automaticamente através do modulo PDV;0.0;;3.0;True;True;;;;;;;;;;;"[{""Id"": 1, ""Nome"": ""Grupo de Produtos Padrão - 01""}]";"[{""Codigo"": ""123213633323246"", ""Unidade"": """", ""Descricao"": ""123213633323246 - PÃO MINEIRO"", ""Quantidade"": 1.0, ""ValorUnitario"": 3.0, ""ValorFrete"": 0.0, ""DescontoUnitario"": 0.0, ""ValorTotal"": 3.0, ""PesoKG"": 0.0, ""Comprimento"": 0.0, ""Altura"": 0.0, ""Largura"": 0.0, ""FreteGratis"": false, ""ValorUnitarioFrete"": 1.0, ""PrazoEntregaFrete"": 0, ""ComissaoVendedor"": 0.0, ""Seguro"": 0.0, ""Composicoes"": [], ""Atributos"": null, ""ProductGroupId"": 1, ""Categoria"": """", ""CategoriaID"": """"}]";;2026-09-01T08:51:48.283-03:00;"[{""FormaPagamento"": ""Dinheiro"", ""DescricaoPagamento"": ""Pagamento recebido em Dinheiro"", ""ValorPagamento"": 3.0, ""BandeiraCartao"": """", ""NumeroTerminal"": null, ""DataTransacao"": ""2026-09-01T03:00:00Z"", ""CredenciadoraCartao"": null, ""CredenciadoraCNPJ"": null, ""CV_NSU"": null, ""TipoIntegracao"": null, ""CondicaoPagamento"": 0, ""Parcelas"": 1, ""PeriodoParcelas"": 30, ""Adiantamento"": 0.0, ""Quitar"": null}]";;0.0;;2026-09-01T08:51:48.747-03:00;;;;;;0001-01-01T00:00:00-02:00;GRUPO_BARRA;GRUPO_BARRA_EMPORIO MIX_6a96bc54cc1ea1a9bb43a6a0
6a96d4888f23320c4a7ad140;;99684043;PDV;698e1e656e2979a65b3595b7;EMPORIO MIX;69a397811c48b3770d64e993;EMPORIO MIX;Pedido Faturado;;Consumidor Final;2026-09-01T10:35:04.796-03:00;EMPORIO MIX;698e1dfa6e2979a65b359173;659057a8395f2736400d9dbd;CONSUMIDOR NÃO IDENTIFICADO;659057a8395f2736400d9dbd;;;Diego.Oalbuquerque@Hotmail.Com;28f81638-c595-4134-9287-9e27aa0e4112;Receitas PDV;PIX;635ae864cd43d34b928b24c4;0;0;;;2026-09-01T10:35:04.874-03:00;0001-01-01T00:00:00-02:00;0001-01-01T00:00:00-02:00;False;0.0;False;;False;0.0;Gerado automaticamente através do modulo PDV;0.0;;35.0;True;True;;;;;;;;;;;"[{""Id"": 1, ""Nome"": ""Grupo de Produtos Padrão - 01""}]";"[{""Codigo"": ""123213633323179"", ""Unidade"": """", ""Descricao"": ""123213633323179 - SALGADO FRITO"", ""Quantidade"": 2.0, ""ValorUnitario"": 4.0, ""ValorFrete"": 0.0, ""DescontoUnitario"": 0.4556, ""ValorTotal"": 7.09, ""PesoKG"": 0.0, ""Comprimento"": 0.0, ""Altura"": 0.0, ""Largura"": 0.0, ""FreteGratis"": false, ""ValorUnitarioFrete"": 1.0, ""PrazoEntregaFrete"": 0, ""ComissaoVendedor"": 0.0, ""Seguro"": 0.0, ""Composicoes"": [], ""Atributos"": null, ""ProductGroupId"": 1, ""Categoria"": """", ""CategoriaID"": """"}, {""Codigo"": ""0225"", ""Unidade"": ""UN"", ""Descricao"": ""0225 - SUCO DE MARACUJA 2L - COM AÇUCAR"", ""Quantidade"": 1.0, ""ValorUnitario"": 31.5, ""ValorFrete"": 0.0, ""DescontoUnitario"": 3.58785, ""ValorTotal"": 27.91, ""PesoKG"": 0.0, ""Comprimento"": 0.0, ""Altura"": 0.0, ""Largura"": 0.0, ""FreteGratis"": false, ""ValorUnitarioFrete"": 1.0, ""PrazoEntregaFrete"": 0, ""ComissaoVendedor"": 0.0, ""Seguro"": 0.0, ""Composicoes"": [], ""Atributos"": null, ""ProductGroupId"": 1, ""Categoria"": ""COM AÇUCAR"", ""CategoriaID"": ""6344371e5b452fbeceeea9ec""}]";;2026-09-01T10:35:04.874-03:00;"[{""FormaPagamento"": ""PIX"", ""DescricaoPagamento"": ""Pagamento recebido em PIX"", ""ValorPagamento"": 35.0, ""BandeiraCartao"": """", ""NumeroTerminal"": null, ""DataTransacao"": ""2026-09-01T03:00:00Z"", ""CredenciadoraCartao"": null, ""CredenciadoraCNPJ"": null, ""CV_NSU"": null, ""TipoIntegracao"": null, ""CondicaoPagamento"": 0, ""Parcelas"": 1, ""PeriodoParcelas"": 30, ""Adiantamento"": 0.0, ""Quitar"": null}]";;0.0;;2026-09-01T10:35:05.969-03:00;;;;;;0001-01-01T00:00:00-02:00;GRUPO_BARRA;GRUPO_BARRA_EMPORIO MIX_6a96d4888f23320c4a7ad140
6a92d410fa3edf4688ef09c0;;99682029;PDV;698e1e656e2979a65b3595b7;EMPORIO MIX;69a397811c48b3770d64e993;EMPORIO MIX;Pedido Faturado;;Consumidor Final;2026-08-29T09:44:00.092-03:00;EMPORIO MIX;698e1dfa6e2979a65b359173;6a16e26c635edc4e83631a58;CSM TRIZIDELA;6a16e26c635edc4e83631a58;;;Diego.Oalbuquerque@Hotmail.Com;28f81638-c595-4134-9287-9e27aa0e4112;Receitas PDV;Crédito Loja;5b648d993498afae6d5c3641;1;0;;;2026-08-29T09:44:00.169-03:00;0001-01-01T00:00:00-02:00;0001-01-01T00:00:00-02:00;False;0.0;False;;False;0.0;Gerado automaticamente através do modulo PDV;0.0;;15.0;True;True;Barra do Corda;2101608;Brasil;65950000;MA;21;TRIZIDELA;RUA RIO TAPAJÓS;232;;"[{""Id"": 1, ""Nome"": ""Grupo de Produtos Padrão - 01""}]";"[{""Codigo"": ""123213633322969"", ""Unidade"": """", ""Descricao"": ""123213633322969 - MARGARINA QUALY CREMOSA C/ SAL 250G"", ""Quantidade"": 2.0, ""ValorUnitario"": 7.5, ""ValorFrete"": 0.0, ""DescontoUnitario"": 0.0, ""ValorTotal"": 15.0, ""PesoKG"": 0.0, ""Comprimento"": 0.0, ""Altura"": 0.0, ""Largura"": 0.0, ""FreteGratis"": false, ""ValorUnitarioFrete"": 1.0, ""PrazoEntregaFrete"": 0, ""ComissaoVendedor"": 0.0, ""Seguro"": 0.0, ""Composicoes"": [], ""Atributos"": null, ""ProductGroupId"": 1, ""Categoria"": """", ""CategoriaID"": """"}]";;2026-08-29T09:44:00.169-03:00;"[{""FormaPagamento"": ""Crédito Loja"", ""DescricaoPagamento"": null, ""ValorPagamento"": 15.0, ""BandeiraCartao"": """", ""NumeroTerminal"": """", ""DataTransacao"": ""2026-09-28T03:00:00Z"", ""CredenciadoraCartao"": null, ""CredenciadoraCNPJ"": null, ""CV_NSU"": """", ""TipoIntegracao"": null, ""CondicaoPagamento"": 0, ""Parcelas"": 0, ""PeriodoParcelas"": 0, ""Adiantamento"": 0.0, ""Quitar"": null}]";;0.0;;2026-09-01T10:47:07.483-03:00;;;;;;2026-09-01T10:46:59.575-03:00;GRUPO_BARRA;GRUPO_BARRA_EMPORIO MIX_6a92d410fa3edf4688ef09c0
6a96a373fa3edf468817e218;;99683879;PDV;664a7b156434f5d1e58aa9ae;TABELA B2C BDC;65f1f02ae24a6f10a903ebf0;PDV ALTAMIRA;Pedido Faturado;;Consumidor Final;2026-09-01T07:05:39.355-03:00;PDV ALTAMIRA;69cdafbd231e9adf12163bd8;659057a8395f2736400d9dbd;CONSUMIDOR NÃO IDENTIFICADO;659057a8395f2736400d9dbd;;;Altamira pdv;3d99d9ae-9acd-4a70-ba9d-f500955aeae4;Receitas PDV;Dinheiro;5b648d1c3498afae6d5bfd89;0;0;;;2026-09-01T07:05:39.433-03:00;0001-01-01T00:00:00-02:00;0001-01-01T00:00:00-02:00;False;0.0;False;;False;0.0;Gerado automaticamente através do modulo PDV;0.0;;14.0;True;True;;;;;;;;;;;"[{""Id"": 1, ""Nome"": ""Grupo de Produtos Padrão - 01""}]";"[{""Codigo"": ""0237"", ""Unidade"": ""UN"", ""Descricao"": ""0237 - SUCO DE MARACUJA 300ML - COM AÇUCAR"", ""Quantidade"": 2.0, ""ValorUnitario"": 7.25, ""ValorFrete"": 0.0, ""DescontoUnitario"": 0.25012500000000004, ""ValorTotal"": 14.0, ""PesoKG"": 0.0, ""Comprimento"": 0.0, ""Altura"": 0.0, ""Largura"": 0.0, ""FreteGratis"": false, ""ValorUnitarioFrete"": 1.0, ""PrazoEntregaFrete"": 0, ""ComissaoVendedor"": 0.0, ""Seguro"": 0.0, ""Composicoes"": [], ""Atributos"": null, ""ProductGroupId"": 1, ""Categoria"": ""COM AÇUCAR"", ""CategoriaID"": ""6344371e5b452fbeceeea9ec""}]";;2026-09-01T07:05:39.433-03:00;"[{""FormaPagamento"": ""Dinheiro"", ""DescricaoPagamento"": ""Pagamento recebido em Dinheiro"", ""ValorPagamento"": 14.0, ""BandeiraCartao"": """", ""NumeroTerminal"": null, ""DataTransacao"": ""2026-09-01T03:00:00Z"", ""CredenciadoraCartao"": null, ""CredenciadoraCNPJ"": null, ""CV_NSU"": null, ""TipoIntegracao"": null, ""CondicaoPagamento"": 0, ""Parcelas"": 1, ""PeriodoParcelas"": 30, ""Adiantamento"": 0.0, ""Quitar"": null}]";;0.0;;2026-09-01T07:05:47.227-03:00;;;;;;0001-01-01T00:00:00-02:00;GRUPO_BARRA;GRUPO_BARRA_PDV ALTAMIRA_6a96a373fa3edf468817e218
6a96a4a5157a0891556bbef7;;99683885;PDV;664a7b156434f5d1e58aa9ae;TABELA B2C BDC;65f1f02ae24a6f10a903ebf0;PDV ALTAMIRA;Pedido Faturado;;Consumidor Final;2026-09-01T07:10:45.068-03:00;PDV ALTAMIRA;69cdafbd231e9adf12163bd8;659057a8395f2736400d9dbd;CONSUMIDOR NÃO IDENTIFICADO;659057a8395f2736400d9dbd;;;Altamira pdv;3d99d9ae-9acd-4a70-ba9d-f500955aeae4;Receitas PDV;Dinheiro;5b648d1c3498afae6d5bfd89;0;0;;;2026-09-01T07:10:45.115-03:00;0001-01-01T00:00:00-02:00;0001-01-01T00:00:00-02:00;False;0.0;False;;False;0.0;Gerado automaticamente através do modulo PDV;0.0;;5.0;True;True;;;;;;;;;;;"[{""Id"": 1, ""Nome"": ""Grupo de Produtos Padrão - 01""}]";"[{""Codigo"": ""0233"", ""Unidade"": ""UN"", ""Descricao"": ""0233 - SUCO DE GOIABA 300ML - COM AÇUCAR"", ""Quantidade"": 1.0, ""ValorUnitario"": 6.0, ""ValorFrete"": 0.0, ""DescontoUnitario"": 1.0002, ""ValorTotal"": 5.0, ""PesoKG"": 0.0, ""Comprimento"": 0.0, ""Altura"": 0.0, ""Largura"": 0.0, ""FreteGratis"": false, ""ValorUnitarioFrete"": 1.0, ""PrazoEntregaFrete"": 0, ""ComissaoVendedor"": 0.0, ""Seguro"": 0.0, ""Composicoes"": [], ""Atributos"": null, ""ProductGroupId"": 1, ""Categoria"": ""COM AÇUCAR"", ""CategoriaID"": ""6344371e5b452fbeceeea9ec""}]";;2026-09-01T07:10:45.115-03:00;"[{""FormaPagamento"": ""Dinheiro"", ""DescricaoPagamento"": ""Pagamento recebido em Dinheiro"", ""ValorPagamento"": 5.0, ""BandeiraCartao"": """", ""NumeroTerminal"": null, ""DataTransacao"": ""2026-09-01T03:00:00Z"", ""CredenciadoraCartao"": null, ""CredenciadoraCNPJ"": null, ""CV_NSU"": null, ""TipoIntegracao"": null, ""CondicaoPagamento"": 0, ""Parcelas"": 1, ""PeriodoParcelas"": 30, ""Adiantamento"": 0.0, ""Quitar"": null}]";;0.0;;2026-09-01T07:10:45.837-03:00;;;;;;0001-01-01T00:00:00-02:00;GRUPO_BARRA;GRUPO_BARRA_PDV ALTAMIRA_6a96a4a5157a0891556bbef7
6a96b2108f23320c4a773304;;99683907;PDV;664a7b156434f5d1e58aa9ae;CLUB VANTAGEM BDC;66c8caacba311769cd7ddafd;PDV ALTAMIRA;Pedido Faturado;;Consumidor Final;2026-09-01T08:08:00.347-03:00;PDV ALTAMIRA;69cdafbd231e9adf12163bd8;68f24b4ac811b4208577db53;Pablo Felipe CLUBE;68f24b4ac811b4208577db53;98779869220;;Altamira pdv;3d99d9ae-9acd-4a70-ba9d-f500955aeae4;Receitas PDV;Dinheiro;5b648d1c3498afae6d5bfd89;0;0;;;2026-09-01T08:08:00.41-03:00;0001-01-01T00:00:00-02:00;0001-01-01T00:00:00-02:00;False;0.0;False;;False;0.0;Gerado automaticamente através do modulo PDV;0.0;;14.0;True;True;;;Brasil;;;;;;;;"[{""Id"": 1, ""Nome"": ""Grupo de Produtos Padrão - 01""}]";"[{""Codigo"": ""0209"", ""Unidade"": ""UN"", ""Descricao"": ""0209 - SUCO DE LARANJA 1L - COM AÇUCAR"", ""Quantidade"": 1.0, ""ValorUnitario"": 14.0, ""ValorFrete"": 0.0, ""DescontoUnitario"": 0.0, ""ValorTotal"": 14.0, ""PesoKG"": 0.0, ""Comprimento"": 0.0, ""Altura"": 0.0, ""Largura"": 0.0, ""FreteGratis"": false, ""ValorUnitarioFrete"": 1.0, ""PrazoEntregaFrete"": 0, ""ComissaoVendedor"": 0.0, ""Seguro"": 0.0, ""Composicoes"": [], ""Atributos"": null, ""ProductGroupId"": 1, ""Categoria"": ""COM AÇUCAR"", ""CategoriaID"": ""6344371e5b452fbeceeea9ec""}]";;2026-09-01T08:08:00.41-03:00;"[{""FormaPagamento"": ""Dinheiro"", ""DescricaoPagamento"": ""Pagamento recebido em Dinheiro"", ""ValorPagamento"": 14.0, ""BandeiraCartao"": """", ""NumeroTerminal"": null, ""DataTransacao"": ""2026-09-01T03:00:00Z"", ""CredenciadoraCartao"": null, ""CredenciadoraCNPJ"": null, ""CV_NSU"": null, ""TipoIntegracao"": null, ""CondicaoPagamento"": 0, ""Parcelas"": 1, ""PeriodoParcelas"": 30, ""Adiantamento"": 0.0, ""Quitar"": null}]";;0.0;;2026-09-01T08:08:01.834-03:00;;;;;;0001-01-01T00:00:00-02:00;GRUPO_BARRA;GRUPO_BARRA_PDV ALTAMIRA_6a96b2108f23320c4a773304
6a96b652b971d879f71f5ef5;;99683919;PDV;664a7b156434f5d1e58aa9ae;TABELA B2C BDC;65f1f02ae24a6f10a903ebf0;PDV ALTAMIRA;Pedido Faturado;;Consumidor Final;2026-09-01T08:26:09.975-03:00;PDV ALTAMIRA;69cdafbd231e9adf12163bd8;659057a8395f2736400d9dbd;CONSUMIDOR NÃO IDENTIFICADO;659057a8395f2736400d9dbd;;;Altamira pdv;3d99d9ae-9acd-4a70-ba9d-f500955aeae4;Receitas PDV;Dinheiro;5b648d1c3498afae6d5bfd89;0;0;;;2026-09-01T08:26:10.022-03:00;0001-01-01T00:00:00-02:00;0001-01-01T00:00:00-02:00;False;0.0;False;;False;0.0;Gerado automaticamente através do modulo PDV;0.0;;8.0;True;True;;;;;;;;;;;"[{""Id"": 1, ""Nome"": ""Grupo de Produtos Padrão - 01""}]";"[{""Codigo"": ""123213633323179"", ""Unidade"": """", ""Descricao"": ""123213633323179 - SALGADO FRITO"", ""Quantidade"": 2.0, ""ValorUnitario"": 4.0, ""ValorFrete"": 0.0, ""DescontoUnitario"": 0.0, ""ValorTotal"": 8.0, ""PesoKG"": 0.0, ""Comprimento"": 0.0, ""Altura"": 0.0, ""Largura"": 0.0, ""FreteGratis"": false, ""ValorUnitarioFrete"": 1.0, ""PrazoEntregaFrete"": 0, ""ComissaoVendedor"": 0.0, ""Seguro"": 0.0, ""Composicoes"": [], ""Atributos"": null, ""ProductGroupId"": 1, ""Categoria"": """", ""CategoriaID"": """"}]";;2026-09-01T08:26:10.022-03:00;"[{""FormaPagamento"": ""Dinheiro"", ""DescricaoPagamento"": ""Pagamento recebido em Dinheiro"", ""ValorPagamento"": 8.0, ""BandeiraCartao"": """", ""NumeroTerminal"": null, ""DataTransacao"": ""2026-09-01T03:00:00Z"", ""CredenciadoraCartao"": null, ""CredenciadoraCNPJ"": null, ""CV_NSU"": null, ""TipoIntegracao"": null, ""CondicaoPagamento"": 0, ""Parcelas"": 1, ""PeriodoParcelas"": 30, ""Adiantamento"": 0.0, ""Quitar"": null}]";;0.0;;2026-09-01T08:26:10.82-03:00;;;;;;0001-01-01T00:00:00-02:00;GRUPO_BARRA;GRUPO_BARRA_PDV ALTAMIRA_6a96b652b971d879f71f5ef5
6a96be485d59cc884e087440;;99683950;PDV;664a7b156434f5d1e58aa9ae;CLUB VANTAGEM BDC;66c8caacba311769cd7ddafd;PDV ALTAMIRA;Pedido Faturado;;Consumidor Final;2026-09-01T09:00:08.571-03:00;PDV ALTAMIRA;69cdafbd231e9adf12163bd8;6808d415fb3b9e3a93a1a6d5;areta melo pinheiro CLUBE;6808d415fb3b9e3a93a1a6d5;64617106120;;Altamira pdv;3d99d9ae-9acd-4a70-ba9d-f500955aeae4;Receitas PDV;Dinheiro;5b648d1c3498afae6d5bfd89;0;0;;;2026-09-01T09:00:08.696-03:00;0001-01-01T00:00:00-02:00;0001-01-01T00:00:00-02:00;False;0.0;False;;False;0.0;Gerado automaticamente através do modulo PDV;0.0;;27.0;True;True;Barra do Corda;2101608;Brasil;65950000;MA;21;altamira;;;;"[{""Id"": 1, ""Nome"": ""Grupo de Produtos Padrão - 01""}]";"[{""Codigo"": ""0224"", ""Unidade"": ""UN"", ""Descricao"": ""0224 - SUCO DE LARANJA 2L - COM AÇUCAR"", ""Quantidade"": 1.0, ""ValorUnitario"": 27.0, ""ValorFrete"": 0.0, ""DescontoUnitario"": 0.0, ""ValorTotal"": 27.0, ""PesoKG"": 0.0, ""Comprimento"": 0.0, ""Altura"": 0.0, ""Largura"": 0.0, ""FreteGratis"": false, ""ValorUnitarioFrete"": 1.0, ""PrazoEntregaFrete"": 0, ""ComissaoVendedor"": 0.0, ""Seguro"": 0.0, ""Composicoes"": [], ""Atributos"": null, ""ProductGroupId"": 1, ""Categoria"": ""COM AÇUCAR"", ""CategoriaID"": ""6344371e5b452fbeceeea9ec""}]";;2026-09-01T09:00:08.696-03:00;"[{""FormaPagamento"": ""Dinheiro"", ""DescricaoPagamento"": ""Pagamento recebido em Dinheiro"", ""ValorPagamento"": 27.0, ""BandeiraCartao"": """", ""NumeroTerminal"": null, ""DataTransacao"": ""2026-09-01T03:00:00Z"", ""CredenciadoraCartao"": null, ""CredenciadoraCNPJ"": null, ""CV_NSU"": null, ""TipoIntegracao"": null, ""CondicaoPagamento"": 0, ""Parcelas"": 1, ""PeriodoParcelas"": 30, ""Adiantamento"": 0.0, ""Quitar"": null}]";;0.0;;2026-09-01T09:00:09.541-03:00;;;;;;0001-01-01T00:00:00-02:00;GRUPO_BARRA;GRUPO_BARRA_PDV ALTAMIRA_6a96be485d59cc884e087440
6a96d3e9b971d879f72275f7;;99684038;PDV;664a7b156434f5d1e58aa9ae;CLUB VANTAGEM BDC;66c8caacba311769cd7ddafd;PDV ALTAMIRA;Pedido Faturado;;Consumidor Final;2026-09-01T10:32:25.78-03:00;PDV ALTAMIRA;69cdafbd231e9adf12163bd8;6a85a3a0550a6656548a1d80;Expedito Gonçalves CLUBE;6a85a3a0550a6656548a1d80;34479503315;;Altamira pdv;3d99d9ae-9acd-4a70-ba9d-f500955aeae4;Receitas PDV;Cartão de Débito;5b648d993498afae6d5c361b;0;0;;;2026-09-01T10:32:25.827-03:00;0001-01-01T00:00:00-02:00;0001-01-01T00:00:00-02:00;False;0.0;False;;False;0.0;Gerado automaticamente através do modulo PDV;0.0;;23.0;True;True;;;Brasil;;;;;;;;"[{""Id"": 1, ""Nome"": ""Grupo de Produtos Padrão - 01""}]";"[{""Codigo"": ""0222"", ""Unidade"": ""UN"", ""Descricao"": ""0222 - SUCO DE GOIABA 2L - COM AÇUCAR"", ""Quantidade"": 1.0, ""ValorUnitario"": 23.0, ""ValorFrete"": 0.0, ""DescontoUnitario"": 0.0, ""ValorTotal"": 23.0, ""PesoKG"": 0.0, ""Comprimento"": 0.0, ""Altura"": 0.0, ""Largura"": 0.0, ""FreteGratis"": false, ""ValorUnitarioFrete"": 1.0, ""PrazoEntregaFrete"": 0, ""ComissaoVendedor"": 0.0, ""Seguro"": 0.0, ""Composicoes"": [], ""Atributos"": null, ""ProductGroupId"": 1, ""Categoria"": ""COM AÇUCAR"", ""CategoriaID"": ""6344371e5b452fbeceeea9ec""}]";;2026-09-01T10:32:25.827-03:00;"[{""FormaPagamento"": ""Cartão de Débito"", ""DescricaoPagamento"": ""Pagamento recebido em Cartão de Débito"", ""ValorPagamento"": 23.0, ""BandeiraCartao"": ""01"", ""NumeroTerminal"": null, ""DataTransacao"": ""2026-09-01T03:00:00Z"", ""CredenciadoraCartao"": """", ""CredenciadoraCNPJ"": null, ""CV_NSU"": null, ""TipoIntegracao"": null, ""CondicaoPagamento"": 0, ""Parcelas"": 1, ""PeriodoParcelas"": 30, ""Adiantamento"": 0.0, ""Quitar"": null}]";;0.0;;2026-09-01T10:32:29.019-03:00;;;;;;0001-01-01T00:00:00-02:00;GRUPO_BARRA;GRUPO_BARRA_PDV ALTAMIRA_6a96d3e9b971d879f72275f7
6a96d55f595c768ba0e05f8e;;99684046;PDV;664a7b156434f5d1e58aa9ae;TABELA B2C BDC;65f1f02ae24a6f10a903ebf0;PDV ALTAMIRA;Pedido Faturado;;Consumidor Final;2026-09-01T10:38:39.592-03:00;PDV ALTAMIRA;69cdafbd231e9adf12163bd8;659057a8395f2736400d9dbd;CONSUMIDOR NÃO IDENTIFICADO;659057a8395f2736400d9dbd;;;Altamira pdv;3d99d9ae-9acd-4a70-ba9d-f500955aeae4;Receitas PDV;Dinheiro;5b648d1c3498afae6d5bfd89;0;0;;;2026-09-01T10:38:39.624-03:00;0001-01-01T00:00:00-02:00;0001-01-01T00:00:00-02:00;False;0.0;False;;False;0.0;Gerado automaticamente através do modulo PDV;0.0;;4.0;True;True;;;;;;;;;;;"[{""Id"": 1, ""Nome"": ""Grupo de Produtos Padrão - 01""}]";"[{""Codigo"": ""123213633323505"", ""Unidade"": """", ""Descricao"": ""123213633323505 - CARAMELLE MORANGO 60g"", ""Quantidade"": 1.0, ""ValorUnitario"": 4.0, ""ValorFrete"": 0.0, ""DescontoUnitario"": 0.0, ""ValorTotal"": 4.0, ""PesoKG"": 0.0, ""Comprimento"": 0.0, ""Altura"": 0.0, ""Largura"": 0.0, ""FreteGratis"": false, ""ValorUnitarioFrete"": 1.0, ""PrazoEntregaFrete"": 0, ""ComissaoVendedor"": 0.0, ""Seguro"": 0.0, ""Composicoes"": [], ""Atributos"": null, ""ProductGroupId"": 1, ""Categoria"": """", ""CategoriaID"": """"}]";;2026-09-01T10:38:39.624-03:00;"[{""FormaPagamento"": ""Dinheiro"", ""DescricaoPagamento"": ""Pagamento recebido em Dinheiro"", ""ValorPagamento"": 4.0, ""BandeiraCartao"": """", ""NumeroTerminal"": null, ""DataTransacao"": ""2026-09-01T03:00:00Z"", ""CredenciadoraCartao"": null, ""CredenciadoraCNPJ"": null, ""CV_NSU"": null, ""TipoIntegracao"": null, ""CondicaoPagamento"": 0, ""Parcelas"": 1, ""PeriodoParcelas"": 30, ""Adiantamento"": 0.0, ""Quitar"": null}]";;0.0;;2026-09-01T10:38:40.14-03:00;;;;;;0001-01-01T00:00:00-02:00;GRUPO_BARRA;GRUPO_BARRA_PDV ALTAMIRA_6a96d55f595c768ba0e05f8e
6a96d8e5ee644c1ac97757b7;;99684053;PDV;664a7b156434f5d1e58aa9ae;TABELA B2C BDC;65f1f02ae24a6f10a903ebf0;PDV ALTAMIRA;Pedido Faturado;;Consumidor Final;2026-09-01T10:53:41.622-03:00;PDV ALTAMIRA;69cdafbd231e9adf12163bd8;659057a8395f2736400d9dbd;CONSUMIDOR NÃO IDENTIFICADO;659057a8395f2736400d9dbd;;;Altamira pdv;3d99d9ae-9acd-4a70-ba9d-f500955aeae4;Receitas PDV;Cartão de Crédito;5b648d983498afae6d5c3601;1;0;;;2026-09-01T10:53:41.668-03:00;0001-01-01T00:00:00-02:00;0001-01-01T00:00:00-02:00;False;0.0;False;;False;0.0;Gerado automaticamente através do modulo PDV;0.0;;7.0;True;True;;;;;;;;;;;"[{""Id"": 1, ""Nome"": ""Grupo de Produtos Padrão - 01""}]";"[{""Codigo"": ""0236"", ""Unidade"": ""UN"", ""Descricao"": ""0236 - SUCO DE LARANJA 300ML - COM AÇUCAR"", ""Quantidade"": 1.0, ""ValorUnitario"": 7.0, ""ValorFrete"": 0.0, ""DescontoUnitario"": 0.0, ""ValorTotal"": 7.0, ""PesoKG"": 0.0, ""Comprimento"": 0.0, ""Altura"": 0.0, ""Largura"": 0.0, ""FreteGratis"": false, ""ValorUnitarioFrete"": 1.0, ""PrazoEntregaFrete"": 0, ""ComissaoVendedor"": 0.0, ""Seguro"": 0.0, ""Composicoes"": [], ""Atributos"": null, ""ProductGroupId"": 1, ""Categoria"": ""COM AÇUCAR"", ""CategoriaID"": ""6344371e5b452fbeceeea9ec""}]";;2026-09-01T10:53:41.668-03:00;"[{""FormaPagamento"": ""Cartão de Crédito"", ""DescricaoPagamento"": ""Pagamento recebido em Cartão de Crédito"", ""ValorPagamento"": 7.0, ""BandeiraCartao"": ""02"", ""NumeroTerminal"": null, ""DataTransacao"": ""2026-09-01T03:00:00Z"", ""CredenciadoraCartao"": """", ""CredenciadoraCNPJ"": null, ""CV_NSU"": null, ""TipoIntegracao"": null, ""CondicaoPagamento"": 1, ""Parcelas"": 1, ""PeriodoParcelas"": 30, ""Adiantamento"": 0.0, ""Quitar"": null}]";;0.0;;2026-09-01T10:53:44.22-03:00;;;;;;0001-01-01T00:00:00-02:00;GRUPO_BARRA;GRUPO_BARRA_PDV ALTAMIRA_6a96d8e5ee644c1ac97757b7
6a96c185e02d10eeabc56035;;99683960;PDV;69ebbc3d8740f2c70d552291;TAB_CLUBE_TRIZIDELA_VALE;69ea56a14d732236b9c4d1bf;TRIZIDELA;Pedido Faturado;;Consumidor Final;2026-09-01T09:13:57.662-03:00;TRIZIDELA DO VALE - CSM MIX;69ea55232079a78c3b286e13;6a79eb9d816c3236a57a7428;ANA CAROLINA CARVALHO E SILVA CLUBE;6a79eb9d816c3236a57a7428;05010397161;posmix01@gmail.com;TRIZIDELA JC;8d3467a0-7222-45b4-bfe7-f99f9784adf7;Receitas PDV;Cartão de Débito;5b648d993498afae6d5c361b;0;0;;;2026-09-01T09:13:57.725-03:00;0001-01-01T00:00:00-02:00;0001-01-01T00:00:00-02:00;False;0.0;False;;False;0.0;Gerado automaticamente através do modulo PDV;0.0;;50.0;True;True;LIMA cAMPOS;;Brasil;;;;;;;;"[{""Id"": 1, ""Nome"": ""Grupo de Produtos Padrão - 01""}]";"[{""Codigo"": ""0209"", ""Unidade"": ""UN"", ""Descricao"": ""0209 - SUCO DE LARANJA 1L - COM AÇUCAR"", ""Quantidade"": 1.0, ""ValorUnitario"": 18.0, ""ValorFrete"": 0.0, ""DescontoUnitario"": 0.3528, ""ValorTotal"": 17.65, ""PesoKG"": 0.0, ""Comprimento"": 0.0, ""Altura"": 0.0, ""Largura"": 0.0, ""FreteGratis"": false, ""ValorUnitarioFrete"": 1.0, ""PrazoEntregaFrete"": 0, ""ComissaoVendedor"": 0.0, ""Seguro"": 0.0, ""Composicoes"": [], ""Atributos"": null, ""ProductGroupId"": 1, ""Categoria"": ""COM AÇUCAR"", ""CategoriaID"": ""6344371e5b452fbeceeea9ec""}, {""Codigo"": ""0224"", ""Unidade"": ""UN"", ""Descricao"": ""0224 - SUCO DE LARANJA 2L - COM AÇUCAR"", ""Quantidade"": 1.0, ""ValorUnitario"": 33.0, ""ValorFrete"": 0.0, ""DescontoUnitario"": 0.6467999999999999, ""ValorTotal"": 32.35, ""PesoKG"": 0.0, ""Comprimento"": 0.0, ""Altura"": 0.0, ""Largura"": 0.0, ""FreteGratis"": false, ""ValorUnitarioFrete"": 1.0, ""PrazoEntregaFrete"": 0, ""ComissaoVendedor"": 0.0, ""Seguro"": 0.0, ""Composicoes"": [], ""Atributos"": null, ""ProductGroupId"": 1, ""Categoria"": ""COM AÇUCAR"", ""CategoriaID"": ""6344371e5b452fbeceeea9ec""}]";;2026-09-01T09:13:57.725-03:00;"[{""FormaPagamento"": ""Cartão de Débito"", ""DescricaoPagamento"": ""Pagamento recebido em Cartão de Débito"", ""ValorPagamento"": 50.0, ""BandeiraCartao"": ""02"", ""NumeroTerminal"": null, ""DataTransacao"": ""2026-09-01T03:00:00Z"", ""CredenciadoraCartao"": ""STONE INSTITUICAO DE PAGAMENTO S.A"", ""CredenciadoraCNPJ"": ""16501555000157"", ""CV_NSU"": null, ""TipoIntegracao"": ""2"", ""CondicaoPagamento"": 0, ""Parcelas"": 1, ""PeriodoParcelas"": 30, ""Adiantamento"": 0.0, ""Quitar"": null}]";;0.0;;2026-09-01T09:13:59.117-03:00;;;;;;0001-01-01T00:00:00-02:00;GRUPO_BARRA;GRUPO_BARRA_TRIZIDELA DO VALE - CSM MIX_6a96c185e02d10eeabc56035
6a96c1fb5d59cc884e08dcb6;;99683962;PDV;69ebbc3d8740f2c70d552291;TAB_CLUBE_TRIZIDELA_VALE;69ea56a14d732236b9c4d1bf;TRIZIDELA;Pedido Faturado;;Consumidor Final;2026-09-01T09:15:55.229-03:00;TRIZIDELA DO VALE - CSM MIX;69ea55232079a78c3b286e13;659057a8395f2736400d9dbd;CONSUMIDOR NÃO IDENTIFICADO;659057a8395f2736400d9dbd;;;TRIZIDELA JC;8d3467a0-7222-45b4-bfe7-f99f9784adf7;Receitas PDV;PIX;635ae864cd43d34b928b24c4;0;0;;;2026-09-01T09:15:55.293-03:00;0001-01-01T00:00:00-02:00;0001-01-01T00:00:00-02:00;False;0.0;False;;False;0.0;Gerado automaticamente através do modulo PDV;0.0;;26.0;True;True;;;;;;;;;;;"[{""Id"": 1, ""Nome"": ""Grupo de Produtos Padrão - 01""}]";"[{""Codigo"": ""0233"", ""Unidade"": ""UN"", ""Descricao"": ""0233 - SUCO DE GOIABA 300ML - COM AÇUCAR"", ""Quantidade"": 1.0, ""ValorUnitario"": 5.0, ""ValorFrete"": 0.0, ""DescontoUnitario"": 0.0, ""ValorTotal"": 5.0, ""PesoKG"": 0.0, ""Comprimento"": 0.0, ""Altura"": 0.0, ""Largura"": 0.0, ""FreteGratis"": false, ""ValorUnitarioFrete"": 1.0, ""PrazoEntregaFrete"": 0, ""ComissaoVendedor"": 0.0, ""Seguro"": 0.0, ""Composicoes"": [], ""Atributos"": null, ""ProductGroupId"": 1, ""Categoria"": ""COM AÇUCAR"", ""CategoriaID"": ""6344371e5b452fbeceeea9ec""}, {""Codigo"": ""0202"", ""Unidade"": ""UN"", ""Descricao"": ""0202 - SUCO DE ACEROLA 1L - COM AÇUCAR"", ""Quantidade"": 1.0, ""ValorUnitario"": 21.0, ""ValorFrete"": 0.0, ""DescontoUnitario"": 0.0, ""ValorTotal"": 21.0, ""PesoKG"": 0.0, ""Comprimento"": 0.0, ""Altura"": 0.0, ""Largura"": 0.0, ""FreteGratis"": false, ""ValorUnitarioFrete"": 1.0, ""PrazoEntregaFrete"": 0, ""ComissaoVendedor"": 0.0, ""Seguro"": 0.0, ""Composicoes"": [], ""Atributos"": null, ""ProductGroupId"": 1, ""Categoria"": ""COM AÇUCAR"", ""CategoriaID"": ""6344371e5b452fbeceeea9ec""}]";;2026-09-01T09:15:55.293-03:00;"[{""FormaPagamento"": ""PIX"", ""DescricaoPagamento"": ""Pagamento recebido em PIX"", ""ValorPagamento"": 26.0, ""BandeiraCartao"": """", ""NumeroTerminal"": null, ""DataTransacao"": ""2026-09-01T03:00:00Z"", ""CredenciadoraCartao"": null, ""CredenciadoraCNPJ"": null, ""CV_NSU"": null, ""TipoIntegracao"": null, ""CondicaoPagamento"": 0, ""Parcelas"": 1, ""PeriodoParcelas"": 30, ""Adiantamento"": 0.0, ""Quitar"": null}]";;0.0;;2026-09-01T09:15:57.032-03:00;;;;;;0001-01-01T00:00:00-02:00;GRUPO_BARRA;GRUPO_BARRA_TRIZIDELA DO VALE - CSM MIX_6a96c1fb5d59cc884e08dcb6
6a96c25de02d10eeabc57690;;99683964;PDV;69ebbc3d8740f2c70d552291;TAB_CLUBE_TRIZIDELA_VALE;69ea56a14d732236b9c4d1bf;TRIZIDELA;Pedido Faturado;;Consumidor Final;2026-09-01T09:17:33.144-03:00;TRIZIDELA DO VALE - CSM MIX;69ea55232079a78c3b286e13;659057a8395f2736400d9dbd;CONSUMIDOR NÃO IDENTIFICADO;659057a8395f2736400d9dbd;;;TRIZIDELA JC;8d3467a0-7222-45b4-bfe7-f99f9784adf7;Receitas PDV;Cartão de Crédito;5b648d983498afae6d5c3601;1;0;;;2026-09-01T09:17:33.196-03:00;0001-01-01T00:00:00-02:00;0001-01-01T00:00:00-02:00;False;0.0;False;;False;0.0;Gerado automaticamente através do modulo PDV;0.0;;40.0;True;True;;;;;;;;;;;"[{""Id"": 1, ""Nome"": ""Grupo de Produtos Padrão - 01""}]";"[{""Codigo"": ""123213633322773"", ""Unidade"": """", ""Descricao"": ""123213633322773 - IOGURTE DE MARACUJÁ 1L"", ""Quantidade"": 1.0, ""ValorUnitario"": 20.0, ""ValorFrete"": 0.0, ""DescontoUnitario"": 0.0, ""ValorTotal"": 20.0, ""PesoKG"": 0.0, ""Comprimento"": 0.0, ""Altura"": 0.0, ""Largura"": 0.0, ""FreteGratis"": false, ""ValorUnitarioFrete"": 1.0, ""PrazoEntregaFrete"": 0, ""ComissaoVendedor"": 0.0, ""Seguro"": 0.0, ""Composicoes"": [], ""Atributos"": null, ""ProductGroupId"": 1, ""Categoria"": """", ""CategoriaID"": """"}, {""Codigo"": ""123213633322772"", ""Unidade"": """", ""Descricao"": ""123213633322772 - IOGURTE DE MORANGO 1L"", ""Quantidade"": 1.0, ""ValorUnitario"": 20.0, ""ValorFrete"": 0.0, ""DescontoUnitario"": 0.0, ""ValorTotal"": 20.0, ""PesoKG"": 0.0, ""Comprimento"": 0.0, ""Altura"": 0.0, ""Largura"": 0.0, ""FreteGratis"": false, ""ValorUnitarioFrete"": 1.0, ""PrazoEntregaFrete"": 0, ""ComissaoVendedor"": 0.0, ""Seguro"": 0.0, ""Composicoes"": [], ""Atributos"": null, ""ProductGroupId"": 1, ""Categoria"": """", ""CategoriaID"": """"}]";;2026-09-01T09:17:33.196-03:00;"[{""FormaPagamento"": ""Cartão de Crédito"", ""DescricaoPagamento"": ""Pagamento recebido em Cartão de Crédito"", ""ValorPagamento"": 40.0, ""BandeiraCartao"": ""02"", ""NumeroTerminal"": null, ""DataTransacao"": ""2026-09-01T03:00:00Z"", ""CredenciadoraCartao"": ""STONE INSTITUICAO DE PAGAMENTO S.A"", ""CredenciadoraCNPJ"": ""16501555000157"", ""CV_NSU"": null, ""TipoIntegracao"": ""2"", ""CondicaoPagamento"": 1, ""Parcelas"": 1, ""PeriodoParcelas"": 30, ""Adiantamento"": 0.0, ""Quitar"": null}]";;0.0;;2026-09-01T09:17:33.979-03:00;;;;;;0001-01-01T00:00:00-02:00;GRUPO_BARRA;GRUPO_BARRA_TRIZIDELA DO VALE - CSM MIX_6a96c25de02d10eeabc57690
6a96c2a3ee644c1ac974c39e;;99683966;PDV;69ebbc3d8740f2c70d552291;TAB_CLUBE_TRIZIDELA_VALE;69ea56a14d732236b9c4d1bf;TRIZIDELA;Pedido Faturado;;Consumidor Final;2026-09-01T09:18:43.759-03:00;TRIZIDELA DO VALE - CSM MIX;69ea55232079a78c3b286e13;659057a8395f2736400d9dbd;CONSUMIDOR NÃO IDENTIFICADO;659057a8395f2736400d9dbd;;;TRIZIDELA JC;8d3467a0-7222-45b4-bfe7-f99f9784adf7;Receitas PDV;PIX;635ae864cd43d34b928b24c4;0;0;;;2026-09-01T09:18:43.821-03:00;0001-01-01T00:00:00-02:00;0001-01-01T00:00:00-02:00;False;0.0;False;;False;0.0;Gerado automaticamente através do modulo PDV;0.0;;12.0;True;True;;;;;;;;;;;"[{""Id"": 1, ""Nome"": ""Grupo de Produtos Padrão - 01""}]";"[{""Codigo"": ""0236"", ""Unidade"": ""UN"", ""Descricao"": ""0236 - SUCO DE LARANJA 300ML - COM AÇUCAR"", ""Quantidade"": 2.0, ""ValorUnitario"": 6.0, ""ValorFrete"": 0.0, ""DescontoUnitario"": 0.0, ""ValorTotal"": 12.0, ""PesoKG"": 0.0, ""Comprimento"": 0.0, ""Altura"": 0.0, ""Largura"": 0.0, ""FreteGratis"": false, ""ValorUnitarioFrete"": 1.0, ""PrazoEntregaFrete"": 0, ""ComissaoVendedor"": 0.0, ""Seguro"": 0.0, ""Composicoes"": [], ""Atributos"": null, ""ProductGroupId"": 1, ""Categoria"": ""COM AÇUCAR"", ""CategoriaID"": ""6344371e5b452fbeceeea9ec""}]";;2026-09-01T09:18:43.821-03:00;"[{""FormaPagamento"": ""PIX"", ""DescricaoPagamento"": ""Pagamento recebido em PIX"", ""ValorPagamento"": 12.0, ""BandeiraCartao"": """", ""NumeroTerminal"": null, ""DataTransacao"": ""2026-09-01T03:00:00Z"", ""CredenciadoraCartao"": null, ""CredenciadoraCNPJ"": null, ""CV_NSU"": null, ""TipoIntegracao"": null, ""CondicaoPagamento"": 0, ""Parcelas"": 1, ""PeriodoParcelas"": 30, ""Adiantamento"": 0.0, ""Quitar"": null}]";;0.0;;2026-09-01T09:18:44.541-03:00;;;;;;0001-01-01T00:00:00-02:00;GRUPO_BARRA;GRUPO_BARRA_TRIZIDELA DO VALE - CSM MIX_6a96c2a3ee644c1ac974c39e
6a96c2d1ee644c1ac974c832;;99683967;PDV;69ebbc3d8740f2c70d552291;TAB_CLUBE_TRIZIDELA_VALE;69ea56a14d732236b9c4d1bf;TRIZIDELA;Pedido Faturado;;Consumidor Final;2026-09-01T09:19:29.262-03:00;TRIZIDELA DO VALE - CSM MIX;69ea55232079a78c3b286e13;659057a8395f2736400d9dbd;CONSUMIDOR NÃO IDENTIFICADO;659057a8395f2736400d9dbd;;;TRIZIDELA JC;8d3467a0-7222-45b4-bfe7-f99f9784adf7;Receitas PDV;PIX;635ae864cd43d34b928b24c4;0;0;;;2026-09-01T09:19:29.325-03:00;0001-01-01T00:00:00-02:00;0001-01-01T00:00:00-02:00;False;0.0;False;;False;0.0;Gerado automaticamente através do modulo PDV;0.0;;33.0;True;True;;;;;;;;;;;"[{""Id"": 1, ""Nome"": ""Grupo de Produtos Padrão - 01""}]";"[{""Codigo"": ""0225"", ""Unidade"": ""UN"", ""Descricao"": ""0225 - SUCO DE MARACUJA 2L - COM AÇUCAR"", ""Quantidade"": 1.0, ""ValorUnitario"": 33.0, ""ValorFrete"": 0.0, ""DescontoUnitario"": 0.0, ""ValorTotal"": 33.0, ""PesoKG"": 0.0, ""Comprimento"": 0.0, ""Altura"": 0.0, ""Largura"": 0.0, ""FreteGratis"": false, ""ValorUnitarioFrete"": 1.0, ""PrazoEntregaFrete"": 0, ""ComissaoVendedor"": 0.0, ""Seguro"": 0.0, ""Composicoes"": [], ""Atributos"": null, ""ProductGroupId"": 1, ""Categoria"": ""COM AÇUCAR"", ""CategoriaID"": ""6344371e5b452fbeceeea9ec""}]";;2026-09-01T09:19:29.325-03:00;"[{""FormaPagamento"": ""PIX"", ""DescricaoPagamento"": ""Pagamento recebido em PIX"", ""ValorPagamento"": 33.0, ""BandeiraCartao"": """", ""NumeroTerminal"": null, ""DataTransacao"": ""2026-09-01T03:00:00Z"", ""CredenciadoraCartao"": null, ""CredenciadoraCNPJ"": null, ""CV_NSU"": null, ""TipoIntegracao"": null, ""CondicaoPagamento"": 0, ""Parcelas"": 1, ""PeriodoParcelas"": 30, ""Adiantamento"": 0.0, ""Quitar"": null}]";;0.0;;2026-09-01T09:19:30.169-03:00;;;;;;0001-01-01T00:00:00-02:00;GRUPO_BARRA;GRUPO_BARRA_TRIZIDELA DO VALE - CSM MIX_6a96c2d1ee644c1ac974c832
6a96c35afa3edf46881ab3ed;;99683968;PDV;69ebbc3d8740f2c70d552291;TAB_CLUBE_TRIZIDELA_VALE;69ea56a14d732236b9c4d1bf;TRIZIDELA;Pedido Faturado;;Consumidor Final;2026-09-01T09:21:46.764-03:00;TRIZIDELA DO VALE - CSM MIX;69ea55232079a78c3b286e13;659057a8395f2736400d9dbd;CONSUMIDOR NÃO IDENTIFICADO;659057a8395f2736400d9dbd;;;TRIZIDELA JC;8d3467a0-7222-45b4-bfe7-f99f9784adf7;Receitas PDV;PIX;635ae864cd43d34b928b24c4;0;0;;;2026-09-01T09:21:46.811-03:00;0001-01-01T00:00:00-02:00;0001-01-01T00:00:00-02:00;False;0.0;False;;False;0.0;Gerado automaticamente através do modulo PDV;0.0;;6.0;True;True;;;;;;;;;;;"[{""Id"": 1, ""Nome"": ""Grupo de Produtos Padrão - 01""}]";"[{""Codigo"": ""0236"", ""Unidade"": ""UN"", ""Descricao"": ""0236 - SUCO DE LARANJA 300ML - COM AÇUCAR"", ""Quantidade"": 1.0, ""ValorUnitario"": 6.0, ""ValorFrete"": 0.0, ""DescontoUnitario"": 0.0, ""ValorTotal"": 6.0, ""PesoKG"": 0.0, ""Comprimento"": 0.0, ""Altura"": 0.0, ""Largura"": 0.0, ""FreteGratis"": false, ""ValorUnitarioFrete"": 1.0, ""PrazoEntregaFrete"": 0, ""ComissaoVendedor"": 0.0, ""Seguro"": 0.0, ""Composicoes"": [], ""Atributos"": null, ""ProductGroupId"": 1, ""Categoria"": ""COM AÇUCAR"", ""CategoriaID"": ""6344371e5b452fbeceeea9ec""}]";;2026-09-01T09:21:46.811-03:00;"[{""FormaPagamento"": ""PIX"", ""DescricaoPagamento"": ""Pagamento recebido em PIX"", ""ValorPagamento"": 6.0, ""BandeiraCartao"": """", ""NumeroTerminal"": null, ""DataTransacao"": ""2026-09-01T03:00:00Z"", ""CredenciadoraCartao"": null, ""CredenciadoraCNPJ"": null, ""CV_NSU"": null, ""TipoIntegracao"": null, ""CondicaoPagamento"": 0, ""Parcelas"": 1, ""PeriodoParcelas"": 30, ""Adiantamento"": 0.0, ""Quitar"": null}]";;0.0;;2026-09-01T09:21:47.798-03:00;;;;;;0001-01-01T00:00:00-02:00;GRUPO_BARRA;GRUPO_BARRA_TRIZIDELA DO VALE - CSM MIX_6a96c35afa3edf46881ab3ed
6a96c4ad6927cd35387e1ebd;;99683975;PDV;69ebbc3d8740f2c70d552291;TAB_B2C_TRIZIDELA_VALE;69ecd0212b570bc58ee39c3b;TRIZIDELA;Pedido Faturado;;Consumidor Final;2026-09-01T09:27:25.885-03:00;TRIZIDELA DO VALE - CSM MIX;69ea55232079a78c3b286e13;659057a8395f2736400d9dbd;CONSUMIDOR NÃO IDENTIFICADO;659057a8395f2736400d9dbd;;;TRIZIDELA JC;8d3467a0-7222-45b4-bfe7-f99f9784adf7;Receitas PDV;Cartão de Débito;5b648d993498afae6d5c361b;0;0;;;2026-09-01T09:27:25.916-03:00;0001-01-01T00:00:00-02:00;0001-01-01T00:00:00-02:00;False;0.0;False;;False;0.0;Gerado automaticamente através do modulo PDV;0.0;;13.0;True;True;;;;;;;;;;;"[{""Id"": 1, ""Nome"": ""Grupo de Produtos Padrão - 01""}]";"[{""Codigo"": ""0236"", ""Unidade"": ""UN"", ""Descricao"": ""0236 - SUCO DE LARANJA 300ML - COM AÇUCAR"", ""Quantidade"": 2.0, ""ValorUnitario"": 7.0, ""ValorFrete"": 0.0, ""DescontoUnitario"": 0.4997999999999999, ""ValorTotal"": 13.0, ""PesoKG"": 0.0, ""Comprimento"": 0.0, ""Altura"": 0.0, ""Largura"": 0.0, ""FreteGratis"": false, ""ValorUnitarioFrete"": 1.0, ""PrazoEntregaFrete"": 0, ""ComissaoVendedor"": 0.0, ""Seguro"": 0.0, ""Composicoes"": [], ""Atributos"": null, ""ProductGroupId"": 1, ""Categoria"": ""COM AÇUCAR"", ""CategoriaID"": ""6344371e5b452fbeceeea9ec""}]";;2026-09-01T09:27:25.916-03:00;"[{""FormaPagamento"": ""Cartão de Débito"", ""DescricaoPagamento"": ""Pagamento recebido em Cartão de Débito"", ""ValorPagamento"": 13.0, ""BandeiraCartao"": ""01"", ""NumeroTerminal"": null, ""DataTransacao"": ""2026-09-01T03:00:00Z"", ""CredenciadoraCartao"": ""STONE INSTITUICAO DE PAGAMENTO S.A"", ""CredenciadoraCNPJ"": ""16501555000157"", ""CV_NSU"": null, ""TipoIntegracao"": ""2"", ""CondicaoPagamento"": 0, ""Parcelas"": 1, ""PeriodoParcelas"": 30, ""Adiantamento"": 0.0, ""Quitar"": null}]";;0.0;;2026-09-01T09:27:26.745-03:00;;;;;;0001-01-01T00:00:00-02:00;GRUPO_BARRA;GRUPO_BARRA_TRIZIDELA DO VALE - CSM MIX_6a96c4ad6927cd35387e1ebd
6a96c58cb971d879f720cead;;99683978;PDV;69ebbc3d8740f2c70d552291;TAB_CLUBE_TRIZIDELA_VALE;69ea56a14d732236b9c4d1bf;TRIZIDELA;Pedido Faturado;;Consumidor Final;2026-09-01T09:31:08.884-03:00;TRIZIDELA DO VALE - CSM MIX;69ea55232079a78c3b286e13;659057a8395f2736400d9dbd;CONSUMIDOR NÃO IDENTIFICADO;659057a8395f2736400d9dbd;;;TRIZIDELA JC;8d3467a0-7222-45b4-bfe7-f99f9784adf7;Receitas PDV;PIX;635ae864cd43d34b928b24c4;0;0;;;2026-09-01T09:31:08.931-03:00;0001-01-01T00:00:00-02:00;0001-01-01T00:00:00-02:00;False;0.0;False;;False;0.0;Gerado automaticamente através do modulo PDV;0.0;;56.0;True;True;;;;;;;;;;;"[{""Id"": 1, ""Nome"": ""Grupo de Produtos Padrão - 01""}]";"[{""Codigo"": ""123213633323147"", ""Unidade"": """", ""Descricao"": ""123213633323147 - ICEKISS 29G"", ""Quantidade"": 1.0, ""ValorUnitario"": 2.0, ""ValorFrete"": 0.0, ""DescontoUnitario"": 0.0, ""ValorTotal"": 2.0, ""PesoKG"": 0.0, ""Comprimento"": 0.0, ""Altura"": 0.0, ""Largura"": 0.0, ""FreteGratis"": false, ""ValorUnitarioFrete"": 1.0, ""PrazoEntregaFrete"": 0, ""ComissaoVendedor"": 0.0, ""Seguro"": 0.0, ""Composicoes"": [], ""Atributos"": null, ""ProductGroupId"": 1, ""Categoria"": """", ""CategoriaID"": """"}, {""Codigo"": ""123213633322771"", ""Unidade"": """", ""Descricao"": ""123213633322771 - IOGURTE DE AMEIXA 300 ML"", ""Quantidade"": 2.0, ""ValorUnitario"": 7.0, ""ValorFrete"": 0.0, ""DescontoUnitario"": 0.0, ""ValorTotal"": 14.0, ""PesoKG"": 0.0, ""Comprimento"": 0.0, ""Altura"": 0.0, ""Largura"": 0.0, ""FreteGratis"": false, ""ValorUnitarioFrete"": 1.0, ""PrazoEntregaFrete"": 0, ""ComissaoVendedor"": 0.0, ""Seguro"": 0.0, ""Composicoes"": [], ""Atributos"": null, ""ProductGroupId"": 1, ""Categoria"": """", ""CategoriaID"": """"}, {""Codigo"": ""123213633322774"", ""Unidade"": """", ""Descricao"": ""123213633322774 - IOGURTE DE COCO 1L"", ""Quantidade"": 1.0, ""ValorUnitario"": 20.0, ""ValorFrete"": 0.0, ""DescontoUnitario"": 0.0, ""ValorTotal"": 20.0, ""PesoKG"": 0.0, ""Comprimento"": 0.0, ""Altura"": 0.0, ""Largura"": 0.0, ""FreteGratis"": false, ""ValorUnitarioFrete"": 1.0, ""PrazoEntregaFrete"": 0, ""ComissaoVendedor"": 0.0, ""Seguro"": 0.0, ""Composicoes"": [], ""Atributos"": null, ""ProductGroupId"": 1, ""Categoria"": """", ""CategoriaID"": """"}, {""Codigo"": ""123213633322772"", ""Unidade"": """", ""Descricao"": ""123213633322772 - IOGURTE DE MORANGO 1L"", ""Quantidade"": 1.0, ""ValorUnitario"": 20.0, ""ValorFrete"": 0.0, ""DescontoUnitario"": 0.0, ""ValorTotal"": 20.0, ""PesoKG"": 0.0, ""Comprimento"": 0.0, ""Altura"": 0.0, ""Largura"": 0.0, ""FreteGratis"": false, ""ValorUnitarioFrete"": 1.0, ""PrazoEntregaFrete"": 0, ""ComissaoVendedor"": 0.0, ""Seguro"": 0.0, ""Composicoes"": [], ""Atributos"": null, ""ProductGroupId"": 1, ""Categoria"": """", ""CategoriaID"": """"}]";;2026-09-01T09:31:08.931-03:00;"[{""FormaPagamento"": ""PIX"", ""DescricaoPagamento"": ""Pagamento recebido em PIX"", ""ValorPagamento"": 56.0, ""BandeiraCartao"": """", ""NumeroTerminal"": null, ""DataTransacao"": ""2026-09-01T03:00:00Z"", ""CredenciadoraCartao"": null, ""CredenciadoraCNPJ"": null, ""CV_NSU"": null, ""TipoIntegracao"": null, ""CondicaoPagamento"": 0, ""Parcelas"": 1, ""PeriodoParcelas"": 30, ""Adiantamento"": 0.0, ""Quitar"": null}]";;0.0;;2026-09-01T09:31:09.964-03:00;;;;;;0001-01-01T00:00:00-02:00;GRUPO_BARRA;GRUPO_BARRA_TRIZIDELA DO VALE - CSM MIX_6a96c58cb971d879f720cead
6a96c6125d59cc884e094cd1;;99683979;PDV;69ebbc3d8740f2c70d552291;TAB_CLUBE_TRIZIDELA_VALE;69ea56a14d732236b9c4d1bf;TRIZIDELA;Pedido Faturado;;Consumidor Final;2026-09-01T09:33:22.483-03:00;TRIZIDELA DO VALE - CSM MIX;69ea55232079a78c3b286e13;659057a8395f2736400d9dbd;CONSUMIDOR NÃO IDENTIFICADO;659057a8395f2736400d9dbd;;;TRIZIDELA JC;8d3467a0-7222-45b4-bfe7-f99f9784adf7;Receitas PDV;PIX;635ae864cd43d34b928b24c4;0;0;;;2026-09-01T09:33:22.546-03:00;0001-01-01T00:00:00-02:00;0001-01-01T00:00:00-02:00;False;0.0;False;;False;0.0;Gerado automaticamente através do modulo PDV;0.0;;7.0;True;True;;;;;;;;;;;"[{""Id"": 1, ""Nome"": ""Grupo de Produtos Padrão - 01""}]";"[{""Codigo"": ""123213633322729"", ""Unidade"": """", ""Descricao"": ""123213633322729 - ENERGY MIX 200ML"", ""Quantidade"": 1.0, ""ValorUnitario"": 7.0, ""ValorFrete"": 0.0, ""DescontoUnitario"": 0.0, ""ValorTotal"": 7.0, ""PesoKG"": 0.0, ""Comprimento"": 0.0, ""Altura"": 0.0, ""Largura"": 0.0, ""FreteGratis"": false, ""ValorUnitarioFrete"": 1.0, ""PrazoEntregaFrete"": 0, ""ComissaoVendedor"": 0.0, ""Seguro"": 0.0, ""Composicoes"": [], ""Atributos"": null, ""ProductGroupId"": 1, ""Categoria"": """", ""CategoriaID"": """"}]";;2026-09-01T09:33:22.546-03:00;"[{""FormaPagamento"": ""PIX"", ""DescricaoPagamento"": ""Pagamento recebido em PIX"", ""ValorPagamento"": 7.0, ""BandeiraCartao"": """", ""NumeroTerminal"": null, ""DataTransacao"": ""2026-09-01T03:00:00Z"", ""CredenciadoraCartao"": null, ""CredenciadoraCNPJ"": null, ""CV_NSU"": null, ""TipoIntegracao"": null, ""CondicaoPagamento"": 0, ""Parcelas"": 1, ""PeriodoParcelas"": 30, ""Adiantamento"": 0.0, ""Quitar"": null}]";;0.0;;2026-09-01T09:33:23.143-03:00;;;;;;0001-01-01T00:00:00-02:00;GRUPO_BARRA;GRUPO_BARRA_TRIZIDELA DO VALE - CSM MIX_6a96c6125d59cc884e094cd1
6a96c63f6927cd35387e4c27;;99683982;PDV;69ebbc3d8740f2c70d552291;TAB_CLUBE_TRIZIDELA_VALE;69ea56a14d732236b9c4d1bf;TRIZIDELA;Pedido Faturado;;Consumidor Final;2026-09-01T09:34:06.984-03:00;TRIZIDELA DO VALE - CSM MIX;69ea55232079a78c3b286e13;659057a8395f2736400d9dbd;CONSUMIDOR NÃO IDENTIFICADO;659057a8395f2736400d9dbd;;;TRIZIDELA JC;8d3467a0-7222-45b4-bfe7-f99f9784adf7;Receitas PDV;PIX;635ae864cd43d34b928b24c4;0;0;;;2026-09-01T09:34:07.015-03:00;0001-01-01T00:00:00-02:00;0001-01-01T00:00:00-02:00;False;0.0;False;;False;0.0;Gerado automaticamente através do modulo PDV;0.0;;37.5;True;True;;;;;;;;;;;"[{""Id"": 1, ""Nome"": ""Grupo de Produtos Padrão - 01""}]";"[{""Codigo"": ""0218"", ""Unidade"": ""UN"", ""Descricao"": ""0218 - SUCO DE CAJA 2L - COM AÇUCAR"", ""Quantidade"": 1.0, ""ValorUnitario"": 37.5, ""ValorFrete"": 0.0, ""DescontoUnitario"": 0.0, ""ValorTotal"": 37.5, ""PesoKG"": 0.0, ""Comprimento"": 0.0, ""Altura"": 0.0, ""Largura"": 0.0, ""FreteGratis"": false, ""ValorUnitarioFrete"": 1.0, ""PrazoEntregaFrete"": 0, ""ComissaoVendedor"": 0.0, ""Seguro"": 0.0, ""Composicoes"": [], ""Atributos"": null, ""ProductGroupId"": 1, ""Categoria"": ""COM AÇUCAR"", ""CategoriaID"": ""6344371e5b452fbeceeea9ec""}]";;2026-09-01T09:34:07.015-03:00;"[{""FormaPagamento"": ""PIX"", ""DescricaoPagamento"": ""Pagamento recebido em PIX"", ""ValorPagamento"": 37.5, ""BandeiraCartao"": """", ""NumeroTerminal"": null, ""DataTransacao"": ""2026-09-01T03:00:00Z"", ""CredenciadoraCartao"": null, ""CredenciadoraCNPJ"": null, ""CV_NSU"": null, ""TipoIntegracao"": null, ""CondicaoPagamento"": 0, ""Parcelas"": 1, ""PeriodoParcelas"": 30, ""Adiantamento"": 0.0, ""Quitar"": null}]";;0.0;;2026-09-01T09:34:07.656-03:00;;;;;;0001-01-01T00:00:00-02:00;GRUPO_BARRA;GRUPO_BARRA_TRIZIDELA DO VALE - CSM MIX_6a96c63f6927cd35387e4c27
6a96c6645d59cc884e09568c;;99683984;PDV;69ebbc3d8740f2c70d552291;TAB_CLUBE_TRIZIDELA_VALE;69ea56a14d732236b9c4d1bf;TRIZIDELA;Pedido Faturado;;Consumidor Final;2026-09-01T09:34:44.729-03:00;TRIZIDELA DO VALE - CSM MIX;69ea55232079a78c3b286e13;659057a8395f2736400d9dbd;CONSUMIDOR NÃO IDENTIFICADO;659057a8395f2736400d9dbd;;;TRIZIDELA JC;8d3467a0-7222-45b4-bfe7-f99f9784adf7;Receitas PDV;PIX;635ae864cd43d34b928b24c4;0;0;;;2026-09-01T09:34:44.792-03:00;0001-01-01T00:00:00-02:00;0001-01-01T00:00:00-02:00;False;0.0;False;;False;0.0;Gerado automaticamente através do modulo PDV;0.0;;18.0;True;True;;;;;;;;;;;"[{""Id"": 1, ""Nome"": ""Grupo de Produtos Padrão - 01""}]";"[{""Codigo"": ""0209"", ""Unidade"": ""UN"", ""Descricao"": ""0209 - SUCO DE LARANJA 1L - COM AÇUCAR"", ""Quantidade"": 1.0, ""ValorUnitario"": 18.0, ""ValorFrete"": 0.0, ""DescontoUnitario"": 0.0, ""ValorTotal"": 18.0, ""PesoKG"": 0.0, ""Comprimento"": 0.0, ""Altura"": 0.0, ""Largura"": 0.0, ""FreteGratis"": false, ""ValorUnitarioFrete"": 1.0, ""PrazoEntregaFrete"": 0, ""ComissaoVendedor"": 0.0, ""Seguro"": 0.0, ""Composicoes"": [], ""Atributos"": null, ""ProductGroupId"": 1, ""Categoria"": ""COM AÇUCAR"", ""CategoriaID"": ""6344371e5b452fbeceeea9ec""}]";;2026-09-01T09:34:44.792-03:00;"[{""FormaPagamento"": ""PIX"", ""DescricaoPagamento"": ""Pagamento recebido em PIX"", ""ValorPagamento"": 18.0, ""BandeiraCartao"": """", ""NumeroTerminal"": null, ""DataTransacao"": ""2026-09-01T03:00:00Z"", ""CredenciadoraCartao"": null, ""CredenciadoraCNPJ"": null, ""CV_NSU"": null, ""TipoIntegracao"": null, ""CondicaoPagamento"": 0, ""Parcelas"": 1, ""PeriodoParcelas"": 30, ""Adiantamento"": 0.0, ""Quitar"": null}]";;0.0;;2026-09-01T09:34:45.59-03:00;;;;;;0001-01-01T00:00:00-02:00;GRUPO_BARRA;GRUPO_BARRA_TRIZIDELA DO VALE - CSM MIX_6a96c6645d59cc884e09568c
6a96c6916927cd35387e55b5;;99683987;PDV;69ebbc3d8740f2c70d552291;TAB_B2C_TRIZIDELA_VALE;69ecd0212b570bc58ee39c3b;TRIZIDELA;Pedido Faturado;;Consumidor Final;2026-09-01T09:35:29.716-03:00;TRIZIDELA DO VALE - CSM MIX;69ea55232079a78c3b286e13;659057a8395f2736400d9dbd;CONSUMIDOR NÃO IDENTIFICADO;659057a8395f2736400d9dbd;;;TRIZIDELA JC;8d3467a0-7222-45b4-bfe7-f99f9784adf7;Receitas PDV;Cartão de Débito;5b648d993498afae6d5c361b;0;0;;;2026-09-01T09:35:29.748-03:00;0001-01-01T00:00:00-02:00;0001-01-01T00:00:00-02:00;False;0.0;False;;False;0.0;Gerado automaticamente através do modulo PDV;0.0;;14.0;True;True;;;;;;;;;;;"[{""Id"": 1, ""Nome"": ""Grupo de Produtos Padrão - 01""}]";"[{""Codigo"": ""0236"", ""Unidade"": ""UN"", ""Descricao"": ""0236 - SUCO DE LARANJA 300ML - COM AÇUCAR"", ""Quantidade"": 2.0, ""ValorUnitario"": 7.0, ""ValorFrete"": 0.0, ""DescontoUnitario"": 0.0, ""ValorTotal"": 14.0, ""PesoKG"": 0.0, ""Comprimento"": 0.0, ""Altura"": 0.0, ""Largura"": 0.0, ""FreteGratis"": false, ""ValorUnitarioFrete"": 1.0, ""PrazoEntregaFrete"": 0, ""ComissaoVendedor"": 0.0, ""Seguro"": 0.0, ""Composicoes"": [], ""Atributos"": null, ""ProductGroupId"": 1, ""Categoria"": ""COM AÇUCAR"", ""CategoriaID"": ""6344371e5b452fbeceeea9ec""}]";;2026-09-01T09:35:29.748-03:00;"[{""FormaPagamento"": ""Cartão de Débito"", ""DescricaoPagamento"": ""Pagamento recebido em Cartão de Débito"", ""ValorPagamento"": 14.0, ""BandeiraCartao"": ""01"", ""NumeroTerminal"": null, ""DataTransacao"": ""2026-09-01T03:00:00Z"", ""CredenciadoraCartao"": ""STONE INSTITUICAO DE PAGAMENTO S.A"", ""CredenciadoraCNPJ"": ""16501555000157"", ""CV_NSU"": null, ""TipoIntegracao"": ""2"", ""CondicaoPagamento"": 0, ""Parcelas"": 1, ""PeriodoParcelas"": 30, ""Adiantamento"": 0.0, ""Quitar"": null}]";;0.0;;2026-09-01T09:35:30.373-03:00;;;;;;0001-01-01T00:00:00-02:00;GRUPO_BARRA;GRUPO_BARRA_TRIZIDELA DO VALE - CSM MIX_6a96c6916927cd35387e55b5
6a96c6dfee644c1ac97538a1;;99683990;PDV;69ebbc3d8740f2c70d552291;TAB_CLUBE_TRIZIDELA_VALE;69ea56a14d732236b9c4d1bf;TRIZIDELA;Pedido Faturado;;Consumidor Final;2026-09-01T09:36:46.894-03:00;TRIZIDELA DO VALE - CSM MIX;69ea55232079a78c3b286e13;659057a8395f2736400d9dbd;CONSUMIDOR NÃO IDENTIFICADO;659057a8395f2736400d9dbd;;;TRIZIDELA JC;8d3467a0-7222-45b4-bfe7-f99f9784adf7;Receitas PDV;PIX;635ae864cd43d34b928b24c4;0;0;;;2026-09-01T09:36:46.973-03:00;0001-01-01T00:00:00-02:00;0001-01-01T00:00:00-02:00;False;0.0;False;;False;0.0;Gerado automaticamente através do modulo PDV;0.0;;18.0;True;True;;;;;;;;;;;"[{""Id"": 1, ""Nome"": ""Grupo de Produtos Padrão - 01""}]";"[{""Codigo"": ""0209"", ""Unidade"": ""UN"", ""Descricao"": ""0209 - SUCO DE LARANJA 1L - COM AÇUCAR"", ""Quantidade"": 1.0, ""ValorUnitario"": 18.0, ""ValorFrete"": 0.0, ""DescontoUnitario"": 0.0, ""ValorTotal"": 18.0, ""PesoKG"": 0.0, ""Comprimento"": 0.0, ""Altura"": 0.0, ""Largura"": 0.0, ""FreteGratis"": false, ""ValorUnitarioFrete"": 1.0, ""PrazoEntregaFrete"": 0, ""ComissaoVendedor"": 0.0, ""Seguro"": 0.0, ""Composicoes"": [], ""Atributos"": null, ""ProductGroupId"": 1, ""Categoria"": ""COM AÇUCAR"", ""CategoriaID"": ""6344371e5b452fbeceeea9ec""}]";;2026-09-01T09:36:46.973-03:00;"[{""FormaPagamento"": ""PIX"", ""DescricaoPagamento"": ""Pagamento recebido em PIX"", ""ValorPagamento"": 18.0, ""BandeiraCartao"": """", ""NumeroTerminal"": null, ""DataTransacao"": ""2026-09-01T03:00:00Z"", ""CredenciadoraCartao"": null, ""CredenciadoraCNPJ"": null, ""CV_NSU"": null, ""TipoIntegracao"": null, ""CondicaoPagamento"": 0, ""Parcelas"": 1, ""PeriodoParcelas"": 30, ""Adiantamento"": 0.0, ""Quitar"": null}]";;0.0;;2026-09-01T09:36:47.896-03:00;;;;;;0001-01-01T00:00:00-02:00;GRUPO_BARRA;GRUPO_BARRA_TRIZIDELA DO VALE - CSM MIX_6a96c6dfee644c1ac97538a1
6a96c726b971d879f720f777;;99683993;PDV;69ebbc3d8740f2c70d552291;TAB_B2C_TRIZIDELA_VALE;69ecd0212b570bc58ee39c3b;TRIZIDELA;Pedido Faturado;;Consumidor Final;2026-09-01T09:37:58.453-03:00;TRIZIDELA DO VALE - CSM MIX;69ea55232079a78c3b286e13;659057a8395f2736400d9dbd;CONSUMIDOR NÃO IDENTIFICADO;659057a8395f2736400d9dbd;;;TRIZIDELA JC;8d3467a0-7222-45b4-bfe7-f99f9784adf7;Receitas PDV;Cartão de Débito;5b648d993498afae6d5c361b;0;0;;;2026-09-01T09:37:58.5-03:00;0001-01-01T00:00:00-02:00;0001-01-01T00:00:00-02:00;False;0.0;False;;False;0.0;Gerado automaticamente através do modulo PDV;0.0;;14.0;True;True;;;;;;;;;;;"[{""Id"": 1, ""Nome"": ""Grupo de Produtos Padrão - 01""}]";"[{""Codigo"": ""0229"", ""Unidade"": ""UN"", ""Descricao"": ""0229 - SUCO DE ACEROLA 300ML - COM AÇUCAR"", ""Quantidade"": 2.0, ""ValorUnitario"": 7.75, ""ValorFrete"": 0.0, ""DescontoUnitario"": 0.7502, ""ValorTotal"": 14.0, ""PesoKG"": 0.0, ""Comprimento"": 0.0, ""Altura"": 0.0, ""Largura"": 0.0, ""FreteGratis"": false, ""ValorUnitarioFrete"": 1.0, ""PrazoEntregaFrete"": 0, ""ComissaoVendedor"": 0.0, ""Seguro"": 0.0, ""Composicoes"": [], ""Atributos"": null, ""ProductGroupId"": 1, ""Categoria"": ""COM AÇUCAR"", ""CategoriaID"": ""6344371e5b452fbeceeea9ec""}]";;2026-09-01T09:37:58.5-03:00;"[{""FormaPagamento"": ""Cartão de Débito"", ""DescricaoPagamento"": ""Pagamento recebido em Cartão de Débito"", ""ValorPagamento"": 14.0, ""BandeiraCartao"": ""02"", ""NumeroTerminal"": null, ""DataTransacao"": ""2026-09-01T03:00:00Z"", ""CredenciadoraCartao"": ""STONE INSTITUICAO DE PAGAMENTO S.A"", ""CredenciadoraCNPJ"": ""16501555000157"", ""CV_NSU"": null, ""TipoIntegracao"": ""2"", ""CondicaoPagamento"": 0, ""Parcelas"": 1, ""PeriodoParcelas"": 30, ""Adiantamento"": 0.0, ""Quitar"": null}]";;0.0;;2026-09-01T09:37:59.235-03:00;;;;;;0001-01-01T00:00:00-02:00;GRUPO_BARRA;GRUPO_BARRA_TRIZIDELA DO VALE - CSM MIX_6a96c726b971d879f720f777
6a96c7555d59cc884e0971f6;;99683994;PDV;69ebbc3d8740f2c70d552291;TAB_CLUBE_TRIZIDELA_VALE;69ea56a14d732236b9c4d1bf;TRIZIDELA;Pedido Faturado;;Consumidor Final;2026-09-01T09:38:44.667-03:00;TRIZIDELA DO VALE - CSM MIX;69ea55232079a78c3b286e13;659057a8395f2736400d9dbd;CONSUMIDOR NÃO IDENTIFICADO;659057a8395f2736400d9dbd;;;TRIZIDELA JC;8d3467a0-7222-45b4-bfe7-f99f9784adf7;Receitas PDV;PIX;635ae864cd43d34b928b24c4;0;0;;;2026-09-01T09:38:44.714-03:00;0001-01-01T00:00:00-02:00;0001-01-01T00:00:00-02:00;False;0.0;False;;False;0.0;Gerado automaticamente através do modulo PDV;0.0;;30.0;True;True;;;;;;;;;;;"[{""Id"": 1, ""Nome"": ""Grupo de Produtos Padrão - 01""}]";"[{""Codigo"": ""123213633322879"", ""Unidade"": """", ""Descricao"": ""123213633322879 - MORANGO CONG. 1KG"", ""Quantidade"": 1.0, ""ValorUnitario"": 30.0, ""ValorFrete"": 0.0, ""DescontoUnitario"": 0.0, ""ValorTotal"": 30.0, ""PesoKG"": 0.0, ""Comprimento"": 0.0, ""Altura"": 0.0, ""Largura"": 0.0, ""FreteGratis"": false, ""ValorUnitarioFrete"": 1.0, ""PrazoEntregaFrete"": 0, ""ComissaoVendedor"": 0.0, ""Seguro"": 0.0, ""Composicoes"": [], ""Atributos"": null, ""ProductGroupId"": 1, ""Categoria"": """", ""CategoriaID"": """"}]";;2026-09-01T09:38:44.714-03:00;"[{""FormaPagamento"": ""PIX"", ""DescricaoPagamento"": ""Pagamento recebido em PIX"", ""ValorPagamento"": 30.0, ""BandeiraCartao"": """", ""NumeroTerminal"": null, ""DataTransacao"": ""2026-09-01T03:00:00Z"", ""CredenciadoraCartao"": null, ""CredenciadoraCNPJ"": null, ""CV_NSU"": null, ""TipoIntegracao"": null, ""CondicaoPagamento"": 0, ""Parcelas"": 1, ""PeriodoParcelas"": 30, ""Adiantamento"": 0.0, ""Quitar"": null}]";;0.0;;2026-09-01T09:38:45.684-03:00;;;;;;0001-01-01T00:00:00-02:00;GRUPO_BARRA;GRUPO_BARRA_TRIZIDELA DO VALE - CSM MIX_6a96c7555d59cc884e0971f6
6a96c78bcc1ea1a9bb44fb75;;99683995;PDV;69ebbc3d8740f2c70d552291;TAB_B2C_TRIZIDELA_VALE;69ecd0212b570bc58ee39c3b;TRIZIDELA;Pedido Faturado;;Consumidor Final;2026-09-01T09:39:39.588-03:00;TRIZIDELA DO VALE - CSM MIX;69ea55232079a78c3b286e13;659057a8395f2736400d9dbd;CONSUMIDOR NÃO IDENTIFICADO;659057a8395f2736400d9dbd;;;TRIZIDELA JC;8d3467a0-7222-45b4-bfe7-f99f9784adf7;Receitas PDV;Cartão de Débito;5b648d993498afae6d5c361b;0;0;;;2026-09-01T09:39:39.618-03:00;0001-01-01T00:00:00-02:00;0001-01-01T00:00:00-02:00;False;0.0;False;;False;0.0;Gerado automaticamente através do modulo PDV;0.0;;20.0;True;True;;;;;;;;;;;"[{""Id"": 1, ""Nome"": ""Grupo de Produtos Padrão - 01""}]";"[{""Codigo"": ""0204"", ""Unidade"": ""UN"", ""Descricao"": ""0204 - SUCO DE CAJA 1L - COM AÇUCAR"", ""Quantidade"": 1.0, ""ValorUnitario"": 20.0, ""ValorFrete"": 0.0, ""DescontoUnitario"": 0.0, ""ValorTotal"": 20.0, ""PesoKG"": 0.0, ""Comprimento"": 0.0, ""Altura"": 0.0, ""Largura"": 0.0, ""FreteGratis"": false, ""ValorUnitarioFrete"": 1.0, ""PrazoEntregaFrete"": 0, ""ComissaoVendedor"": 0.0, ""Seguro"": 0.0, ""Composicoes"": [], ""Atributos"": null, ""ProductGroupId"": 1, ""Categoria"": ""COM AÇUCAR"", ""CategoriaID"": ""6344371e5b452fbeceeea9ec""}]";;2026-09-01T09:39:39.618-03:00;"[{""FormaPagamento"": ""Cartão de Débito"", ""DescricaoPagamento"": ""Pagamento recebido em Cartão de Débito"", ""ValorPagamento"": 20.0, ""BandeiraCartao"": ""02"", ""NumeroTerminal"": null, ""DataTransacao"": ""2026-09-01T03:00:00Z"", ""CredenciadoraCartao"": ""STONE INSTITUICAO DE PAGAMENTO S.A"", ""CredenciadoraCNPJ"": ""16501555000157"", ""CV_NSU"": null, ""TipoIntegracao"": ""2"", ""CondicaoPagamento"": 0, ""Parcelas"": 1, ""PeriodoParcelas"": 30, ""Adiantamento"": 0.0, ""Quitar"": null}]";;0.0;;2026-09-01T09:39:40.295-03:00;;;;;;0001-01-01T00:00:00-02:00;GRUPO_BARRA;GRUPO_BARRA_TRIZIDELA DO VALE - CSM MIX_6a96c78bcc1ea1a9bb44fb75
6a96c82d6927cd35387e8756;;99683999;PDV;69ebbc3d8740f2c70d552291;TAB_CLUBE_TRIZIDELA_VALE;69ea56a14d732236b9c4d1bf;TRIZIDELA;Pedido Faturado;;Consumidor Final;2026-09-01T09:42:21.423-03:00;TRIZIDELA DO VALE - CSM MIX;69ea55232079a78c3b286e13;659057a8395f2736400d9dbd;CONSUMIDOR NÃO IDENTIFICADO;659057a8395f2736400d9dbd;;;TRIZIDELA JC;8d3467a0-7222-45b4-bfe7-f99f9784adf7;Receitas PDV;Cartão de Crédito;5b648d983498afae6d5c3601;1;0;;;2026-09-01T09:42:21.454-03:00;0001-01-01T00:00:00-02:00;0001-01-01T00:00:00-02:00;False;0.0;False;;False;0.0;Gerado automaticamente através do modulo PDV;0.0;;90.0;True;True;;;;;;;;;;;"[{""Id"": 1, ""Nome"": ""Grupo de Produtos Padrão - 01""}]";"[{""Codigo"": ""123213633323147"", ""Unidade"": """", ""Descricao"": ""123213633323147 - ICEKISS 29G"", ""Quantidade"": 1.0, ""ValorUnitario"": 2.0, ""ValorFrete"": 0.0, ""DescontoUnitario"": 0.0, ""ValorTotal"": 2.0, ""PesoKG"": 0.0, ""Comprimento"": 0.0, ""Altura"": 0.0, ""Largura"": 0.0, ""FreteGratis"": false, ""ValorUnitarioFrete"": 1.0, ""PrazoEntregaFrete"": 0, ""ComissaoVendedor"": 0.0, ""Seguro"": 0.0, ""Composicoes"": [], ""Atributos"": null, ""ProductGroupId"": 1, ""Categoria"": """", ""CategoriaID"": """"}, {""Codigo"": ""0207"", ""Unidade"": ""UN"", ""Descricao"": ""0207 - SUCO DE GOIABA 1L - COM AÇUCAR"", ""Quantidade"": 1.0, ""ValorUnitario"": 16.0, ""ValorFrete"": 0.0, ""DescontoUnitario"": 0.0, ""ValorTotal"": 16.0, ""PesoKG"": 0.0, ""Comprimento"": 0.0, ""Altura"": 0.0, ""Largura"": 0.0, ""FreteGratis"": false, ""ValorUnitarioFrete"": 1.0, ""PrazoEntregaFrete"": 0, ""ComissaoVendedor"": 0.0, ""Seguro"": 0.0, ""Composicoes"": [], ""Atributos"": null, ""ProductGroupId"": 1, ""Categoria"": ""COM AÇUCAR"", ""CategoriaID"": ""6344371e5b452fbeceeea9ec""}, {""Codigo"": ""0236"", ""Unidade"": ""UN"", ""Descricao"": ""0236 - SUCO DE LARANJA 300ML - COM AÇUCAR"", ""Quantidade"": 1.0, ""ValorUnitario"": 6.0, ""ValorFrete"": 0.0, ""DescontoUnitario"": 0.0, ""ValorTotal"": 6.0, ""PesoKG"": 0.0, ""Comprimento"": 0.0, ""Altura"": 0.0, ""Largura"": 0.0, ""FreteGratis"": false, ""ValorUnitarioFrete"": 1.0, ""PrazoEntregaFrete"": 0, ""ComissaoVendedor"": 0.0, ""Seguro"": 0.0, ""Composicoes"": [], ""Atributos"": null, ""ProductGroupId"": 1, ""Categoria"": ""COM AÇUCAR"", ""CategoriaID"": ""6344371e5b452fbeceeea9ec""}, {""Codigo"": ""0202"", ""Unidade"": ""UN"", ""Descricao"": ""0202 - SUCO DE ACEROLA 1L - COM AÇUCAR"", ""Quantidade"": 2.0, ""ValorUnitario"": 21.0, ""ValorFrete"": 0.0, ""DescontoUnitario"": 0.0, ""ValorTotal"": 42.0, ""PesoKG"": 0.0, ""Comprimento"": 0.0, ""Altura"": 0.0, ""Largura"": 0.0, ""FreteGratis"": false, ""ValorUnitarioFrete"": 1.0, ""PrazoEntregaFrete"": 0, ""ComissaoVendedor"": 0.0, ""Seguro"": 0.0, ""Composicoes"": [], ""Atributos"": null, ""ProductGroupId"": 1, ""Categoria"": ""COM AÇUCAR"", ""CategoriaID"": ""6344371e5b452fbeceeea9ec""}, {""Codigo"": ""123213633323238"", ""Unidade"": """", ""Descricao"": ""123213633323238 - A TAL DA CASTANHA  1L"", ""Quantidade"": 2.0, ""ValorUnitario"": 12.0, ""ValorFrete"": 0.0, ""DescontoUnitario"": 0.0, ""ValorTotal"": 24.0, ""PesoKG"": 0.0, ""Comprimento"": 0.0, ""Altura"": 0.0, ""Largura"": 0.0, ""FreteGratis"": false, ""ValorUnitarioFrete"": 1.0, ""PrazoEntregaFrete"": 0, ""ComissaoVendedor"": 0.0, ""Seguro"": 0.0, ""Composicoes"": [], ""Atributos"": null, ""ProductGroupId"": 1, ""Categoria"": """", ""CategoriaID"": """"}]";;2026-09-01T09:42:21.454-03:00;"[{""FormaPagamento"": ""Cartão de Crédito"", ""DescricaoPagamento"": ""Pagamento recebido em Cartão de Crédito"", ""ValorPagamento"": 90.0, ""BandeiraCartao"": ""02"", ""NumeroTerminal"": null, ""DataTransacao"": ""2026-09-01T03:00:00Z"", ""CredenciadoraCartao"": ""STONE INSTITUICAO DE PAGAMENTO S.A"", ""CredenciadoraCNPJ"": ""16501555000157"", ""CV_NSU"": null, ""TipoIntegracao"": ""2"", ""CondicaoPagamento"": 1, ""Parcelas"": 1, ""PeriodoParcelas"": 30, ""Adiantamento"": 0.0, ""Quitar"": null}]";;0.0;;2026-09-01T09:42:22.534-03:00;;;;;;0001-01-01T00:00:00-02:00;GRUPO_BARRA;GRUPO_BARRA_TRIZIDELA DO VALE - CSM MIX_6a96c82d6927cd35387e8756
6a96c8bf5d59cc884e0997c3;;99684003;PDV;69ebbc3d8740f2c70d552291;TAB_CLUBE_TRIZIDELA_VALE;69ea56a14d732236b9c4d1bf;TRIZIDELA;Pedido Faturado;;Consumidor Final;2026-09-01T09:44:47.729-03:00;TRIZIDELA DO VALE - CSM MIX;69ea55232079a78c3b286e13;659057a8395f2736400d9dbd;CONSUMIDOR NÃO IDENTIFICADO;659057a8395f2736400d9dbd;;;TRIZIDELA JC;8d3467a0-7222-45b4-bfe7-f99f9784adf7;Receitas PDV;PIX;635ae864cd43d34b928b24c4;0;0;;;2026-09-01T09:44:47.776-03:00;0001-01-01T00:00:00-02:00;0001-01-01T00:00:00-02:00;False;0.0;False;;False;0.0;Gerado automaticamente através do modulo PDV;0.0;;10.75;True;True;;;;;;;;;;;"[{""Id"": 1, ""Nome"": ""Grupo de Produtos Padrão - 01""}]";"[{""Codigo"": ""0229"", ""Unidade"": ""UN"", ""Descricao"": ""0229 - SUCO DE ACEROLA 300ML - COM AÇUCAR"", ""Quantidade"": 2.0, ""ValorUnitario"": 6.75, ""ValorFrete"": 0.0, ""DescontoUnitario"": 1.374975, ""ValorTotal"": 10.75, ""PesoKG"": 0.0, ""Comprimento"": 0.0, ""Altura"": 0.0, ""Largura"": 0.0, ""FreteGratis"": false, ""ValorUnitarioFrete"": 1.0, ""PrazoEntregaFrete"": 0, ""ComissaoVendedor"": 0.0, ""Seguro"": 0.0, ""Composicoes"": [], ""Atributos"": null, ""ProductGroupId"": 1, ""Categoria"": ""COM AÇUCAR"", ""CategoriaID"": ""6344371e5b452fbeceeea9ec""}]";;2026-09-01T09:44:47.776-03:00;"[{""FormaPagamento"": ""PIX"", ""DescricaoPagamento"": ""Pagamento recebido em PIX"", ""ValorPagamento"": 10.75, ""BandeiraCartao"": """", ""NumeroTerminal"": null, ""DataTransacao"": ""2026-09-01T03:00:00Z"", ""CredenciadoraCartao"": null, ""CredenciadoraCNPJ"": null, ""CV_NSU"": null, ""TipoIntegracao"": null, ""CondicaoPagamento"": 0, ""Parcelas"": 1, ""PeriodoParcelas"": 30, ""Adiantamento"": 0.0, ""Quitar"": null}]";;0.0;;2026-09-01T09:44:48.815-03:00;;;;;;0001-01-01T00:00:00-02:00;GRUPO_BARRA;GRUPO_BARRA_TRIZIDELA DO VALE - CSM MIX_6a96c8bf5d59cc884e0997c3
6a96c934ee644c1ac9757e39;;99684006;PDV;69ebbc3d8740f2c70d552291;TAB_CLUBE_TRIZIDELA_VALE;69ea56a14d732236b9c4d1bf;TRIZIDELA;Pedido Faturado;;Consumidor Final;2026-09-01T09:46:44.135-03:00;TRIZIDELA DO VALE - CSM MIX;69ea55232079a78c3b286e13;659057a8395f2736400d9dbd;CONSUMIDOR NÃO IDENTIFICADO;659057a8395f2736400d9dbd;;;TRIZIDELA JC;8d3467a0-7222-45b4-bfe7-f99f9784adf7;Receitas PDV;PIX;635ae864cd43d34b928b24c4;0;0;;;2026-09-01T09:46:44.197-03:00;0001-01-01T00:00:00-02:00;0001-01-01T00:00:00-02:00;False;0.0;False;;False;0.0;Gerado automaticamente através do modulo PDV;0.0;;10.0;True;True;;;;;;;;;;;"[{""Id"": 1, ""Nome"": ""Grupo de Produtos Padrão - 01""}]";"[{""Codigo"": ""123213633322827"", ""Unidade"": """", ""Descricao"": ""123213633322827 - FANDANGOS CHURRASCO 35G"", ""Quantidade"": 4.0, ""ValorUnitario"": 2.99, ""ValorFrete"": 0.0, ""DescontoUnitario"": 0.4900610000000001, ""ValorTotal"": 10.0, ""PesoKG"": 0.0, ""Comprimento"": 0.0, ""Altura"": 0.0, ""Largura"": 0.0, ""FreteGratis"": false, ""ValorUnitarioFrete"": 1.0, ""PrazoEntregaFrete"": 0, ""ComissaoVendedor"": 0.0, ""Seguro"": 0.0, ""Composicoes"": [], ""Atributos"": null, ""ProductGroupId"": 1, ""Categoria"": """", ""CategoriaID"": """"}]";;2026-09-01T09:46:44.197-03:00;"[{""FormaPagamento"": ""PIX"", ""DescricaoPagamento"": ""Pagamento recebido em PIX"", ""ValorPagamento"": 10.0, ""BandeiraCartao"": """", ""NumeroTerminal"": null, ""DataTransacao"": ""2026-09-01T03:00:00Z"", ""CredenciadoraCartao"": null, ""CredenciadoraCNPJ"": null, ""CV_NSU"": null, ""TipoIntegracao"": null, ""CondicaoPagamento"": 0, ""Parcelas"": 1, ""PeriodoParcelas"": 30, ""Adiantamento"": 0.0, ""Quitar"": null}]";;0.0;;2026-09-01T09:46:44.76-03:00;;;;;;0001-01-01T00:00:00-02:00;GRUPO_BARRA;GRUPO_BARRA_TRIZIDELA DO VALE - CSM MIX_6a96c934ee644c1ac9757e39
6a96c97eaf120e050ce20ba8;;99684010;PDV;69ebbc3d8740f2c70d552291;TAB_CLUBE_TRIZIDELA_VALE;69ea56a14d732236b9c4d1bf;TRIZIDELA;Pedido Faturado;;Consumidor Final;2026-09-01T09:47:58.892-03:00;TRIZIDELA DO VALE - CSM MIX;69ea55232079a78c3b286e13;659057a8395f2736400d9dbd;CONSUMIDOR NÃO IDENTIFICADO;659057a8395f2736400d9dbd;;;TRIZIDELA JC;8d3467a0-7222-45b4-bfe7-f99f9784adf7;Receitas PDV;PIX;635ae864cd43d34b928b24c4;0;0;;;2026-09-01T09:47:58.955-03:00;0001-01-01T00:00:00-02:00;0001-01-01T00:00:00-02:00;False;0.0;False;;False;0.0;Gerado automaticamente através do modulo PDV;0.0;;12.5;True;True;;;;;;;;;;;"[{""Id"": 1, ""Nome"": ""Grupo de Produtos Padrão - 01""}]";"[{""Codigo"": ""0231"", ""Unidade"": ""UN"", ""Descricao"": ""0231 - SUCO DE CAJA 300ML - COM AÇUCAR"", ""Quantidade"": 2.0, ""ValorUnitario"": 6.5, ""ValorFrete"": 0.0, ""DescontoUnitario"": 0.25025, ""ValorTotal"": 12.5, ""PesoKG"": 0.0, ""Comprimento"": 0.0, ""Altura"": 0.0, ""Largura"": 0.0, ""FreteGratis"": false, ""ValorUnitarioFrete"": 1.0, ""PrazoEntregaFrete"": 0, ""ComissaoVendedor"": 0.0, ""Seguro"": 0.0, ""Composicoes"": [], ""Atributos"": null, ""ProductGroupId"": 1, ""Categoria"": ""COM AÇUCAR"", ""CategoriaID"": ""6344371e5b452fbeceeea9ec""}]";;2026-09-01T09:47:58.955-03:00;"[{""FormaPagamento"": ""PIX"", ""DescricaoPagamento"": ""Pagamento recebido em PIX"", ""ValorPagamento"": 12.5, ""BandeiraCartao"": """", ""NumeroTerminal"": null, ""DataTransacao"": ""2026-09-01T03:00:00Z"", ""CredenciadoraCartao"": null, ""CredenciadoraCNPJ"": null, ""CV_NSU"": null, ""TipoIntegracao"": null, ""CondicaoPagamento"": 0, ""Parcelas"": 1, ""PeriodoParcelas"": 30, ""Adiantamento"": 0.0, ""Quitar"": null}]";;0.0;;2026-09-01T09:47:59.549-03:00;;;;;;0001-01-01T00:00:00-02:00;GRUPO_BARRA;GRUPO_BARRA_TRIZIDELA DO VALE - CSM MIX_6a96c97eaf120e050ce20ba8
