ID;AndroidVendaID;Codigo;OrigemVenda;DepositoID;Tabela;TabelaID;Deposito;StatusSistema;Status;Categoria;Validade;Empresa;EmpresaID;ClienteID;Cliente;PessoaID;ClienteCNPJ;ClienteEmail;Vendedor;VendedorID;PlanoDeConta;FormaPagamento;FormaPagamentoID;NumeroParcelas;FreteMeioEnvio;Transportadora;FreteFormaEnvio;DataEnvio;PrevisaoEntrega;DataPostagem;Enviado;ValorFrete;FreteContaEmitente;CodigoRastreio;EnderecoOpcional;ValorSeguro;Descricao;OutrasDespesas;TransacaoCartao;ValorFinal;Finalizado;Lancado;Municipio;CodigoMunicipio;Pais;CEP;UF;UFCodigo;Bairro;Logradouro;LogradouroNumero;LogradouroComplemento;GruposProdutos;Items;Banco;Data;Pagamentos;LancarComissaoVendedor;ValorComissaoVendedor;NumeroNFe;DataFaturamento;ChaveAcessoNFe;DanfeURL;UrlSefaz;OrdemServico;CodigoPedidoCliente;DataAprovacaoPedido;OrigemBanco;ID_UNICO
6abe42008a25980045135712;;99704988;Venda Direta;64c94d6ff17f936e4a6f1aea;TABELA A ITZ;64bad39f311af33615d05794;PDV ITZ 01;Pedido Faturado;;;2026-10-01T00:00:00-03:00;PDV ITZ 01;64b189367d43efb6c852a724;66449eb6812d37adbe7dc06f;Adriano Lopes (Castelo do Saber);66449eb6812d37adbe7dc06f;94802556349;;B2B Delivery ITZ;61155cee-3ba2-4a89-9ff4-13733ad7545b;VENDAS B2B;;;0;0;;PAC;2026-10-01T08:20:00-03:00;0001-01-01T00:00:00-02:00;0001-01-01T00:00:00-02:00;False;0.0;False;;False;0.0;;0.0;;255.0;True;True;Imperatriz;2105302;Brasil;65917190;MA;21;Santa Rita;Rua Bom Jardim;;;"[{""Id"": 1, ""Nome"": ""Grupo de Produtos Padrão - 01""}]";"[{""Codigo"": ""247"", ""Unidade"": """", ""Descricao"": ""247 - Frete"", ""Quantidade"": 1.0, ""ValorUnitario"": 5.0, ""ValorFrete"": 0.0, ""DescontoUnitario"": 0.0, ""ValorTotal"": 5.0, ""PesoKG"": 0.0, ""Comprimento"": 0.0, ""Altura"": 0.0, ""Largura"": 0.0, ""FreteGratis"": false, ""ValorUnitarioFrete"": 1.0, ""PrazoEntregaFrete"": 0, ""ComissaoVendedor"": 0.0, ""Seguro"": 0.0, ""Composicoes"": [], ""Atributos"": null, ""ProductGroupId"": 1, ""Categoria"": """", ""CategoriaID"": """"}, {""Codigo"": ""0252"", ""Unidade"": ""UN"", ""Descricao"": ""0252 - SUCO DE MARACUJA 5L - COM AÇUCAR"", ""Quantidade"": 5.0, ""ValorUnitario"": 50.0, ""ValorFrete"": 0.0, ""DescontoUnitario"": 0.0, ""ValorTotal"": 250.0, ""PesoKG"": 0.0, ""Comprimento"": 0.0, ""Altura"": 0.0, ""Largura"": 0.0, ""FreteGratis"": false, ""ValorUnitarioFrete"": 1.0, ""PrazoEntregaFrete"": 0, ""ComissaoVendedor"": 0.0, ""Seguro"": 0.0, ""Composicoes"": [], ""Atributos"": null, ""ProductGroupId"": 1, ""Categoria"": ""COM AÇUCAR"", ""CategoriaID"": ""6344371e5b452fbeceeea9ec""}]";;2026-10-01T08:20:00-03:00;"[{""FormaPagamento"": ""Duplicata"", ""DescricaoPagamento"": null, ""ValorPagamento"": 255.0, ""BandeiraCartao"": null, ""NumeroTerminal"": null, ""DataTransacao"": ""2026-10-01T03:00:00Z"", ""CredenciadoraCartao"": null, ""CredenciadoraCNPJ"": null, ""CV_NSU"": null, ""TipoIntegracao"": null, ""CondicaoPagamento"": 0, ""Parcelas"": 0, ""PeriodoParcelas"": 0, ""Adiantamento"": 0.0, ""Quitar"": null}]";;0.0;;2026-10-01T08:21:02.332-03:00;;;;;;2026-10-01T08:20:57.044-03:00;GRUPO_ITZ;GRUPO_ITZ_PDV ITZ 01_6abe42008a25980045135712
6abe4275de3d6305f93b2477;;99704990;Venda Direta;64c94d6ff17f936e4a6f1aea;TABELA A ITZ;64bad39f311af33615d05794;PDV ITZ 01;Pedido Faturado;;;2026-10-01T00:00:00-03:00;PDV ITZ 01;64b189367d43efb6c852a724;64f1e90e28700efb3249ace5;RESTAURANTE SABOR DE CASA;64f1e90e28700efb3249ace5;51442193000171;;ITZ PDV01;ca861610-ae16-4f99-8557-748aa1fca1c7;VENDAS B2B;;;0;0;;PAC;2026-10-01T08:21:00-03:00;0001-01-01T00:00:00-02:00;0001-01-01T00:00:00-02:00;False;0.0;False;;False;0.0;;0.0;;199.0;True;True;Imperatriz;2105302;Brasil;65908069;MA;21;VILA IPIRANGA;AVENIDA LIBERDADE;228;;"[{""Id"": 1, ""Nome"": ""Grupo de Produtos Padrão - 01""}]";"[{""Codigo"": ""0243"", ""Unidade"": ""UN"", ""Descricao"": ""0243 - SUCO DE ACEROLA 5L - COM AÇUCAR"", ""Quantidade"": 1.0, ""ValorUnitario"": 42.0, ""ValorFrete"": 0.0, ""DescontoUnitario"": 0.0, ""ValorTotal"": 42.0, ""PesoKG"": 0.0, ""Comprimento"": 0.0, ""Altura"": 0.0, ""Largura"": 0.0, ""FreteGratis"": false, ""ValorUnitarioFrete"": 1.0, ""PrazoEntregaFrete"": 0, ""ComissaoVendedor"": 0.0, ""Seguro"": 0.0, ""Composicoes"": [], ""Atributos"": null, ""ProductGroupId"": 1, ""Categoria"": ""COM AÇUCAR"", ""CategoriaID"": ""6344371e5b452fbeceeea9ec""}, {""Codigo"": ""0251"", ""Unidade"": ""UN"", ""Descricao"": ""0251 - SUCO DE LARANJA 5L - COM AÇUCAR"", ""Quantidade"": 1.0, ""ValorUnitario"": 60.0, ""ValorFrete"": 0.0, ""DescontoUnitario"": 0.0, ""ValorTotal"": 60.0, ""PesoKG"": 0.0, ""Comprimento"": 0.0, ""Altura"": 0.0, ""Largura"": 0.0, ""FreteGratis"": false, ""ValorUnitarioFrete"": 1.0, ""PrazoEntregaFrete"": 0, ""ComissaoVendedor"": 0.0, ""Seguro"": 0.0, ""Composicoes"": [], ""Atributos"": null, ""ProductGroupId"": 1, ""Categoria"": ""COM AÇUCAR"", ""CategoriaID"": ""6344371e5b452fbeceeea9ec""}, {""Codigo"": ""0245"", ""Unidade"": ""UN"", ""Descricao"": ""0245 - SUCO DE CAJA 5L - COM AÇUCAR"", ""Quantidade"": 1.0, ""ValorUnitario"": 42.0, ""ValorFrete"": 0.0, ""DescontoUnitario"": 0.0, ""ValorTotal"": 42.0, ""PesoKG"": 0.0, ""Comprimento"": 0.0, ""Altura"": 0.0, ""Largura"": 0.0, ""FreteGratis"": false, ""ValorUnitarioFrete"": 1.0, ""PrazoEntregaFrete"": 0, ""ComissaoVendedor"": 0.0, ""Seguro"": 0.0, ""Composicoes"": [], ""Atributos"": null, ""ProductGroupId"": 1, ""Categoria"": ""COM AÇUCAR"", ""CategoriaID"": ""6344371e5b452fbeceeea9ec""}, {""Codigo"": ""0252"", ""Unidade"": ""UN"", ""Descricao"": ""0252 - SUCO DE MARACUJA 5L - COM AÇUCAR"", ""Quantidade"": 1.0, ""ValorUnitario"": 50.0, ""ValorFrete"": 0.0, ""DescontoUnitario"": 0.0, ""ValorTotal"": 50.0, ""PesoKG"": 0.0, ""Comprimento"": 0.0, ""Altura"": 0.0, ""Largura"": 0.0, ""FreteGratis"": false, ""ValorUnitarioFrete"": 1.0, ""PrazoEntregaFrete"": 0, ""ComissaoVendedor"": 0.0, ""Seguro"": 0.0, ""Composicoes"": [], ""Atributos"": null, ""ProductGroupId"": 1, ""Categoria"": ""COM AÇUCAR"", ""CategoriaID"": ""6344371e5b452fbeceeea9ec""}, {""Codigo"": ""247"", ""Unidade"": """", ""Descricao"": ""247 - Frete"", ""Quantidade"": 1.0, ""ValorUnitario"": 5.0, ""ValorFrete"": 0.0, ""DescontoUnitario"": 0.0, ""ValorTotal"": 5.0, ""PesoKG"": 0.0, ""Comprimento"": 0.0, ""Altura"": 0.0, ""Largura"": 0.0, ""FreteGratis"": false, ""ValorUnitarioFrete"": 1.0, ""PrazoEntregaFrete"": 0, ""ComissaoVendedor"": 0.0, ""Seguro"": 0.0, ""Composicoes"": [], ""Atributos"": null, ""ProductGroupId"": 1, ""Categoria"": """", ""CategoriaID"": """"}]";;2026-10-01T08:21:00-03:00;"[{""FormaPagamento"": ""Duplicata"", ""DescricaoPagamento"": null, ""ValorPagamento"": 199.0, ""BandeiraCartao"": null, ""NumeroTerminal"": null, ""DataTransacao"": ""2026-10-01T03:00:00Z"", ""CredenciadoraCartao"": null, ""CredenciadoraCNPJ"": null, ""CV_NSU"": null, ""TipoIntegracao"": null, ""CondicaoPagamento"": 0, ""Parcelas"": 0, ""PeriodoParcelas"": 0, ""Adiantamento"": 0.0, ""Quitar"": null}]";;0.0;;2026-10-01T08:23:20.027-03:00;;;;;;2026-10-01T08:22:48.812-03:00;GRUPO_ITZ;GRUPO_ITZ_PDV ITZ 01_6abe4275de3d6305f93b2477
6abe42cb9c74cd6eecee4eb5;;99704995;Venda Direta;64c94d6ff17f936e4a6f1aea;TABELA A ITZ;64bad39f311af33615d05794;PDV ITZ 01;Pedido Faturado;;;2026-10-01T00:00:00-03:00;PDV ITZ 01;64b189367d43efb6c852a724;663fd9c2162790235187013e;ESCOLA PENIEL;663fd9c2162790235187013e;10258184000148;;ITZ DELIVERY B2B;f14926f9-423a-4604-96a8-26f62e85d81d;VENDAS B2B;;;0;0;;PAC;2026-10-01T08:23:00-03:00;0001-01-01T00:00:00-02:00;0001-01-01T00:00:00-02:00;False;0.0;False;;False;0.0;;0.0;;105.0;True;True;;;Brasil;;;;;;;;"[{""Id"": 1, ""Nome"": ""Grupo de Produtos Padrão - 01""}]";"[{""Codigo"": ""0252"", ""Unidade"": ""UN"", ""Descricao"": ""0252 - SUCO DE MARACUJA 5L - COM AÇUCAR"", ""Quantidade"": 2.0, ""ValorUnitario"": 50.0, ""ValorFrete"": 0.0, ""DescontoUnitario"": 0.0, ""ValorTotal"": 100.0, ""PesoKG"": 0.0, ""Comprimento"": 0.0, ""Altura"": 0.0, ""Largura"": 0.0, ""FreteGratis"": false, ""ValorUnitarioFrete"": 1.0, ""PrazoEntregaFrete"": 0, ""ComissaoVendedor"": 0.0, ""Seguro"": 0.0, ""Composicoes"": [], ""Atributos"": null, ""ProductGroupId"": 1, ""Categoria"": ""COM AÇUCAR"", ""CategoriaID"": ""6344371e5b452fbeceeea9ec""}, {""Codigo"": ""247"", ""Unidade"": """", ""Descricao"": ""247 - Frete"", ""Quantidade"": 1.0, ""ValorUnitario"": 5.0, ""ValorFrete"": 0.0, ""DescontoUnitario"": 0.0, ""ValorTotal"": 5.0, ""PesoKG"": 0.0, ""Comprimento"": 0.0, ""Altura"": 0.0, ""Largura"": 0.0, ""FreteGratis"": false, ""ValorUnitarioFrete"": 1.0, ""PrazoEntregaFrete"": 0, ""ComissaoVendedor"": 0.0, ""Seguro"": 0.0, ""Composicoes"": [], ""Atributos"": null, ""ProductGroupId"": 1, ""Categoria"": """", ""CategoriaID"": """"}]";;2026-10-01T08:23:00-03:00;"[{""FormaPagamento"": ""Duplicata"", ""DescricaoPagamento"": null, ""ValorPagamento"": 105.0, ""BandeiraCartao"": null, ""NumeroTerminal"": null, ""DataTransacao"": ""2026-10-01T03:00:00Z"", ""CredenciadoraCartao"": null, ""CredenciadoraCNPJ"": null, ""CV_NSU"": null, ""TipoIntegracao"": null, ""CondicaoPagamento"": 0, ""Parcelas"": 0, ""PeriodoParcelas"": 0, ""Adiantamento"": 0.0, ""Quitar"": null}]";;0.0;;2026-10-01T08:24:13.126-03:00;;;;;;2026-10-01T08:24:08.902-03:00;GRUPO_ITZ;GRUPO_ITZ_PDV ITZ 01_6abe42cb9c74cd6eecee4eb5
6abe41c6aa0b5eef7cd471ca;;99704987;Venda Direta;64c94d6ff17f936e4a6f1aea;TABELA A ITZ;64bad39f311af33615d05794;PDV ITZ 01;Pedido Faturado;;;2026-10-01T00:00:00-03:00;PDV ITZ 01;64b189367d43efb6c852a724;65021196c7137cd852c245d5;MACRO REGIONAL (MARLENE);65021196c7137cd852c245d5;34531912349;;ITZ DELIVERY B2B;f14926f9-423a-4604-96a8-26f62e85d81d;VENDAS B2B;;;0;0;;PAC;2026-10-01T08:18:00-03:00;0001-01-01T00:00:00-02:00;0001-01-01T00:00:00-02:00;False;8.0;True;;False;0.0;;0.0;;157.0;True;True;Imperatriz;2105302;Brasil;65913745;MA;21;Residencial Império Romano;Rua I. Lancelott Maia;;;"[{""Id"": 1, ""Nome"": ""Grupo de Produtos Padrão - 01""}]";"[{""Codigo"": ""0252"", ""Unidade"": ""UN"", ""Descricao"": ""0252 - SUCO DE MARACUJA 5L - COM AÇUCAR"", ""Quantidade"": 1.0, ""ValorUnitario"": 50.0, ""ValorFrete"": 2.68, ""DescontoUnitario"": 0.0, ""ValorTotal"": 50.0, ""PesoKG"": 0.0, ""Comprimento"": 0.0, ""Altura"": 0.0, ""Largura"": 0.0, ""FreteGratis"": false, ""ValorUnitarioFrete"": 1.0, ""PrazoEntregaFrete"": 0, ""ComissaoVendedor"": 0.0, ""Seguro"": 0.0, ""Composicoes"": [], ""Atributos"": null, ""ProductGroupId"": 1, ""Categoria"": ""COM AÇUCAR"", ""CategoriaID"": ""6344371e5b452fbeceeea9ec""}, {""Codigo"": ""0249"", ""Unidade"": ""UN"", ""Descricao"": ""0249 - SUCO DE GOIABA 5L - COM AÇUCAR"", ""Quantidade"": 1.0, ""ValorUnitario"": 39.0, ""ValorFrete"": 2.09, ""DescontoUnitario"": 0.0, ""ValorTotal"": 39.0, ""PesoKG"": 0.0, ""Comprimento"": 0.0, ""Altura"": 0.0, ""Largura"": 0.0, ""FreteGratis"": false, ""ValorUnitarioFrete"": 1.0, ""PrazoEntregaFrete"": 0, ""ComissaoVendedor"": 0.0, ""Seguro"": 0.0, ""Composicoes"": [], ""Atributos"": null, ""ProductGroupId"": 1, ""Categoria"": ""COM AÇUCAR"", ""CategoriaID"": ""6344371e5b452fbeceeea9ec""}, {""Codigo"": ""0351"", ""Unidade"": ""UN"", ""Descricao"": ""0351 - SUCO DE LARANJA 5L - SEM AÇUCAR"", ""Quantidade"": 1.0, ""ValorUnitario"": 60.0, ""ValorFrete"": 3.23, ""DescontoUnitario"": 0.0, ""ValorTotal"": 60.0, ""PesoKG"": 0.0, ""Comprimento"": 0.0, ""Altura"": 0.0, ""Largura"": 0.0, ""FreteGratis"": false, ""ValorUnitarioFrete"": 1.0, ""PrazoEntregaFrete"": 0, ""ComissaoVendedor"": 0.0, ""Seguro"": 0.0, ""Composicoes"": [], ""Atributos"": null, ""ProductGroupId"": 1, ""Categoria"": ""SEM AÇUCAR"", ""CategoriaID"": ""6525b5fade6325a32c55386b""}]";;2026-10-01T08:18:00-03:00;"[{""FormaPagamento"": ""Duplicata"", ""DescricaoPagamento"": null, ""ValorPagamento"": 157.0, ""BandeiraCartao"": null, ""NumeroTerminal"": null, ""DataTransacao"": ""2026-10-01T03:00:00Z"", ""CredenciadoraCartao"": null, ""CredenciadoraCNPJ"": null, ""CV_NSU"": null, ""TipoIntegracao"": null, ""CondicaoPagamento"": 0, ""Parcelas"": 0, ""PeriodoParcelas"": 0, ""Adiantamento"": 0.0, ""Quitar"": null}]";;0.0;;2026-10-01T08:24:55.15-03:00;;;;;;2026-10-01T08:24:47.451-03:00;GRUPO_ITZ;GRUPO_ITZ_PDV ITZ 01_6abe41c6aa0b5eef7cd471ca
6abe441993460c91149375fc;;99705000;PDV;64c94d6ff17f936e4a6f1aea;TABELA B ITZ;64ef3f6a625d54b7a24c22af;PDV ITZ 01;Pedido Faturado;;Consumidor Final;2026-10-01T08:29:29.9-03:00;PDV ITZ 01;64b189367d43efb6c852a724;659057a8395f2736400d9dbd;CONSUMIDOR NÃO IDENTIFICADO;659057a8395f2736400d9dbd;;;ATENDIMENTO01 ITZ;714bbddc-76c1-4b2e-be63-1742aeaacc05;Receitas PDV;PIX;635ae864cd43d34b928b24c4;0;0;;;2026-10-01T08:29:29.947-03:00;0001-01-01T00:00:00-02:00;0001-01-01T00:00:00-02:00;False;0.0;False;;False;0.0;Gerado automaticamente através do modulo PDV;0.0;;41.97;True;True;;;;;;;;;;;"[{""Id"": 1, ""Nome"": ""Grupo de Produtos Padrão - 01""}]";"[{""Codigo"": ""0211"", ""Unidade"": ""UN"", ""Descricao"": ""0211 - SUCO DE MARACUJA 1L - COM AÇUCAR"", ""Quantidade"": 1.0, ""ValorUnitario"": 13.99, ""ValorFrete"": 0.0, ""DescontoUnitario"": 0.0, ""ValorTotal"": 13.99, ""PesoKG"": 0.0, ""Comprimento"": 0.0, ""Altura"": 0.0, ""Largura"": 0.0, ""FreteGratis"": false, ""ValorUnitarioFrete"": 1.0, ""PrazoEntregaFrete"": 0, ""ComissaoVendedor"": 0.0, ""Seguro"": 0.0, ""Composicoes"": [], ""Atributos"": null, ""ProductGroupId"": 1, ""Categoria"": ""COM AÇUCAR"", ""CategoriaID"": ""6344371e5b452fbeceeea9ec""}, {""Codigo"": ""0207"", ""Unidade"": ""UN"", ""Descricao"": ""0207 - SUCO DE GOIABA 1L - COM AÇUCAR"", ""Quantidade"": 1.0, ""ValorUnitario"": 10.99, ""ValorFrete"": 0.0, ""DescontoUnitario"": 0.0, ""ValorTotal"": 10.99, ""PesoKG"": 0.0, ""Comprimento"": 0.0, ""Altura"": 0.0, ""Largura"": 0.0, ""FreteGratis"": false, ""ValorUnitarioFrete"": 1.0, ""PrazoEntregaFrete"": 0, ""ComissaoVendedor"": 0.0, ""Seguro"": 0.0, ""Composicoes"": [], ""Atributos"": null, ""ProductGroupId"": 1, ""Categoria"": ""COM AÇUCAR"", ""CategoriaID"": ""6344371e5b452fbeceeea9ec""}, {""Codigo"": ""0209"", ""Unidade"": ""UN"", ""Descricao"": ""0209 - SUCO DE LARANJA 1L - COM AÇUCAR"", ""Quantidade"": 1.0, ""ValorUnitario"": 16.99, ""ValorFrete"": 0.0, ""DescontoUnitario"": 0.0, ""ValorTotal"": 16.99, ""PesoKG"": 0.0, ""Comprimento"": 0.0, ""Altura"": 0.0, ""Largura"": 0.0, ""FreteGratis"": false, ""ValorUnitarioFrete"": 1.0, ""PrazoEntregaFrete"": 0, ""ComissaoVendedor"": 0.0, ""Seguro"": 0.0, ""Composicoes"": [], ""Atributos"": null, ""ProductGroupId"": 1, ""Categoria"": ""COM AÇUCAR"", ""CategoriaID"": ""6344371e5b452fbeceeea9ec""}]";;2026-10-01T08:29:29.947-03:00;"[{""FormaPagamento"": ""PIX"", ""DescricaoPagamento"": ""Pagamento recebido em PIX"", ""ValorPagamento"": 41.97, ""BandeiraCartao"": """", ""NumeroTerminal"": null, ""DataTransacao"": ""2026-10-01T03:00:00Z"", ""CredenciadoraCartao"": null, ""CredenciadoraCNPJ"": null, ""CV_NSU"": null, ""TipoIntegracao"": null, ""CondicaoPagamento"": 0, ""Parcelas"": 1, ""PeriodoParcelas"": 30, ""Adiantamento"": 0.0, ""Quitar"": null}]";;0.0;57721;2026-10-01T08:29:31.388-03:00;21261041746969000193650010000577211258998453;https://app.sigecloud.com.br/danfenfce/28f81638-c595-4134-9287-9e27aa0e4112/6abe441b93460c911493760d?downloadpdf&printsize=80mm;http://nfce.sefaz.ma.gov.br/portal/consultarNFCe.jsp?p=21261041746969000193650010000577211258998453|2|1|1|4F21ABAA788ED1C731F265BDB2FFF0139165FFA7;;;0001-01-01T00:00:00-02:00;GRUPO_ITZ;GRUPO_ITZ_PDV ITZ 01_6abe441993460c91149375fc
6abe4562b36b21c5cbfa1dd1;;99705005;PDV;64c94d6ff17f936e4a6f1aea;TABELA B ITZ;64ef3f6a625d54b7a24c22af;PDV ITZ 01;Pedido Faturado;;Consumidor Final;2026-10-01T08:34:57.635-03:00;PDV ITZ 01;64b189367d43efb6c852a724;659057a8395f2736400d9dbd;CONSUMIDOR NÃO IDENTIFICADO;659057a8395f2736400d9dbd;;;ATENDIMENTO01 ITZ;714bbddc-76c1-4b2e-be63-1742aeaacc05;Receitas PDV;Cartão de Débito;5b648d993498afae6d5c361b;1;0;;;2026-10-01T08:34:57.728-03:00;0001-01-01T00:00:00-02:00;0001-01-01T00:00:00-02:00;False;0.0;False;;False;0.0;Gerado automaticamente através do modulo PDV;0.0;;29.99;True;True;;;;;;;;;;;"[{""Id"": 1, ""Nome"": ""Grupo de Produtos Padrão - 01""}]";"[{""Codigo"": ""0224"", ""Unidade"": ""UN"", ""Descricao"": ""0224 - SUCO DE LARANJA 2L - COM AÇUCAR"", ""Quantidade"": 1.0, ""ValorUnitario"": 29.99, ""ValorFrete"": 0.0, ""DescontoUnitario"": 0.0, ""ValorTotal"": 29.99, ""PesoKG"": 0.0, ""Comprimento"": 0.0, ""Altura"": 0.0, ""Largura"": 0.0, ""FreteGratis"": false, ""ValorUnitarioFrete"": 1.0, ""PrazoEntregaFrete"": 0, ""ComissaoVendedor"": 0.0, ""Seguro"": 0.0, ""Composicoes"": [], ""Atributos"": null, ""ProductGroupId"": 1, ""Categoria"": ""COM AÇUCAR"", ""CategoriaID"": ""6344371e5b452fbeceeea9ec""}]";;2026-10-01T08:34:57.728-03:00;"[{""FormaPagamento"": ""Cartão de Débito"", ""DescricaoPagamento"": ""Pagamento recebido em Cartão de Débito"", ""ValorPagamento"": 29.99, ""BandeiraCartao"": ""01"", ""NumeroTerminal"": null, ""DataTransacao"": ""2026-10-01T03:00:00Z"", ""CredenciadoraCartao"": ""STONE INSTITUICAO DE PAGAMENTO S.A"", ""CredenciadoraCNPJ"": ""16501555000157"", ""CV_NSU"": null, ""TipoIntegracao"": ""2"", ""CondicaoPagamento"": 1, ""Parcelas"": 1, ""PeriodoParcelas"": 30, ""Adiantamento"": 0.0, ""Quitar"": null}]";;0.0;57722;2026-10-01T08:34:59.967-03:00;21261041746969000193650010000577221147526917;https://app.sigecloud.com.br/danfenfce/28f81638-c595-4134-9287-9e27aa0e4112/6abe4564b46e79de05cd7c4a?downloadpdf&printsize=80mm;http://nfce.sefaz.ma.gov.br/portal/consultarNFCe.jsp?p=21261041746969000193650010000577221147526917|2|1|1|A7EB12CA80A50AF44A079EE13CA0DA1899E74238;;;0001-01-01T00:00:00-02:00;GRUPO_ITZ;GRUPO_ITZ_PDV ITZ 01_6abe4562b36b21c5cbfa1dd1
6abe47cd93460c911493a653;;99705013;PDV;64c94d6ff17f936e4a6f1aea;TAB_CLUBE_VANTAG_ITZ;68fea7d7f52c56d996933227;PDV ITZ 01;Pedido Faturado;;Consumidor Final;2026-10-01T08:45:17.037-03:00;PDV ITZ 01;64b189367d43efb6c852a724;659057a8395f2736400d9dbd;CONSUMIDOR NÃO IDENTIFICADO;659057a8395f2736400d9dbd;;;ATENDIMENTO01 ITZ;714bbddc-76c1-4b2e-be63-1742aeaacc05;Receitas PDV;Dinheiro;5b648d1c3498afae6d5bfd89;0;0;;;2026-10-01T08:45:17.084-03:00;0001-01-01T00:00:00-02:00;0001-01-01T00:00:00-02:00;False;0.0;False;;False;0.0;Gerado automaticamente através do modulo PDV;0.0;;23.99;True;True;;;;;;;;;;;"[{""Id"": 1, ""Nome"": ""Grupo de Produtos Padrão - 01""}]";"[{""Codigo"": ""0225"", ""Unidade"": ""UN"", ""Descricao"": ""0225 - SUCO DE MARACUJA 2L - COM AÇUCAR"", ""Quantidade"": 1.0, ""ValorUnitario"": 23.99, ""ValorFrete"": 0.0, ""DescontoUnitario"": 0.0, ""ValorTotal"": 23.99, ""PesoKG"": 0.0, ""Comprimento"": 0.0, ""Altura"": 0.0, ""Largura"": 0.0, ""FreteGratis"": false, ""ValorUnitarioFrete"": 1.0, ""PrazoEntregaFrete"": 0, ""ComissaoVendedor"": 0.0, ""Seguro"": 0.0, ""Composicoes"": [], ""Atributos"": null, ""ProductGroupId"": 1, ""Categoria"": ""COM AÇUCAR"", ""CategoriaID"": ""6344371e5b452fbeceeea9ec""}]";;2026-10-01T08:45:17.084-03:00;"[{""FormaPagamento"": ""Dinheiro"", ""DescricaoPagamento"": ""Pagamento recebido em Dinheiro"", ""ValorPagamento"": 23.99, ""BandeiraCartao"": """", ""NumeroTerminal"": null, ""DataTransacao"": ""2026-10-01T03:00:00Z"", ""CredenciadoraCartao"": null, ""CredenciadoraCNPJ"": null, ""CV_NSU"": null, ""TipoIntegracao"": null, ""CondicaoPagamento"": 0, ""Parcelas"": 1, ""PeriodoParcelas"": 30, ""Adiantamento"": 0.0, ""Quitar"": null}]";;0.0;;2026-10-01T08:45:17.865-03:00;;;;;;0001-01-01T00:00:00-02:00;GRUPO_ITZ;GRUPO_ITZ_PDV ITZ 01_6abe47cd93460c911493a653
6abe4a38a93bcdf35adac036;;99705020;PDV;64c94d6ff17f936e4a6f1aea;TABELA B ITZ;64ef3f6a625d54b7a24c22af;PDV ITZ 01;Pedido Faturado;;Consumidor Final;2026-10-01T08:55:36.833-03:00;PDV ITZ 01;64b189367d43efb6c852a724;659057a8395f2736400d9dbd;CONSUMIDOR NÃO IDENTIFICADO;659057a8395f2736400d9dbd;;;ATENDIMENTO01 ITZ;714bbddc-76c1-4b2e-be63-1742aeaacc05;Receitas PDV;Cartão de Débito;5b648d993498afae6d5c361b;0;0;;;2026-10-01T08:55:36.879-03:00;0001-01-01T00:00:00-02:00;0001-01-01T00:00:00-02:00;False;0.0;False;;False;0.0;Gerado automaticamente através do modulo PDV;0.0;;19.99;True;True;;;;;;;;;;;"[{""Id"": 1, ""Nome"": ""Grupo de Produtos Padrão - 01""}]";"[{""Codigo"": ""0216"", ""Unidade"": ""UN"", ""Descricao"": ""0216 - SUCO DE ACEROLA 2L - COM AÇUCAR"", ""Quantidade"": 1.0, ""ValorUnitario"": 23.99, ""ValorFrete"": 0.0, ""DescontoUnitario"": 3.999133, ""ValorTotal"": 19.99, ""PesoKG"": 0.0, ""Comprimento"": 0.0, ""Altura"": 0.0, ""Largura"": 0.0, ""FreteGratis"": false, ""ValorUnitarioFrete"": 1.0, ""PrazoEntregaFrete"": 0, ""ComissaoVendedor"": 0.0, ""Seguro"": 0.0, ""Composicoes"": [], ""Atributos"": null, ""ProductGroupId"": 1, ""Categoria"": ""COM AÇUCAR"", ""CategoriaID"": ""6344371e5b452fbeceeea9ec""}]";;2026-10-01T08:55:36.879-03:00;"[{""FormaPagamento"": ""Cartão de Débito"", ""DescricaoPagamento"": ""Pagamento recebido em Cartão de Débito"", ""ValorPagamento"": 19.99, ""BandeiraCartao"": ""01"", ""NumeroTerminal"": null, ""DataTransacao"": ""2026-10-01T03:00:00Z"", ""CredenciadoraCartao"": ""STONE INSTITUICAO DE PAGAMENTO S.A"", ""CredenciadoraCNPJ"": ""16501555000157"", ""CV_NSU"": null, ""TipoIntegracao"": ""2"", ""CondicaoPagamento"": 0, ""Parcelas"": 1, ""PeriodoParcelas"": 30, ""Adiantamento"": 0.0, ""Quitar"": null}]";;0.0;57723;2026-10-01T08:55:37.88-03:00;21261041746969000193650010000577231810251655;https://app.sigecloud.com.br/danfenfce/28f81638-c595-4134-9287-9e27aa0e4112/6abe4a3a665b4ec77987813a?downloadpdf&printsize=80mm;http://nfce.sefaz.ma.gov.br/portal/consultarNFCe.jsp?p=21261041746969000193650010000577231810251655|2|1|1|A65C7D2A7D556B7C87725FF767AD6D6D44CA2CB4;;;0001-01-01T00:00:00-02:00;GRUPO_ITZ;GRUPO_ITZ_PDV ITZ 01_6abe4a38a93bcdf35adac036
6abe4c078a25980045142bb9;;99705025;PDV;64c94d6ff17f936e4a6f1aea;TABELA B ITZ;64ef3f6a625d54b7a24c22af;PDV ITZ 01;Pedido Faturado;;Consumidor Final;2026-10-01T09:03:19.279-03:00;PDV ITZ 01;64b189367d43efb6c852a724;659057a8395f2736400d9dbd;CONSUMIDOR NÃO IDENTIFICADO;659057a8395f2736400d9dbd;;;ATENDIMENTO01 ITZ;714bbddc-76c1-4b2e-be63-1742aeaacc05;Receitas PDV;Dinheiro;5b648d1c3498afae6d5bfd89;0;0;;;2026-10-01T09:03:19.326-03:00;0001-01-01T00:00:00-02:00;0001-01-01T00:00:00-02:00;False;0.0;False;;False;0.0;Gerado automaticamente através do modulo PDV;0.0;;24.99;True;True;;;;;;;;;;;"[{""Id"": 1, ""Nome"": ""Grupo de Produtos Padrão - 01""}]";"[{""Codigo"": ""0229"", ""Unidade"": ""UN"", ""Descricao"": ""0229 - SUCO DE ACEROLA 300ML - COM AÇUCAR"", ""Quantidade"": 1.0, ""ValorUnitario"": 5.49, ""ValorFrete"": 0.0, ""DescontoUnitario"": 0.836127, ""ValorTotal"": 4.65, ""PesoKG"": 0.0, ""Comprimento"": 0.0, ""Altura"": 0.0, ""Largura"": 0.0, ""FreteGratis"": false, ""ValorUnitarioFrete"": 1.0, ""PrazoEntregaFrete"": 0, ""ComissaoVendedor"": 0.0, ""Seguro"": 0.0, ""Composicoes"": [], ""Atributos"": null, ""ProductGroupId"": 1, ""Categoria"": ""COM AÇUCAR"", ""CategoriaID"": ""6344371e5b452fbeceeea9ec""}, {""Codigo"": ""0216"", ""Unidade"": ""UN"", ""Descricao"": ""0216 - SUCO DE ACEROLA 2L - COM AÇUCAR"", ""Quantidade"": 1.0, ""ValorUnitario"": 23.99, ""ValorFrete"": 0.0, ""DescontoUnitario"": 3.6536769999999996, ""ValorTotal"": 20.34, ""PesoKG"": 0.0, ""Comprimento"": 0.0, ""Altura"": 0.0, ""Largura"": 0.0, ""FreteGratis"": false, ""ValorUnitarioFrete"": 1.0, ""PrazoEntregaFrete"": 0, ""ComissaoVendedor"": 0.0, ""Seguro"": 0.0, ""Composicoes"": [], ""Atributos"": null, ""ProductGroupId"": 1, ""Categoria"": ""COM AÇUCAR"", ""CategoriaID"": ""6344371e5b452fbeceeea9ec""}]";;2026-10-01T09:03:19.326-03:00;"[{""FormaPagamento"": ""Dinheiro"", ""DescricaoPagamento"": ""Pagamento recebido em Dinheiro"", ""ValorPagamento"": 24.99, ""BandeiraCartao"": """", ""NumeroTerminal"": null, ""DataTransacao"": ""2026-10-01T03:00:00Z"", ""CredenciadoraCartao"": null, ""CredenciadoraCNPJ"": null, ""CV_NSU"": null, ""TipoIntegracao"": null, ""CondicaoPagamento"": 0, ""Parcelas"": 1, ""PeriodoParcelas"": 30, ""Adiantamento"": 0.0, ""Quitar"": null}]";;0.0;;2026-10-01T09:03:20.641-03:00;;;;;;0001-01-01T00:00:00-02:00;GRUPO_ITZ;GRUPO_ITZ_PDV ITZ 01_6abe4c078a25980045142bb9
6abe4c17b21659cd59f083c4;;99705026;Venda Direta;64c94d6ff17f936e4a6f1aea;TABELA A ITZ;64bad39f311af33615d05794;PDV ITZ 01;Pedido Faturado;;Pedido;2026-10-01T00:00:00-03:00;PDV ITZ 01;64b189367d43efb6c852a724;6a81e68a550a665654594202;BOLOS E DELICIAS DA ANDRÉA;6a81e68a550a665654594202;63639416000174;;Vendedor Ext ITZ;c6595c2b-6f96-43b6-95f3-abe692382b5a;VENDAS B2B;;;0;0;;PAC;2026-10-01T09:02:00-03:00;0001-01-01T00:00:00-02:00;0001-01-01T00:00:00-02:00;False;0.0;False;;False;0.0;;0.0;;80.0;True;True;Imperatriz;2105302;Brasil;65903290;MA;21;CENTRO;RUA BENEDITO LEITE;949;;"[{""Id"": 1, ""Nome"": ""Grupo de Produtos Padrão - 01""}]";"[{""Codigo"": ""0224"", ""Unidade"": ""UN"", ""Descricao"": ""0224 - SUCO DE LARANJA 2L - COM AÇUCAR"", ""Quantidade"": 2.0, ""ValorUnitario"": 28.0, ""ValorFrete"": 0.0, ""DescontoUnitario"": 0.0, ""ValorTotal"": 56.0, ""PesoKG"": 0.0, ""Comprimento"": 0.0, ""Altura"": 0.0, ""Largura"": 0.0, ""FreteGratis"": false, ""ValorUnitarioFrete"": 1.0, ""PrazoEntregaFrete"": 0, ""ComissaoVendedor"": 0.0, ""Seguro"": 0.0, ""Composicoes"": [], ""Atributos"": null, ""ProductGroupId"": 1, ""Categoria"": ""COM AÇUCAR"", ""CategoriaID"": ""6344371e5b452fbeceeea9ec""}, {""Codigo"": ""0225"", ""Unidade"": ""UN"", ""Descricao"": ""0225 - SUCO DE MARACUJA 2L - COM AÇUCAR"", ""Quantidade"": 1.0, ""ValorUnitario"": 24.0, ""ValorFrete"": 0.0, ""DescontoUnitario"": 0.0, ""ValorTotal"": 24.0, ""PesoKG"": 0.0, ""Comprimento"": 0.0, ""Altura"": 0.0, ""Largura"": 0.0, ""FreteGratis"": false, ""ValorUnitarioFrete"": 1.0, ""PrazoEntregaFrete"": 0, ""ComissaoVendedor"": 0.0, ""Seguro"": 0.0, ""Composicoes"": [], ""Atributos"": null, ""ProductGroupId"": 1, ""Categoria"": ""COM AÇUCAR"", ""CategoriaID"": ""6344371e5b452fbeceeea9ec""}]";;2026-10-01T09:02:00-03:00;"[{""FormaPagamento"": ""Duplicata"", ""DescricaoPagamento"": null, ""ValorPagamento"": 80.0, ""BandeiraCartao"": null, ""NumeroTerminal"": null, ""DataTransacao"": ""2026-10-01T03:00:00Z"", ""CredenciadoraCartao"": null, ""CredenciadoraCNPJ"": null, ""CV_NSU"": null, ""TipoIntegracao"": null, ""CondicaoPagamento"": 0, ""Parcelas"": 0, ""PeriodoParcelas"": 0, ""Adiantamento"": 0.0, ""Quitar"": null}]";;0.0;;2026-10-01T09:05:05.45-03:00;;;;;;2026-10-01T09:05:04.739-03:00;GRUPO_ITZ;GRUPO_ITZ_PDV ITZ 01_6abe4c17b21659cd59f083c4
6abe4e87aa0b5eef7cd56e8c;;99705029;PDV;64c94d6ff17f936e4a6f1aea;TABELA A ITZ;64bad39f311af33615d05794;PDV ITZ 01;Pedido Faturado;;Consumidor Final;2026-10-01T09:13:59.456-03:00;PDV ITZ 01;64b189367d43efb6c852a724;6787c46af65de776436583c6;POSTO BANANAL;6787c46af65de776436583c6;04439558000129;;ITZ DELIVERY B2B;f14926f9-423a-4604-96a8-26f62e85d81d;Receitas PDV;PIX;635ae864cd43d34b928b24c4;0;0;;;2026-10-01T09:13:59.519-03:00;0001-01-01T00:00:00-02:00;0001-01-01T00:00:00-02:00;False;0.0;False;;False;0.0;Gerado automaticamente através do modulo PDV;0.0;;60.0;True;True;Governador Edison Lobão;2104552;Brasil;65928000;MA;21;POVOADO BANANAL;RODOVIA BR 010;S/N;KM 1327;"[{""Id"": 1, ""Nome"": ""Grupo de Produtos Padrão - 01""}]";"[{""Codigo"": ""0251"", ""Unidade"": ""UN"", ""Descricao"": ""0251 - SUCO DE LARANJA 5L - COM AÇUCAR"", ""Quantidade"": 1.0, ""ValorUnitario"": 60.0, ""ValorFrete"": 0.0, ""DescontoUnitario"": 0.0, ""ValorTotal"": 60.0, ""PesoKG"": 0.0, ""Comprimento"": 0.0, ""Altura"": 0.0, ""Largura"": 0.0, ""FreteGratis"": false, ""ValorUnitarioFrete"": 1.0, ""PrazoEntregaFrete"": 0, ""ComissaoVendedor"": 0.0, ""Seguro"": 0.0, ""Composicoes"": [], ""Atributos"": null, ""ProductGroupId"": 1, ""Categoria"": ""COM AÇUCAR"", ""CategoriaID"": ""6344371e5b452fbeceeea9ec""}]";;2026-10-01T09:13:59.519-03:00;"[{""FormaPagamento"": ""PIX"", ""DescricaoPagamento"": ""Pagamento recebido em PIX"", ""ValorPagamento"": 60.0, ""BandeiraCartao"": """", ""NumeroTerminal"": null, ""DataTransacao"": ""2026-10-01T03:00:00Z"", ""CredenciadoraCartao"": null, ""CredenciadoraCNPJ"": null, ""CV_NSU"": null, ""TipoIntegracao"": null, ""CondicaoPagamento"": 0, ""Parcelas"": 1, ""PeriodoParcelas"": 30, ""Adiantamento"": 0.0, ""Quitar"": null}]";;0.0;57724;2026-10-01T09:14:01.009-03:00;21261041746969000193650010000577241811991870;https://app.sigecloud.com.br/danfenfce/28f81638-c595-4134-9287-9e27aa0e4112/6abe4e89665b4ec77987ef90?downloadpdf&printsize=80mm;http://nfce.sefaz.ma.gov.br/portal/consultarNFCe.jsp?p=21261041746969000193650010000577241811991870|2|1|1|639EB922F9C361C2C5FA83F4E24D8056F8A68EFD;;;0001-01-01T00:00:00-02:00;GRUPO_ITZ;GRUPO_ITZ_PDV ITZ 01_6abe4e87aa0b5eef7cd56e8c
6abe4e9cb36b21c5cbfaec51;;99705030;PDV;64c94d6ff17f936e4a6f1aea;TAB_CLUBE_VANTAG_ITZ;68fea7d7f52c56d996933227;PDV ITZ 01;Pedido Faturado;;Consumidor Final;2026-10-01T09:14:20.042-03:00;PDV ITZ 01;64b189367d43efb6c852a724;659057a8395f2736400d9dbd;CONSUMIDOR NÃO IDENTIFICADO;659057a8395f2736400d9dbd;;;ITZ DELIVERY B2B;f14926f9-423a-4604-96a8-26f62e85d81d;Receitas PDV;Cartão de Débito;5b648d993498afae6d5c361b;0;0;;;2026-10-01T09:14:20.104-03:00;0001-01-01T00:00:00-02:00;0001-01-01T00:00:00-02:00;False;0.0;False;;False;0.0;Gerado automaticamente através do modulo PDV;0.0;;28.98;True;True;;;;;;;;;;;"[{""Id"": 1, ""Nome"": ""Grupo de Produtos Padrão - 01""}]";"[{""Codigo"": ""0211"", ""Unidade"": ""UN"", ""Descricao"": ""0211 - SUCO DE MARACUJA 1L - COM AÇUCAR"", ""Quantidade"": 1.0, ""ValorUnitario"": 12.99, ""ValorFrete"": 0.0, ""DescontoUnitario"": 0.0, ""ValorTotal"": 12.99, ""PesoKG"": 0.0, ""Comprimento"": 0.0, ""Altura"": 0.0, ""Largura"": 0.0, ""FreteGratis"": false, ""ValorUnitarioFrete"": 1.0, ""PrazoEntregaFrete"": 0, ""ComissaoVendedor"": 0.0, ""Seguro"": 0.0, ""Composicoes"": [], ""Atributos"": null, ""ProductGroupId"": 1, ""Categoria"": ""COM AÇUCAR"", ""CategoriaID"": ""6344371e5b452fbeceeea9ec""}, {""Codigo"": ""0209"", ""Unidade"": ""UN"", ""Descricao"": ""0209 - SUCO DE LARANJA 1L - COM AÇUCAR"", ""Quantidade"": 1.0, ""ValorUnitario"": 15.99, ""ValorFrete"": 0.0, ""DescontoUnitario"": 0.0, ""ValorTotal"": 15.99, ""PesoKG"": 0.0, ""Comprimento"": 0.0, ""Altura"": 0.0, ""Largura"": 0.0, ""FreteGratis"": false, ""ValorUnitarioFrete"": 1.0, ""PrazoEntregaFrete"": 0, ""ComissaoVendedor"": 0.0, ""Seguro"": 0.0, ""Composicoes"": [], ""Atributos"": null, ""ProductGroupId"": 1, ""Categoria"": ""COM AÇUCAR"", ""CategoriaID"": ""6344371e5b452fbeceeea9ec""}]";;2026-10-01T09:14:20.104-03:00;"[{""FormaPagamento"": ""Cartão de Débito"", ""DescricaoPagamento"": ""Pagamento recebido em Cartão de Débito"", ""ValorPagamento"": 28.98, ""BandeiraCartao"": ""01"", ""NumeroTerminal"": null, ""DataTransacao"": ""2026-10-01T03:00:00Z"", ""CredenciadoraCartao"": ""STONE INSTITUICAO DE PAGAMENTO S.A"", ""CredenciadoraCNPJ"": ""16501555000157"", ""CV_NSU"": null, ""TipoIntegracao"": ""2"", ""CondicaoPagamento"": 0, ""Parcelas"": 1, ""PeriodoParcelas"": 30, ""Adiantamento"": 0.0, ""Quitar"": null}]";;0.0;57725;2026-10-01T09:14:21.434-03:00;21261041746969000193650010000577251964154581;https://app.sigecloud.com.br/danfenfce/28f81638-c595-4134-9287-9e27aa0e4112/6abe4e9d665b4ec77987f102?downloadpdf&printsize=80mm;http://nfce.sefaz.ma.gov.br/portal/consultarNFCe.jsp?p=21261041746969000193650010000577251964154581|2|1|1|2A67ECF9DC5BBE2638018CE544C839E736A80843;;;0001-01-01T00:00:00-02:00;GRUPO_ITZ;GRUPO_ITZ_PDV ITZ 01_6abe4e9cb36b21c5cbfaec51
6abe5073aa0b5eef7cd59b40;;99705037;PDV;64c94d6ff17f936e4a6f1aea;TABELA B ITZ;64ef3f6a625d54b7a24c22af;PDV ITZ 01;Pedido Faturado;;Consumidor Final;2026-10-01T09:22:11.87-03:00;PDV ITZ 01;64b189367d43efb6c852a724;659057a8395f2736400d9dbd;CONSUMIDOR NÃO IDENTIFICADO;659057a8395f2736400d9dbd;;;ITZ DELIVERY B2B;f14926f9-423a-4604-96a8-26f62e85d81d;Receitas PDV;PIX;635ae864cd43d34b928b24c4;0;0;;;2026-10-01T09:22:11.948-03:00;0001-01-01T00:00:00-02:00;0001-01-01T00:00:00-02:00;False;0.0;False;;False;0.0;Gerado automaticamente através do modulo PDV;0.0;;59.98;True;True;;;;;;;;;;;"[{""Id"": 1, ""Nome"": ""Grupo de Produtos Padrão - 01""}]";"[{""Codigo"": ""0224"", ""Unidade"": ""UN"", ""Descricao"": ""0224 - SUCO DE LARANJA 2L - COM AÇUCAR"", ""Quantidade"": 2.0, ""ValorUnitario"": 29.99, ""ValorFrete"": 0.0, ""DescontoUnitario"": 0.0, ""ValorTotal"": 59.98, ""PesoKG"": 0.0, ""Comprimento"": 0.0, ""Altura"": 0.0, ""Largura"": 0.0, ""FreteGratis"": false, ""ValorUnitarioFrete"": 1.0, ""PrazoEntregaFrete"": 0, ""ComissaoVendedor"": 0.0, ""Seguro"": 0.0, ""Composicoes"": [], ""Atributos"": null, ""ProductGroupId"": 1, ""Categoria"": ""COM AÇUCAR"", ""CategoriaID"": ""6344371e5b452fbeceeea9ec""}]";;2026-10-01T09:22:11.948-03:00;"[{""FormaPagamento"": ""PIX"", ""DescricaoPagamento"": ""Pagamento recebido em PIX"", ""ValorPagamento"": 59.98, ""BandeiraCartao"": """", ""NumeroTerminal"": null, ""DataTransacao"": ""2026-10-01T03:00:00Z"", ""CredenciadoraCartao"": null, ""CredenciadoraCNPJ"": null, ""CV_NSU"": null, ""TipoIntegracao"": null, ""CondicaoPagamento"": 0, ""Parcelas"": 1, ""PeriodoParcelas"": 30, ""Adiantamento"": 0.0, ""Quitar"": null}]";;0.0;57726;2026-10-01T09:22:12.839-03:00;21261041746969000193650010000577261112274929;https://app.sigecloud.com.br/danfenfce/28f81638-c595-4134-9287-9e27aa0e4112/6abe5075f8094b3cf4b244c8?downloadpdf&printsize=80mm;http://nfce.sefaz.ma.gov.br/portal/consultarNFCe.jsp?p=21261041746969000193650010000577261112274929|2|1|1|4962D2300927F5BC73F4F465E866569B3A5D38EE;;;0001-01-01T00:00:00-02:00;GRUPO_ITZ;GRUPO_ITZ_PDV ITZ 01_6abe5073aa0b5eef7cd59b40
6abe543231195d99ead53287;;99705047;PDV;64c94d6ff17f936e4a6f1aea;TABELA B ITZ;64ef3f6a625d54b7a24c22af;PDV ITZ 01;Pedido Faturado;;Consumidor Final;2026-10-01T09:38:10.281-03:00;PDV ITZ 01;64b189367d43efb6c852a724;659057a8395f2736400d9dbd;CONSUMIDOR NÃO IDENTIFICADO;659057a8395f2736400d9dbd;;;ITZ DELIVERY B2B;f14926f9-423a-4604-96a8-26f62e85d81d;Receitas PDV;Cartão de Débito;5b648d993498afae6d5c361b;1;0;;;2026-10-01T09:38:10.312-03:00;0001-01-01T00:00:00-02:00;0001-01-01T00:00:00-02:00;False;0.0;False;;False;0.0;Gerado automaticamente através do modulo PDV;0.0;;13.99;True;True;;;;;;;;;;;"[{""Id"": 1, ""Nome"": ""Grupo de Produtos Padrão - 01""}]";"[{""Codigo"": ""0211"", ""Unidade"": ""UN"", ""Descricao"": ""0211 - SUCO DE MARACUJA 1L - COM AÇUCAR"", ""Quantidade"": 1.0, ""ValorUnitario"": 13.99, ""ValorFrete"": 0.0, ""DescontoUnitario"": 0.0, ""ValorTotal"": 13.99, ""PesoKG"": 0.0, ""Comprimento"": 0.0, ""Altura"": 0.0, ""Largura"": 0.0, ""FreteGratis"": false, ""ValorUnitarioFrete"": 1.0, ""PrazoEntregaFrete"": 0, ""ComissaoVendedor"": 0.0, ""Seguro"": 0.0, ""Composicoes"": [], ""Atributos"": null, ""ProductGroupId"": 1, ""Categoria"": ""COM AÇUCAR"", ""CategoriaID"": ""6344371e5b452fbeceeea9ec""}]";;2026-10-01T09:38:10.312-03:00;"[{""FormaPagamento"": ""Cartão de Débito"", ""DescricaoPagamento"": ""Pagamento recebido em Cartão de Débito"", ""ValorPagamento"": 13.99, ""BandeiraCartao"": ""01"", ""NumeroTerminal"": null, ""DataTransacao"": ""2026-10-01T03:00:00Z"", ""CredenciadoraCartao"": ""STONE INSTITUICAO DE PAGAMENTO S.A"", ""CredenciadoraCNPJ"": ""16501555000157"", ""CV_NSU"": null, ""TipoIntegracao"": ""2"", ""CondicaoPagamento"": 1, ""Parcelas"": 1, ""PeriodoParcelas"": 30, ""Adiantamento"": 0.0, ""Quitar"": null}]";;0.0;57727;2026-10-01T09:38:11.61-03:00;21261041746969000193650010000577271355272341;https://app.sigecloud.com.br/danfenfce/28f81638-c595-4134-9287-9e27aa0e4112/6abe5433b21659cd59f1377b?downloadpdf&printsize=80mm;http://nfce.sefaz.ma.gov.br/portal/consultarNFCe.jsp?p=21261041746969000193650010000577271355272341|2|1|1|45C31AAB7FA80D0514FEF52DF2883F3296CCD9AD;;;0001-01-01T00:00:00-02:00;GRUPO_ITZ;GRUPO_ITZ_PDV ITZ 01_6abe543231195d99ead53287
6abe578df408cfa759ba88d3;;99705061;PDV;64c94d6ff17f936e4a6f1aea;TAB_CLUBE_VANTAG_ITZ;68fea7d7f52c56d996933227;PDV ITZ 01;Pedido Faturado;;Consumidor Final;2026-10-01T09:52:29.669-03:00;PDV ITZ 01;64b189367d43efb6c852a724;659057a8395f2736400d9dbd;CONSUMIDOR NÃO IDENTIFICADO;659057a8395f2736400d9dbd;;;ITZ DELIVERY B2B;f14926f9-423a-4604-96a8-26f62e85d81d;Receitas PDV;Cartão de Débito;5b648d993498afae6d5c361b;0;0;;;2026-10-01T09:52:29.716-03:00;0001-01-01T00:00:00-02:00;0001-01-01T00:00:00-02:00;False;0.0;False;;False;0.0;Gerado automaticamente através do modulo PDV;0.0;;9.99;True;True;;;;;;;;;;;"[{""Id"": 1, ""Nome"": ""Grupo de Produtos Padrão - 01""}]";"[{""Codigo"": ""0207"", ""Unidade"": ""UN"", ""Descricao"": ""0207 - SUCO DE GOIABA 1L - COM AÇUCAR"", ""Quantidade"": 1.0, ""ValorUnitario"": 9.99, ""ValorFrete"": 0.0, ""DescontoUnitario"": 0.0, ""ValorTotal"": 9.99, ""PesoKG"": 0.0, ""Comprimento"": 0.0, ""Altura"": 0.0, ""Largura"": 0.0, ""FreteGratis"": false, ""ValorUnitarioFrete"": 1.0, ""PrazoEntregaFrete"": 0, ""ComissaoVendedor"": 0.0, ""Seguro"": 0.0, ""Composicoes"": [], ""Atributos"": null, ""ProductGroupId"": 1, ""Categoria"": ""COM AÇUCAR"", ""CategoriaID"": ""6344371e5b452fbeceeea9ec""}]";;2026-10-01T09:52:29.716-03:00;"[{""FormaPagamento"": ""Cartão de Débito"", ""DescricaoPagamento"": ""Pagamento recebido em Cartão de Débito"", ""ValorPagamento"": 9.99, ""BandeiraCartao"": ""01"", ""NumeroTerminal"": null, ""DataTransacao"": ""2026-10-01T03:00:00Z"", ""CredenciadoraCartao"": ""STONE INSTITUICAO DE PAGAMENTO S.A"", ""CredenciadoraCNPJ"": ""16501555000157"", ""CV_NSU"": null, ""TipoIntegracao"": ""2"", ""CondicaoPagamento"": 0, ""Parcelas"": 1, ""PeriodoParcelas"": 30, ""Adiantamento"": 0.0, ""Quitar"": null}]";;0.0;;2026-10-01T09:52:30.562-03:00;;;;;;0001-01-01T00:00:00-02:00;GRUPO_ITZ;GRUPO_ITZ_PDV ITZ 01_6abe578df408cfa759ba88d3
6abe5908aa0b5eef7cd66731;;99705062;PDV;64c94d6ff17f936e4a6f1aea;TABELA B ITZ;64ef3f6a625d54b7a24c22af;PDV ITZ 01;Pedido Faturado;;Consumidor Final;2026-10-01T09:58:48.627-03:00;PDV ITZ 01;64b189367d43efb6c852a724;659057a8395f2736400d9dbd;CONSUMIDOR NÃO IDENTIFICADO;659057a8395f2736400d9dbd;;;ITZ DELIVERY B2B;f14926f9-423a-4604-96a8-26f62e85d81d;Receitas PDV;Cartão de Débito;5b648d993498afae6d5c361b;0;0;;;2026-10-01T09:58:48.689-03:00;0001-01-01T00:00:00-02:00;0001-01-01T00:00:00-02:00;False;0.0;False;;False;0.0;Gerado automaticamente através do modulo PDV;0.0;;42.97;True;True;;;;;;;;;;;"[{""Id"": 1, ""Nome"": ""Grupo de Produtos Padrão - 01""}]";"[{""Codigo"": ""0202"", ""Unidade"": ""UN"", ""Descricao"": ""0202 - SUCO DE ACEROLA 1L - COM AÇUCAR"", ""Quantidade"": 2.0, ""ValorUnitario"": 12.99, ""ValorFrete"": 0.0, ""DescontoUnitario"": 0.0, ""ValorTotal"": 25.98, ""PesoKG"": 0.0, ""Comprimento"": 0.0, ""Altura"": 0.0, ""Largura"": 0.0, ""FreteGratis"": false, ""ValorUnitarioFrete"": 1.0, ""PrazoEntregaFrete"": 0, ""ComissaoVendedor"": 0.0, ""Seguro"": 0.0, ""Composicoes"": [], ""Atributos"": null, ""ProductGroupId"": 1, ""Categoria"": ""COM AÇUCAR"", ""CategoriaID"": ""6344371e5b452fbeceeea9ec""}, {""Codigo"": ""0209"", ""Unidade"": ""UN"", ""Descricao"": ""0209 - SUCO DE LARANJA 1L - COM AÇUCAR"", ""Quantidade"": 1.0, ""ValorUnitario"": 16.99, ""ValorFrete"": 0.0, ""DescontoUnitario"": 0.0, ""ValorTotal"": 16.99, ""PesoKG"": 0.0, ""Comprimento"": 0.0, ""Altura"": 0.0, ""Largura"": 0.0, ""FreteGratis"": false, ""ValorUnitarioFrete"": 1.0, ""PrazoEntregaFrete"": 0, ""ComissaoVendedor"": 0.0, ""Seguro"": 0.0, ""Composicoes"": [], ""Atributos"": null, ""ProductGroupId"": 1, ""Categoria"": ""COM AÇUCAR"", ""CategoriaID"": ""6344371e5b452fbeceeea9ec""}]";;2026-10-01T09:58:48.689-03:00;"[{""FormaPagamento"": ""Cartão de Débito"", ""DescricaoPagamento"": ""Pagamento recebido em Cartão de Débito"", ""ValorPagamento"": 42.97, ""BandeiraCartao"": ""01"", ""NumeroTerminal"": null, ""DataTransacao"": ""2026-10-01T03:00:00Z"", ""CredenciadoraCartao"": ""STONE INSTITUICAO DE PAGAMENTO S.A"", ""CredenciadoraCNPJ"": ""16501555000157"", ""CV_NSU"": null, ""TipoIntegracao"": ""2"", ""CondicaoPagamento"": 0, ""Parcelas"": 1, ""PeriodoParcelas"": 30, ""Adiantamento"": 0.0, ""Quitar"": null}]";;0.0;;2026-10-01T09:58:49.816-03:00;;;;;;0001-01-01T00:00:00-02:00;GRUPO_ITZ;GRUPO_ITZ_PDV ITZ 01_6abe5908aa0b5eef7cd66731
6abe5ae9a93bcdf35adc4b7d;;99705064;PDV;64c94d6ff17f936e4a6f1aea;TABELA B ITZ;64ef3f6a625d54b7a24c22af;PDV ITZ 01;Pedido Faturado;;Consumidor Final;2026-10-01T10:06:49.311-03:00;PDV ITZ 01;64b189367d43efb6c852a724;659057a8395f2736400d9dbd;CONSUMIDOR NÃO IDENTIFICADO;659057a8395f2736400d9dbd;;;ITZ DELIVERY B2B;f14926f9-423a-4604-96a8-26f62e85d81d;Receitas PDV;Dinheiro;5b648d1c3498afae6d5bfd89;0;0;;;2026-10-01T10:06:49.389-03:00;0001-01-01T00:00:00-02:00;0001-01-01T00:00:00-02:00;False;0.0;False;;False;0.0;Gerado automaticamente através do modulo PDV;0.0;;27.0;True;True;;;;;;;;;;;"[{""Id"": 1, ""Nome"": ""Grupo de Produtos Padrão - 01""}]";"[{""Codigo"": ""0219"", ""Unidade"": ""UN"", ""Descricao"": ""0219 - SUCO DE CAJU 2L - COM AÇUCAR"", ""Quantidade"": 1.0, ""ValorUnitario"": 17.715, ""ValorFrete"": 0.0, ""DescontoUnitario"": 0.0, ""ValorTotal"": 17.72, ""PesoKG"": 0.0, ""Comprimento"": 0.0, ""Altura"": 0.0, ""Largura"": 0.0, ""FreteGratis"": false, ""ValorUnitarioFrete"": 1.0, ""PrazoEntregaFrete"": 0, ""ComissaoVendedor"": 0.0, ""Seguro"": 0.0, ""Composicoes"": [], ""Atributos"": null, ""ProductGroupId"": 1, ""Categoria"": ""COM AÇUCAR"", ""CategoriaID"": ""6344371e5b452fbeceeea9ec""}, {""Codigo"": ""0207"", ""Unidade"": ""UN"", ""Descricao"": ""0207 - SUCO DE GOIABA 1L - COM AÇUCAR"", ""Quantidade"": 1.0, ""ValorUnitario"": 9.275, ""ValorFrete"": 0.0, ""DescontoUnitario"": 0.0, ""ValorTotal"": 9.28, ""PesoKG"": 0.0, ""Comprimento"": 0.0, ""Altura"": 0.0, ""Largura"": 0.0, ""FreteGratis"": false, ""ValorUnitarioFrete"": 1.0, ""PrazoEntregaFrete"": 0, ""ComissaoVendedor"": 0.0, ""Seguro"": 0.0, ""Composicoes"": [], ""Atributos"": null, ""ProductGroupId"": 1, ""Categoria"": ""COM AÇUCAR"", ""CategoriaID"": ""6344371e5b452fbeceeea9ec""}]";;2026-10-01T10:06:49.389-03:00;"[{""FormaPagamento"": ""Dinheiro"", ""DescricaoPagamento"": ""Pagamento recebido em Dinheiro"", ""ValorPagamento"": 27.0, ""BandeiraCartao"": """", ""NumeroTerminal"": null, ""DataTransacao"": ""2026-10-01T03:00:00Z"", ""CredenciadoraCartao"": null, ""CredenciadoraCNPJ"": null, ""CV_NSU"": null, ""TipoIntegracao"": null, ""CondicaoPagamento"": 0, ""Parcelas"": 1, ""PeriodoParcelas"": 30, ""Adiantamento"": 0.0, ""Quitar"": null}]";;0.0;;2026-10-01T10:06:52.221-03:00;;;;;;0001-01-01T00:00:00-02:00;GRUPO_ITZ;GRUPO_ITZ_PDV ITZ 01_6abe5ae9a93bcdf35adc4b7d
6abe5aebb36b21c5cbfc162b;;99705065;Venda Direta;64c94d6ff17f936e4a6f1aea;TABELA A ITZ;64bad39f311af33615d05794;PDV ITZ 01;Pedido Faturado;;;2026-10-01T00:00:00-03:00;PDV ITZ 01;64b189367d43efb6c852a724;69122d4976ff4fd2ded7a6b9;PADARIA PAO REAL;69122d4976ff4fd2ded7a6b9;56194029000106;paodahoraitz@gmail.com;Vendedor Ext ITZ;c6595c2b-6f96-43b6-95f3-abe692382b5a;VENDAS B2B;PIX;635ae864cd43d34b928b24c4;0;0;;PAC;2026-10-01T10:05:00-03:00;0001-01-01T00:00:00-02:00;0001-01-01T00:00:00-02:00;False;0.0;False;;False;0.0;;0.0;;87.5;True;True;IMPERATRIZ;;Brasil;65900510;MA;;JUÇARA;RUA PARAÍBA;341;;"[{""Id"": 1, ""Nome"": ""Grupo de Produtos Padrão - 01""}]";"[{""Codigo"": ""0236"", ""Unidade"": ""UN"", ""Descricao"": ""0236 - SUCO DE LARANJA 300ML - COM AÇUCAR"", ""Quantidade"": 15.0, ""ValorUnitario"": 5.5, ""ValorFrete"": 0.0, ""DescontoUnitario"": 0.0, ""ValorTotal"": 82.5, ""PesoKG"": 0.0, ""Comprimento"": 0.0, ""Altura"": 0.0, ""Largura"": 0.0, ""FreteGratis"": false, ""ValorUnitarioFrete"": 1.0, ""PrazoEntregaFrete"": 0, ""ComissaoVendedor"": 0.0, ""Seguro"": 0.0, ""Composicoes"": [], ""Atributos"": null, ""ProductGroupId"": 1, ""Categoria"": ""COM AÇUCAR"", ""CategoriaID"": ""6344371e5b452fbeceeea9ec""}, {""Codigo"": ""247"", ""Unidade"": """", ""Descricao"": ""247 - Frete"", ""Quantidade"": 1.0, ""ValorUnitario"": 5.0, ""ValorFrete"": 0.0, ""DescontoUnitario"": 0.0, ""ValorTotal"": 5.0, ""PesoKG"": 0.0, ""Comprimento"": 0.0, ""Altura"": 0.0, ""Largura"": 0.0, ""FreteGratis"": false, ""ValorUnitarioFrete"": 1.0, ""PrazoEntregaFrete"": 0, ""ComissaoVendedor"": 0.0, ""Seguro"": 0.0, ""Composicoes"": [], ""Atributos"": null, ""ProductGroupId"": 1, ""Categoria"": """", ""CategoriaID"": """"}]";;2026-10-01T10:05:00-03:00;"[{""FormaPagamento"": ""PIX"", ""DescricaoPagamento"": null, ""ValorPagamento"": 87.5, ""BandeiraCartao"": null, ""NumeroTerminal"": null, ""DataTransacao"": ""2026-10-01T03:00:00Z"", ""CredenciadoraCartao"": null, ""CredenciadoraCNPJ"": null, ""CV_NSU"": null, ""TipoIntegracao"": null, ""CondicaoPagamento"": 0, ""Parcelas"": 0, ""PeriodoParcelas"": 0, ""Adiantamento"": 0.0, ""Quitar"": null}]";;0.0;;2026-10-01T10:07:21.264-03:00;;;;;;2026-10-01T10:07:20.623-03:00;GRUPO_ITZ;GRUPO_ITZ_PDV ITZ 01_6abe5aebb36b21c5cbfc162b
6abe5b40f8094b3cf4b35169;;99705067;Venda Direta;64c94d6ff17f936e4a6f1aea;TABELA A ITZ;64bad39f311af33615d05794;PDV ITZ 01;Pedido Faturado;;;2026-10-01T00:00:00-03:00;PDV ITZ 01;64b189367d43efb6c852a724;68dedd49dbc5138cf536f70a;PADARIA PAO DA HORA Jefferson ;68dedd49dbc5138cf536f70a;51321754000184;mnjscruz@gmail.com;Vendedor Ext ITZ;c6595c2b-6f96-43b6-95f3-abe692382b5a;VENDAS B2B;;;0;0;;PAC;2026-10-01T10:07:00-03:00;0001-01-01T00:00:00-02:00;0001-01-01T00:00:00-02:00;False;0.0;False;;False;0.0;;0.0;;60.0;True;True;IMPERATRIZ;2105302;Brasil;65901610;MA;21;CENTRO;RUA CEARÁ;1419;LETRA A;"[{""Id"": 1, ""Nome"": ""Grupo de Produtos Padrão - 01""}]";"[{""Codigo"": ""0236"", ""Unidade"": ""UN"", ""Descricao"": ""0236 - SUCO DE LARANJA 300ML - COM AÇUCAR"", ""Quantidade"": 10.0, ""ValorUnitario"": 5.5, ""ValorFrete"": 0.0, ""DescontoUnitario"": 0.0, ""ValorTotal"": 55.0, ""PesoKG"": 0.0, ""Comprimento"": 0.0, ""Altura"": 0.0, ""Largura"": 0.0, ""FreteGratis"": false, ""ValorUnitarioFrete"": 1.0, ""PrazoEntregaFrete"": 0, ""ComissaoVendedor"": 0.0, ""Seguro"": 0.0, ""Composicoes"": [], ""Atributos"": null, ""ProductGroupId"": 1, ""Categoria"": ""COM AÇUCAR"", ""CategoriaID"": ""6344371e5b452fbeceeea9ec""}, {""Codigo"": ""247"", ""Unidade"": """", ""Descricao"": ""247 - Frete"", ""Quantidade"": 1.0, ""ValorUnitario"": 5.0, ""ValorFrete"": 0.0, ""DescontoUnitario"": 0.0, ""ValorTotal"": 5.0, ""PesoKG"": 0.0, ""Comprimento"": 0.0, ""Altura"": 0.0, ""Largura"": 0.0, ""FreteGratis"": false, ""ValorUnitarioFrete"": 1.0, ""PrazoEntregaFrete"": 0, ""ComissaoVendedor"": 0.0, ""Seguro"": 0.0, ""Composicoes"": [], ""Atributos"": null, ""ProductGroupId"": 1, ""Categoria"": """", ""CategoriaID"": """"}]";;2026-10-01T10:07:00-03:00;"[{""FormaPagamento"": ""Duplicata"", ""DescricaoPagamento"": null, ""ValorPagamento"": 60.0, ""BandeiraCartao"": null, ""NumeroTerminal"": null, ""DataTransacao"": ""2026-10-01T03:00:00Z"", ""CredenciadoraCartao"": null, ""CredenciadoraCNPJ"": null, ""CV_NSU"": null, ""TipoIntegracao"": null, ""CondicaoPagamento"": 0, ""Parcelas"": 0, ""PeriodoParcelas"": 0, ""Adiantamento"": 0.0, ""Quitar"": null}]";;0.0;;2026-10-01T10:09:27.186-03:00;;;;;;2026-10-01T10:09:25.671-03:00;GRUPO_ITZ;GRUPO_ITZ_PDV ITZ 01_6abe5b40f8094b3cf4b35169
6abe5bd131195d99ead5f89d;;99705068;PDV;64c94d6ff17f936e4a6f1aea;TAB_CLUBE_VANTAG_ITZ;68fea7d7f52c56d996933227;PDV ITZ 01;Pedido Faturado;;Consumidor Final;2026-10-01T10:10:41.676-03:00;PDV ITZ 01;64b189367d43efb6c852a724;659057a8395f2736400d9dbd;CONSUMIDOR NÃO IDENTIFICADO;659057a8395f2736400d9dbd;;;ITZ DELIVERY B2B;f14926f9-423a-4604-96a8-26f62e85d81d;Receitas PDV;Cartão de Crédito;5b648d983498afae6d5c3601;1;0;;;2026-10-01T10:10:41.707-03:00;0001-01-01T00:00:00-02:00;0001-01-01T00:00:00-02:00;False;0.0;False;;False;0.0;Gerado automaticamente através do modulo PDV;0.0;;52.98;True;True;;;;;;;;;;;"[{""Id"": 1, ""Nome"": ""Grupo de Produtos Padrão - 01""}]";"[{""Codigo"": ""0224"", ""Unidade"": ""UN"", ""Descricao"": ""0224 - SUCO DE LARANJA 2L - COM AÇUCAR"", ""Quantidade"": 1.0, ""ValorUnitario"": 28.99, ""ValorFrete"": 0.0, ""DescontoUnitario"": 0.0, ""ValorTotal"": 28.99, ""PesoKG"": 0.0, ""Comprimento"": 0.0, ""Altura"": 0.0, ""Largura"": 0.0, ""FreteGratis"": false, ""ValorUnitarioFrete"": 1.0, ""PrazoEntregaFrete"": 0, ""ComissaoVendedor"": 0.0, ""Seguro"": 0.0, ""Composicoes"": [], ""Atributos"": null, ""ProductGroupId"": 1, ""Categoria"": ""COM AÇUCAR"", ""CategoriaID"": ""6344371e5b452fbeceeea9ec""}, {""Codigo"": ""0225"", ""Unidade"": ""UN"", ""Descricao"": ""0225 - SUCO DE MARACUJA 2L - COM AÇUCAR"", ""Quantidade"": 1.0, ""ValorUnitario"": 23.99, ""ValorFrete"": 0.0, ""DescontoUnitario"": 0.0, ""ValorTotal"": 23.99, ""PesoKG"": 0.0, ""Comprimento"": 0.0, ""Altura"": 0.0, ""Largura"": 0.0, ""FreteGratis"": false, ""ValorUnitarioFrete"": 1.0, ""PrazoEntregaFrete"": 0, ""ComissaoVendedor"": 0.0, ""Seguro"": 0.0, ""Composicoes"": [], ""Atributos"": null, ""ProductGroupId"": 1, ""Categoria"": ""COM AÇUCAR"", ""CategoriaID"": ""6344371e5b452fbeceeea9ec""}]";;2026-10-01T10:10:41.707-03:00;"[{""FormaPagamento"": ""Cartão de Crédito"", ""DescricaoPagamento"": ""Pagamento recebido em Cartão de Crédito"", ""ValorPagamento"": 52.98, ""BandeiraCartao"": ""01"", ""NumeroTerminal"": null, ""DataTransacao"": ""2026-10-01T03:00:00Z"", ""CredenciadoraCartao"": ""STONE INSTITUICAO DE PAGAMENTO S.A"", ""CredenciadoraCNPJ"": ""16501555000157"", ""CV_NSU"": null, ""TipoIntegracao"": ""2"", ""CondicaoPagamento"": 1, ""Parcelas"": 1, ""PeriodoParcelas"": 1, ""Adiantamento"": 0.0, ""Quitar"": null}]";;0.0;57728;2026-10-01T10:10:42.849-03:00;21261041746969000193650010000577281075854470;https://app.sigecloud.com.br/danfenfce/28f81638-c595-4134-9287-9e27aa0e4112/6abe5bd3f408cfa759baf927?downloadpdf&printsize=80mm;http://nfce.sefaz.ma.gov.br/portal/consultarNFCe.jsp?p=21261041746969000193650010000577281075854470|2|1|1|1EB9EC81BB74DFFD5A2334745A32CB496513F50F;;;0001-01-01T00:00:00-02:00;GRUPO_ITZ;GRUPO_ITZ_PDV ITZ 01_6abe5bd131195d99ead5f89d
6abe5de9f408cfa759bb2fb9;;99705077;Venda Direta;64c94d6ff17f936e4a6f1aea;TABELA A ITZ;64bad39f311af33615d05794;PDV ITZ 01;Pedido Faturado;;Pedido;2026-10-01T00:00:00-03:00;PDV ITZ 01;64b189367d43efb6c852a724;6a6b4e711e042e87ae7835e9;RESTAURANTE E CHURRASCARIA CANTO DO SABOR;6a6b4e711e042e87ae7835e9;15121699000115;;Vendedor Ext ITZ;c6595c2b-6f96-43b6-95f3-abe692382b5a;VENDAS B2B;;;0;0;;PAC;2026-10-01T10:18:00-03:00;0001-01-01T00:00:00-02:00;0001-01-01T00:00:00-02:00;False;0.0;False;;False;0.0;;0.0;;74.0;True;True;Imperatriz;2105302;Brasil;65903290;MA;21;CENTRO;RUA BENEDITO LEITE;1160;CASA  A;"[{""Id"": 1, ""Nome"": ""Grupo de Produtos Padrão - 01""}]";"[{""Codigo"": ""0225"", ""Unidade"": ""UN"", ""Descricao"": ""0225 - SUCO DE MARACUJA 2L - COM AÇUCAR"", ""Quantidade"": 2.0, ""ValorUnitario"": 24.0, ""ValorFrete"": 0.0, ""DescontoUnitario"": 0.0, ""ValorTotal"": 48.0, ""PesoKG"": 0.0, ""Comprimento"": 0.0, ""Altura"": 0.0, ""Largura"": 0.0, ""FreteGratis"": false, ""ValorUnitarioFrete"": 1.0, ""PrazoEntregaFrete"": 0, ""ComissaoVendedor"": 0.0, ""Seguro"": 0.0, ""Composicoes"": [], ""Atributos"": null, ""ProductGroupId"": 1, ""Categoria"": ""COM AÇUCAR"", ""CategoriaID"": ""6344371e5b452fbeceeea9ec""}, {""Codigo"": ""247"", ""Unidade"": """", ""Descricao"": ""247 - Frete"", ""Quantidade"": 1.0, ""ValorUnitario"": 5.0, ""ValorFrete"": 0.0, ""DescontoUnitario"": 0.0, ""ValorTotal"": 5.0, ""PesoKG"": 0.0, ""Comprimento"": 0.0, ""Altura"": 0.0, ""Largura"": 0.0, ""FreteGratis"": false, ""ValorUnitarioFrete"": 1.0, ""PrazoEntregaFrete"": 0, ""ComissaoVendedor"": 0.0, ""Seguro"": 0.0, ""Composicoes"": [], ""Atributos"": null, ""ProductGroupId"": 1, ""Categoria"": """", ""CategoriaID"": """"}, {""Codigo"": ""0216"", ""Unidade"": ""UN"", ""Descricao"": ""0216 - SUCO DE ACEROLA 2L - COM AÇUCAR"", ""Quantidade"": 1.0, ""ValorUnitario"": 21.0, ""ValorFrete"": 0.0, ""DescontoUnitario"": 0.0, ""ValorTotal"": 21.0, ""PesoKG"": 0.0, ""Comprimento"": 0.0, ""Altura"": 0.0, ""Largura"": 0.0, ""FreteGratis"": false, ""ValorUnitarioFrete"": 1.0, ""PrazoEntregaFrete"": 0, ""ComissaoVendedor"": 0.0, ""Seguro"": 0.0, ""Composicoes"": [], ""Atributos"": null, ""ProductGroupId"": 1, ""Categoria"": ""COM AÇUCAR"", ""CategoriaID"": ""6344371e5b452fbeceeea9ec""}]";;2026-10-01T10:18:00-03:00;"[{""FormaPagamento"": ""Duplicata"", ""DescricaoPagamento"": null, ""ValorPagamento"": 74.0, ""BandeiraCartao"": null, ""NumeroTerminal"": null, ""DataTransacao"": ""2026-10-01T03:00:00Z"", ""CredenciadoraCartao"": null, ""CredenciadoraCNPJ"": null, ""CV_NSU"": null, ""TipoIntegracao"": null, ""CondicaoPagamento"": 0, ""Parcelas"": 0, ""PeriodoParcelas"": 0, ""Adiantamento"": 0.0, ""Quitar"": null}]";;0.0;;2026-10-01T10:19:59.723-03:00;;;;;;2026-10-01T10:19:48.328-03:00;GRUPO_ITZ;GRUPO_ITZ_PDV ITZ 01_6abe5de9f408cfa759bb2fb9
6abe5fd2b36b21c5cbfc9dbc;;99705079;PDV;64c94d6ff17f936e4a6f1aea;TABELA B ITZ;64ef3f6a625d54b7a24c22af;PDV ITZ 01;Pedido Faturado;;Consumidor Final;2026-10-01T10:27:46.181-03:00;PDV ITZ 01;64b189367d43efb6c852a724;659057a8395f2736400d9dbd;CONSUMIDOR NÃO IDENTIFICADO;659057a8395f2736400d9dbd;;;ITZ DELIVERY B2B;f14926f9-423a-4604-96a8-26f62e85d81d;Receitas PDV;Dinheiro;5b648d1c3498afae6d5bfd89;0;0;;;2026-10-01T10:27:46.228-03:00;0001-01-01T00:00:00-02:00;0001-01-01T00:00:00-02:00;False;0.0;False;;False;0.0;Gerado automaticamente através do modulo PDV;0.0;;10.99;True;True;;;;;;;;;;;"[{""Id"": 1, ""Nome"": ""Grupo de Produtos Padrão - 01""}]";"[{""Codigo"": ""0207"", ""Unidade"": ""UN"", ""Descricao"": ""0207 - SUCO DE GOIABA 1L - COM AÇUCAR"", ""Quantidade"": 1.0, ""ValorUnitario"": 10.99, ""ValorFrete"": 0.0, ""DescontoUnitario"": 0.0, ""ValorTotal"": 10.99, ""PesoKG"": 0.0, ""Comprimento"": 0.0, ""Altura"": 0.0, ""Largura"": 0.0, ""FreteGratis"": false, ""ValorUnitarioFrete"": 1.0, ""PrazoEntregaFrete"": 0, ""ComissaoVendedor"": 0.0, ""Seguro"": 0.0, ""Composicoes"": [], ""Atributos"": null, ""ProductGroupId"": 1, ""Categoria"": ""COM AÇUCAR"", ""CategoriaID"": ""6344371e5b452fbeceeea9ec""}]";;2026-10-01T10:27:46.228-03:00;"[{""FormaPagamento"": ""Dinheiro"", ""DescricaoPagamento"": ""Pagamento recebido em Dinheiro"", ""ValorPagamento"": 10.99, ""BandeiraCartao"": """", ""NumeroTerminal"": null, ""DataTransacao"": ""2026-10-01T03:00:00Z"", ""CredenciadoraCartao"": null, ""CredenciadoraCNPJ"": null, ""CV_NSU"": null, ""TipoIntegracao"": null, ""CondicaoPagamento"": 0, ""Parcelas"": 1, ""PeriodoParcelas"": 30, ""Adiantamento"": 0.0, ""Quitar"": null}]";;0.0;;2026-10-01T10:27:46.995-03:00;;;;;;0001-01-01T00:00:00-02:00;GRUPO_ITZ;GRUPO_ITZ_PDV ITZ 01_6abe5fd2b36b21c5cbfc9dbc
6abe6127f8094b3cf4b3e47d;;99705083;PDV;64c94d6ff17f936e4a6f1aea;TABELA B ITZ;64ef3f6a625d54b7a24c22af;PDV ITZ 01;Pedido Faturado;;Consumidor Final;2026-10-01T10:33:27.784-03:00;PDV ITZ 01;64b189367d43efb6c852a724;659057a8395f2736400d9dbd;CONSUMIDOR NÃO IDENTIFICADO;659057a8395f2736400d9dbd;;;ITZ DELIVERY B2B;f14926f9-423a-4604-96a8-26f62e85d81d;Receitas PDV;Dinheiro;5b648d1c3498afae6d5bfd89;0;0;;;2026-10-01T10:33:27.816-03:00;0001-01-01T00:00:00-02:00;0001-01-01T00:00:00-02:00;False;0.0;False;;False;0.0;Gerado automaticamente através do modulo PDV;0.0;;148.96;True;True;;;;;;;;;;;"[{""Id"": 1, ""Nome"": ""Grupo de Produtos Padrão - 01""}]";"[{""Codigo"": ""0211"", ""Unidade"": ""UN"", ""Descricao"": ""0211 - SUCO DE MARACUJA 1L - COM AÇUCAR"", ""Quantidade"": 1.0, ""ValorUnitario"": 13.99, ""ValorFrete"": 0.0, ""DescontoUnitario"": 0.0, ""ValorTotal"": 13.99, ""PesoKG"": 0.0, ""Comprimento"": 0.0, ""Altura"": 0.0, ""Largura"": 0.0, ""FreteGratis"": false, ""ValorUnitarioFrete"": 1.0, ""PrazoEntregaFrete"": 0, ""ComissaoVendedor"": 0.0, ""Seguro"": 0.0, ""Composicoes"": [], ""Atributos"": null, ""ProductGroupId"": 1, ""Categoria"": ""COM AÇUCAR"", ""CategoriaID"": ""6344371e5b452fbeceeea9ec""}, {""Codigo"": ""0249"", ""Unidade"": ""UN"", ""Descricao"": ""0249 - SUCO DE GOIABA 5L - COM AÇUCAR"", ""Quantidade"": 1.0, ""ValorUnitario"": 42.99, ""ValorFrete"": 0.0, ""DescontoUnitario"": 0.0, ""ValorTotal"": 42.99, ""PesoKG"": 0.0, ""Comprimento"": 0.0, ""Altura"": 0.0, ""Largura"": 0.0, ""FreteGratis"": false, ""ValorUnitarioFrete"": 1.0, ""PrazoEntregaFrete"": 0, ""ComissaoVendedor"": 0.0, ""Seguro"": 0.0, ""Composicoes"": [], ""Atributos"": null, ""ProductGroupId"": 1, ""Categoria"": ""COM AÇUCAR"", ""CategoriaID"": ""6344371e5b452fbeceeea9ec""}, {""Codigo"": ""0245"", ""Unidade"": ""UN"", ""Descricao"": ""0245 - SUCO DE CAJA 5L - COM AÇUCAR"", ""Quantidade"": 2.0, ""ValorUnitario"": 45.99, ""ValorFrete"": 0.0, ""DescontoUnitario"": 0.0, ""ValorTotal"": 91.98, ""PesoKG"": 0.0, ""Comprimento"": 0.0, ""Altura"": 0.0, ""Largura"": 0.0, ""FreteGratis"": false, ""ValorUnitarioFrete"": 1.0, ""PrazoEntregaFrete"": 0, ""ComissaoVendedor"": 0.0, ""Seguro"": 0.0, ""Composicoes"": [], ""Atributos"": null, ""ProductGroupId"": 1, ""Categoria"": ""COM AÇUCAR"", ""CategoriaID"": ""6344371e5b452fbeceeea9ec""}]";;2026-10-01T10:33:27.816-03:00;"[{""FormaPagamento"": ""Dinheiro"", ""DescricaoPagamento"": ""Pagamento recebido em Dinheiro"", ""ValorPagamento"": 148.96, ""BandeiraCartao"": """", ""NumeroTerminal"": null, ""DataTransacao"": ""2026-10-01T03:00:00Z"", ""CredenciadoraCartao"": null, ""CredenciadoraCNPJ"": null, ""CV_NSU"": null, ""TipoIntegracao"": null, ""CondicaoPagamento"": 0, ""Parcelas"": 1, ""PeriodoParcelas"": 30, ""Adiantamento"": 0.0, ""Quitar"": null}]";;0.0;57729;2026-10-01T10:33:31.507-03:00;21261041746969000193650010000577291998392441;https://app.sigecloud.com.br/danfenfce/28f81638-c595-4134-9287-9e27aa0e4112/6abe612b9c74cd6eecf1068c?downloadpdf&printsize=80mm;http://nfce.sefaz.ma.gov.br/portal/consultarNFCe.jsp?p=21261041746969000193650010000577291998392441|2|1|1|0491E38C855AAF0BCBDD4F77E9664CA93CD94692;;;0001-01-01T00:00:00-02:00;GRUPO_ITZ;GRUPO_ITZ_PDV ITZ 01_6abe6127f8094b3cf4b3e47d
6abe64049a755c33b3f5144f;;99705091;PDV;64c94d6ff17f936e4a6f1aea;TABELA B ITZ;64ef3f6a625d54b7a24c22af;PDV ITZ 01;Pedido Faturado;;Consumidor Final;2026-10-01T10:45:40.864-03:00;PDV ITZ 01;64b189367d43efb6c852a724;659057a8395f2736400d9dbd;CONSUMIDOR NÃO IDENTIFICADO;659057a8395f2736400d9dbd;;;ITZ DELIVERY B2B;f14926f9-423a-4604-96a8-26f62e85d81d;Receitas PDV;Cartão de Débito;5b648d993498afae6d5c361b;0;0;;;2026-10-01T10:45:40.911-03:00;0001-01-01T00:00:00-02:00;0001-01-01T00:00:00-02:00;False;0.0;False;;False;0.0;Gerado automaticamente através do modulo PDV;0.0;;10.99;True;True;;;;;;;;;;;"[{""Id"": 1, ""Nome"": ""Grupo de Produtos Padrão - 01""}]";"[{""Codigo"": ""0207"", ""Unidade"": ""UN"", ""Descricao"": ""0207 - SUCO DE GOIABA 1L - COM AÇUCAR"", ""Quantidade"": 1.0, ""ValorUnitario"": 10.99, ""ValorFrete"": 0.0, ""DescontoUnitario"": 0.0, ""ValorTotal"": 10.99, ""PesoKG"": 0.0, ""Comprimento"": 0.0, ""Altura"": 0.0, ""Largura"": 0.0, ""FreteGratis"": false, ""ValorUnitarioFrete"": 1.0, ""PrazoEntregaFrete"": 0, ""ComissaoVendedor"": 0.0, ""Seguro"": 0.0, ""Composicoes"": [], ""Atributos"": null, ""ProductGroupId"": 1, ""Categoria"": ""COM AÇUCAR"", ""CategoriaID"": ""6344371e5b452fbeceeea9ec""}]";;2026-10-01T10:45:40.911-03:00;"[{""FormaPagamento"": ""Cartão de Débito"", ""DescricaoPagamento"": ""Pagamento recebido em Cartão de Débito"", ""ValorPagamento"": 10.99, ""BandeiraCartao"": ""01"", ""NumeroTerminal"": null, ""DataTransacao"": ""2026-10-01T03:00:00Z"", ""CredenciadoraCartao"": ""STONE INSTITUICAO DE PAGAMENTO S.A"", ""CredenciadoraCNPJ"": ""16501555000157"", ""CV_NSU"": null, ""TipoIntegracao"": ""2"", ""CondicaoPagamento"": 0, ""Parcelas"": 1, ""PeriodoParcelas"": 30, ""Adiantamento"": 0.0, ""Quitar"": null}]";;0.0;57730;2026-10-01T10:45:41.756-03:00;21261041746969000193650010000577301825204423;https://app.sigecloud.com.br/danfenfce/28f81638-c595-4134-9287-9e27aa0e4112/6abe6406b21659cd59f2ba45?downloadpdf&printsize=80mm;http://nfce.sefaz.ma.gov.br/portal/consultarNFCe.jsp?p=21261041746969000193650010000577301825204423|2|1|1|C9BADEC6D9AF772A73BA02C5C45D3E201B50C00A;;;0001-01-01T00:00:00-02:00;GRUPO_ITZ;GRUPO_ITZ_PDV ITZ 01_6abe64049a755c33b3f5144f
6abe641daa0b5eef7cd79459;;99705092;PDV;64c94d6ff17f936e4a6f1aea;TABELA B ITZ;64ef3f6a625d54b7a24c22af;PDV ITZ 01;Pedido Faturado;;Consumidor Final;2026-10-01T10:46:05.894-03:00;PDV ITZ 01;64b189367d43efb6c852a724;659057a8395f2736400d9dbd;CONSUMIDOR NÃO IDENTIFICADO;659057a8395f2736400d9dbd;;;ITZ DELIVERY B2B;f14926f9-423a-4604-96a8-26f62e85d81d;Receitas PDV;Cartão de Débito;5b648d993498afae6d5c361b;0;0;;;2026-10-01T10:46:05.972-03:00;0001-01-01T00:00:00-02:00;0001-01-01T00:00:00-02:00;False;0.0;False;;False;0.0;Gerado automaticamente através do modulo PDV;0.0;;30.98;True;True;;;;;;;;;;;"[{""Id"": 1, ""Nome"": ""Grupo de Produtos Padrão - 01""}]";"[{""Codigo"": ""0211"", ""Unidade"": ""UN"", ""Descricao"": ""0211 - SUCO DE MARACUJA 1L - COM AÇUCAR"", ""Quantidade"": 1.0, ""ValorUnitario"": 13.99, ""ValorFrete"": 0.0, ""DescontoUnitario"": 0.0, ""ValorTotal"": 13.99, ""PesoKG"": 0.0, ""Comprimento"": 0.0, ""Altura"": 0.0, ""Largura"": 0.0, ""FreteGratis"": false, ""ValorUnitarioFrete"": 1.0, ""PrazoEntregaFrete"": 0, ""ComissaoVendedor"": 0.0, ""Seguro"": 0.0, ""Composicoes"": [], ""Atributos"": null, ""ProductGroupId"": 1, ""Categoria"": ""COM AÇUCAR"", ""CategoriaID"": ""6344371e5b452fbeceeea9ec""}, {""Codigo"": ""0209"", ""Unidade"": ""UN"", ""Descricao"": ""0209 - SUCO DE LARANJA 1L - COM AÇUCAR"", ""Quantidade"": 1.0, ""ValorUnitario"": 16.99, ""ValorFrete"": 0.0, ""DescontoUnitario"": 0.0, ""ValorTotal"": 16.99, ""PesoKG"": 0.0, ""Comprimento"": 0.0, ""Altura"": 0.0, ""Largura"": 0.0, ""FreteGratis"": false, ""ValorUnitarioFrete"": 1.0, ""PrazoEntregaFrete"": 0, ""ComissaoVendedor"": 0.0, ""Seguro"": 0.0, ""Composicoes"": [], ""Atributos"": null, ""ProductGroupId"": 1, ""Categoria"": ""COM AÇUCAR"", ""CategoriaID"": ""6344371e5b452fbeceeea9ec""}]";;2026-10-01T10:46:05.972-03:00;"[{""FormaPagamento"": ""Cartão de Débito"", ""DescricaoPagamento"": ""Pagamento recebido em Cartão de Débito"", ""ValorPagamento"": 30.98, ""BandeiraCartao"": ""01"", ""NumeroTerminal"": null, ""DataTransacao"": ""2026-10-01T03:00:00Z"", ""CredenciadoraCartao"": ""STONE INSTITUICAO DE PAGAMENTO S.A"", ""CredenciadoraCNPJ"": ""16501555000157"", ""CV_NSU"": null, ""TipoIntegracao"": ""2"", ""CondicaoPagamento"": 0, ""Parcelas"": 1, ""PeriodoParcelas"": 30, ""Adiantamento"": 0.0, ""Quitar"": null}]";;0.0;57731;2026-10-01T10:46:07.177-03:00;21261041746969000193650010000577311924454743;https://app.sigecloud.com.br/danfenfce/28f81638-c595-4134-9287-9e27aa0e4112/6abe641faa0b5eef7cd79491?downloadpdf&printsize=80mm;http://nfce.sefaz.ma.gov.br/portal/consultarNFCe.jsp?p=21261041746969000193650010000577311924454743|2|1|1|9F44FBB60F5A4408B32B9D384497A013E2B6329B;;;0001-01-01T00:00:00-02:00;GRUPO_ITZ;GRUPO_ITZ_PDV ITZ 01_6abe641daa0b5eef7cd79459
6abe645cf8094b3cf4b437c4;;99705093;PDV;64c94d6ff17f936e4a6f1aea;TABELA B ITZ;64ef3f6a625d54b7a24c22af;PDV ITZ 01;Pedido Faturado;;Consumidor Final;2026-10-01T10:47:08.112-03:00;PDV ITZ 01;64b189367d43efb6c852a724;659057a8395f2736400d9dbd;CONSUMIDOR NÃO IDENTIFICADO;659057a8395f2736400d9dbd;;;ITZ DELIVERY B2B;f14926f9-423a-4604-96a8-26f62e85d81d;Receitas PDV;Cartão de Débito;5b648d993498afae6d5c361b;0;0;;;2026-10-01T10:47:08.159-03:00;0001-01-01T00:00:00-02:00;0001-01-01T00:00:00-02:00;False;0.0;False;;False;0.0;Gerado automaticamente através do modulo PDV;0.0;;122.95;True;True;;;;;;;;;;;"[{""Id"": 1, ""Nome"": ""Grupo de Produtos Padrão - 01""}]";"[{""Codigo"": ""0206"", ""Unidade"": ""UN"", ""Descricao"": ""0206 - SUCO DE CUPUAÇU 1L - COM AÇUCAR"", ""Quantidade"": 1.0, ""ValorUnitario"": 12.99, ""ValorFrete"": 0.0, ""DescontoUnitario"": 0.0, ""ValorTotal"": 12.99, ""PesoKG"": 0.0, ""Comprimento"": 0.0, ""Altura"": 0.0, ""Largura"": 0.0, ""FreteGratis"": false, ""ValorUnitarioFrete"": 1.0, ""PrazoEntregaFrete"": 0, ""ComissaoVendedor"": 0.0, ""Seguro"": 0.0, ""Composicoes"": [], ""Atributos"": null, ""ProductGroupId"": 1, ""Categoria"": ""COM AÇUCAR"", ""CategoriaID"": ""6344371e5b452fbeceeea9ec""}, {""Codigo"": ""0225"", ""Unidade"": ""UN"", ""Descricao"": ""0225 - SUCO DE MARACUJA 2L - COM AÇUCAR"", ""Quantidade"": 2.0, ""ValorUnitario"": 24.99, ""ValorFrete"": 0.0, ""DescontoUnitario"": 0.0, ""ValorTotal"": 49.98, ""PesoKG"": 0.0, ""Comprimento"": 0.0, ""Altura"": 0.0, ""Largura"": 0.0, ""FreteGratis"": false, ""ValorUnitarioFrete"": 1.0, ""PrazoEntregaFrete"": 0, ""ComissaoVendedor"": 0.0, ""Seguro"": 0.0, ""Composicoes"": [], ""Atributos"": null, ""ProductGroupId"": 1, ""Categoria"": ""COM AÇUCAR"", ""CategoriaID"": ""6344371e5b452fbeceeea9ec""}, {""Codigo"": ""0224"", ""Unidade"": ""UN"", ""Descricao"": ""0224 - SUCO DE LARANJA 2L - COM AÇUCAR"", ""Quantidade"": 2.0, ""ValorUnitario"": 29.99, ""ValorFrete"": 0.0, ""DescontoUnitario"": 0.0, ""ValorTotal"": 59.98, ""PesoKG"": 0.0, ""Comprimento"": 0.0, ""Altura"": 0.0, ""Largura"": 0.0, ""FreteGratis"": false, ""ValorUnitarioFrete"": 1.0, ""PrazoEntregaFrete"": 0, ""ComissaoVendedor"": 0.0, ""Seguro"": 0.0, ""Composicoes"": [], ""Atributos"": null, ""ProductGroupId"": 1, ""Categoria"": ""COM AÇUCAR"", ""CategoriaID"": ""6344371e5b452fbeceeea9ec""}]";;2026-10-01T10:47:08.159-03:00;"[{""FormaPagamento"": ""Cartão de Débito"", ""DescricaoPagamento"": ""Pagamento recebido em Cartão de Débito"", ""ValorPagamento"": 122.95, ""BandeiraCartao"": ""01"", ""NumeroTerminal"": null, ""DataTransacao"": ""2026-10-01T03:00:00Z"", ""CredenciadoraCartao"": ""STONE INSTITUICAO DE PAGAMENTO S.A"", ""CredenciadoraCNPJ"": ""16501555000157"", ""CV_NSU"": null, ""TipoIntegracao"": ""2"", ""CondicaoPagamento"": 0, ""Parcelas"": 1, ""PeriodoParcelas"": 30, ""Adiantamento"": 0.0, ""Quitar"": null}]";;0.0;57732;2026-10-01T10:47:09.896-03:00;21261041746969000193650010000577321813987457;https://app.sigecloud.com.br/danfenfce/28f81638-c595-4134-9287-9e27aa0e4112/6abe645e8a2598004516a07c?downloadpdf&printsize=80mm;http://nfce.sefaz.ma.gov.br/portal/consultarNFCe.jsp?p=21261041746969000193650010000577321813987457|2|1|1|72826FFFB4B7468DBE354DC320452928A7A0E15F;;;0001-01-01T00:00:00-02:00;GRUPO_ITZ;GRUPO_ITZ_PDV ITZ 01_6abe645cf8094b3cf4b437c4
6abe6495b36b21c5cbfd1869;;99705094;PDV;64c94d6ff17f936e4a6f1aea;TABELA B ITZ;64ef3f6a625d54b7a24c22af;PDV ITZ 01;Pedido Faturado;;Consumidor Final;2026-10-01T10:48:04.976-03:00;PDV ITZ 01;64b189367d43efb6c852a724;659057a8395f2736400d9dbd;CONSUMIDOR NÃO IDENTIFICADO;659057a8395f2736400d9dbd;;;ITZ DELIVERY B2B;f14926f9-423a-4604-96a8-26f62e85d81d;Receitas PDV;Cartão de Crédito;5b648d983498afae6d5c3601;1;0;;;2026-10-01T10:48:05.041-03:00;0001-01-01T00:00:00-02:00;0001-01-01T00:00:00-02:00;False;0.0;False;;False;0.0;Gerado automaticamente através do modulo PDV;0.0;;90.96;True;True;;;;;;;;;;;"[{""Id"": 1, ""Nome"": ""Grupo de Produtos Padrão - 01""}]";"[{""Codigo"": ""0208"", ""Unidade"": ""UN"", ""Descricao"": ""0208 - SUCO DE GRAVIOLA 1L - COM AÇUCAR"", ""Quantidade"": 1.0, ""ValorUnitario"": 15.99, ""ValorFrete"": 0.0, ""DescontoUnitario"": 0.0, ""ValorTotal"": 15.99, ""PesoKG"": 0.0, ""Comprimento"": 0.0, ""Altura"": 0.0, ""Largura"": 0.0, ""FreteGratis"": false, ""ValorUnitarioFrete"": 1.0, ""PrazoEntregaFrete"": 0, ""ComissaoVendedor"": 0.0, ""Seguro"": 0.0, ""Composicoes"": [], ""Atributos"": null, ""ProductGroupId"": 1, ""Categoria"": """", ""CategoriaID"": """"}, {""Codigo"": ""0225"", ""Unidade"": ""UN"", ""Descricao"": ""0225 - SUCO DE MARACUJA 2L - COM AÇUCAR"", ""Quantidade"": 1.0, ""ValorUnitario"": 24.99, ""ValorFrete"": 0.0, ""DescontoUnitario"": 0.0, ""ValorTotal"": 24.99, ""PesoKG"": 0.0, ""Comprimento"": 0.0, ""Altura"": 0.0, ""Largura"": 0.0, ""FreteGratis"": false, ""ValorUnitarioFrete"": 1.0, ""PrazoEntregaFrete"": 0, ""ComissaoVendedor"": 0.0, ""Seguro"": 0.0, ""Composicoes"": [], ""Atributos"": null, ""ProductGroupId"": 1, ""Categoria"": ""COM AÇUCAR"", ""CategoriaID"": ""6344371e5b452fbeceeea9ec""}, {""Codigo"": ""0222"", ""Unidade"": ""UN"", ""Descricao"": ""0222 - SUCO DE GOIABA 2L - COM AÇUCAR"", ""Quantidade"": 1.0, ""ValorUnitario"": 19.99, ""ValorFrete"": 0.0, ""DescontoUnitario"": 0.0, ""ValorTotal"": 19.99, ""PesoKG"": 0.0, ""Comprimento"": 0.0, ""Altura"": 0.0, ""Largura"": 0.0, ""FreteGratis"": false, ""ValorUnitarioFrete"": 1.0, ""PrazoEntregaFrete"": 0, ""ComissaoVendedor"": 0.0, ""Seguro"": 0.0, ""Composicoes"": [], ""Atributos"": null, ""ProductGroupId"": 1, ""Categoria"": ""COM AÇUCAR"", ""CategoriaID"": ""6344371e5b452fbeceeea9ec""}, {""Codigo"": ""0224"", ""Unidade"": ""UN"", ""Descricao"": ""0224 - SUCO DE LARANJA 2L - COM AÇUCAR"", ""Quantidade"": 1.0, ""ValorUnitario"": 29.99, ""ValorFrete"": 0.0, ""DescontoUnitario"": 0.0, ""ValorTotal"": 29.99, ""PesoKG"": 0.0, ""Comprimento"": 0.0, ""Altura"": 0.0, ""Largura"": 0.0, ""FreteGratis"": false, ""ValorUnitarioFrete"": 1.0, ""PrazoEntregaFrete"": 0, ""ComissaoVendedor"": 0.0, ""Seguro"": 0.0, ""Composicoes"": [], ""Atributos"": null, ""ProductGroupId"": 1, ""Categoria"": ""COM AÇUCAR"", ""CategoriaID"": ""6344371e5b452fbeceeea9ec""}]";;2026-10-01T10:48:05.041-03:00;"[{""FormaPagamento"": ""Cartão de Crédito"", ""DescricaoPagamento"": ""Pagamento recebido em Cartão de Crédito"", ""ValorPagamento"": 90.96, ""BandeiraCartao"": ""01"", ""NumeroTerminal"": null, ""DataTransacao"": ""2026-10-01T03:00:00Z"", ""CredenciadoraCartao"": ""STONE INSTITUICAO DE PAGAMENTO S.A"", ""CredenciadoraCNPJ"": ""16501555000157"", ""CV_NSU"": null, ""TipoIntegracao"": ""2"", ""CondicaoPagamento"": 1, ""Parcelas"": 1, ""PeriodoParcelas"": 1, ""Adiantamento"": 0.0, ""Quitar"": null}]";;0.0;57733;2026-10-01T10:48:06.399-03:00;21261041746969000193650010000577331340174834;https://app.sigecloud.com.br/danfenfce/28f81638-c595-4134-9287-9e27aa0e4112/6abe6496f408cfa759bbec28?downloadpdf&printsize=80mm;http://nfce.sefaz.ma.gov.br/portal/consultarNFCe.jsp?p=21261041746969000193650010000577331340174834|2|1|1|EA7CBE5678DF5A72ADA213F6FC6297571A7F7331;;;0001-01-01T00:00:00-02:00;GRUPO_ITZ;GRUPO_ITZ_PDV ITZ 01_6abe6495b36b21c5cbfd1869
6abe6697a93bcdf35add7943;;99705103;Venda Direta;64c94d6ff17f936e4a6f1aea;TABELA A ITZ;64bad39f311af33615d05794;PDV ITZ 01;Pedido Faturado;;Pedido;2026-10-01T00:00:00-03:00;PDV ITZ 01;64b189367d43efb6c852a724;6995d2e10b3726f55142f254;CAFE E AROMA;6995d2e10b3726f55142f254;53856762000150;;ITZ DELIVERY B2B;f14926f9-423a-4604-96a8-26f62e85d81d;VENDAS B2B;;;0;0;;PAC;2026-10-01T10:56:00-03:00;0001-01-01T00:00:00-02:00;0001-01-01T00:00:00-02:00;False;0.0;False;;False;0.0;;0.0;;186.0;True;True;Imperatriz;2105302;Brasil;65907150;MA;21;NOVA IMPERATRIZ;RUA SOUSA LIMA;612;;"[{""Id"": 1, ""Nome"": ""Grupo de Produtos Padrão - 01""}]";"[{""Codigo"": ""0252"", ""Unidade"": ""UN"", ""Descricao"": ""0252 - SUCO DE MARACUJA 5L - COM AÇUCAR"", ""Quantidade"": 2.0, ""ValorUnitario"": 50.0, ""ValorFrete"": 0.0, ""DescontoUnitario"": 0.0, ""ValorTotal"": 100.0, ""PesoKG"": 0.0, ""Comprimento"": 0.0, ""Altura"": 0.0, ""Largura"": 0.0, ""FreteGratis"": false, ""ValorUnitarioFrete"": 1.0, ""PrazoEntregaFrete"": 0, ""ComissaoVendedor"": 0.0, ""Seguro"": 0.0, ""Composicoes"": [], ""Atributos"": null, ""ProductGroupId"": 1, ""Categoria"": ""COM AÇUCAR"", ""CategoriaID"": ""6344371e5b452fbeceeea9ec""}, {""Codigo"": ""0245"", ""Unidade"": ""UN"", ""Descricao"": ""0245 - SUCO DE CAJA 5L - COM AÇUCAR"", ""Quantidade"": 1.0, ""ValorUnitario"": 42.0, ""ValorFrete"": 0.0, ""DescontoUnitario"": 0.0, ""ValorTotal"": 42.0, ""PesoKG"": 0.0, ""Comprimento"": 0.0, ""Altura"": 0.0, ""Largura"": 0.0, ""FreteGratis"": false, ""ValorUnitarioFrete"": 1.0, ""PrazoEntregaFrete"": 0, ""ComissaoVendedor"": 0.0, ""Seguro"": 0.0, ""Composicoes"": [], ""Atributos"": null, ""ProductGroupId"": 1, ""Categoria"": ""COM AÇUCAR"", ""CategoriaID"": ""6344371e5b452fbeceeea9ec""}, {""Codigo"": ""0249"", ""Unidade"": ""UN"", ""Descricao"": ""0249 - SUCO DE GOIABA 5L - COM AÇUCAR"", ""Quantidade"": 1.0, ""ValorUnitario"": 39.0, ""ValorFrete"": 0.0, ""DescontoUnitario"": 0.0, ""ValorTotal"": 39.0, ""PesoKG"": 0.0, ""Comprimento"": 0.0, ""Altura"": 0.0, ""Largura"": 0.0, ""FreteGratis"": false, ""ValorUnitarioFrete"": 1.0, ""PrazoEntregaFrete"": 0, ""ComissaoVendedor"": 0.0, ""Seguro"": 0.0, ""Composicoes"": [], ""Atributos"": null, ""ProductGroupId"": 1, ""Categoria"": ""COM AÇUCAR"", ""CategoriaID"": ""6344371e5b452fbeceeea9ec""}, {""Codigo"": ""247"", ""Unidade"": """", ""Descricao"": ""247 - Frete"", ""Quantidade"": 1.0, ""ValorUnitario"": 5.0, ""ValorFrete"": 0.0, ""DescontoUnitario"": 0.0, ""ValorTotal"": 5.0, ""PesoKG"": 0.0, ""Comprimento"": 0.0, ""Altura"": 0.0, ""Largura"": 0.0, ""FreteGratis"": false, ""ValorUnitarioFrete"": 1.0, ""PrazoEntregaFrete"": 0, ""ComissaoVendedor"": 0.0, ""Seguro"": 0.0, ""Composicoes"": [], ""Atributos"": null, ""ProductGroupId"": 1, ""Categoria"": """", ""CategoriaID"": """"}]";;2026-10-01T10:56:00-03:00;"[{""FormaPagamento"": ""Duplicata"", ""DescricaoPagamento"": null, ""ValorPagamento"": 186.0, ""BandeiraCartao"": null, ""NumeroTerminal"": null, ""DataTransacao"": ""2026-10-01T03:00:00Z"", ""CredenciadoraCartao"": null, ""CredenciadoraCNPJ"": null, ""CV_NSU"": null, ""TipoIntegracao"": null, ""CondicaoPagamento"": 0, ""Parcelas"": 0, ""PeriodoParcelas"": 0, ""Adiantamento"": 0.0, ""Quitar"": null}]";;0.0;;2026-10-01T10:56:57.577-03:00;;;;;;2026-10-01T10:56:48.786-03:00;GRUPO_ITZ;GRUPO_ITZ_PDV ITZ 01_6abe6697a93bcdf35add7943
6abe6a6d31195d99ead7897f;;99705118;PDV;64c94d6ff17f936e4a6f1aea;TABELA B ITZ;64ef3f6a625d54b7a24c22af;PDV ITZ 01;Pedido Faturado;;Consumidor Final;2026-10-01T11:13:01.206-03:00;PDV ITZ 01;64b189367d43efb6c852a724;659057a8395f2736400d9dbd;CONSUMIDOR NÃO IDENTIFICADO;659057a8395f2736400d9dbd;;;ITZ DELIVERY B2B;f14926f9-423a-4604-96a8-26f62e85d81d;Receitas PDV;PIX;635ae864cd43d34b928b24c4;0;0;;;2026-10-01T11:13:01.253-03:00;0001-01-01T00:00:00-02:00;0001-01-01T00:00:00-02:00;False;0.0;False;;False;0.0;Gerado automaticamente através do modulo PDV;0.0;;19.99;True;True;;;;;;;;;;;"[{""Id"": 1, ""Nome"": ""Grupo de Produtos Padrão - 01""}]";"[{""Codigo"": ""0216"", ""Unidade"": ""UN"", ""Descricao"": ""0216 - SUCO DE ACEROLA 2L - COM AÇUCAR"", ""Quantidade"": 1.0, ""ValorUnitario"": 23.99, ""ValorFrete"": 0.0, ""DescontoUnitario"": 3.999133, ""ValorTotal"": 19.99, ""PesoKG"": 0.0, ""Comprimento"": 0.0, ""Altura"": 0.0, ""Largura"": 0.0, ""FreteGratis"": false, ""ValorUnitarioFrete"": 1.0, ""PrazoEntregaFrete"": 0, ""ComissaoVendedor"": 0.0, ""Seguro"": 0.0, ""Composicoes"": [], ""Atributos"": null, ""ProductGroupId"": 1, ""Categoria"": ""COM AÇUCAR"", ""CategoriaID"": ""6344371e5b452fbeceeea9ec""}]";;2026-10-01T11:13:01.253-03:00;"[{""FormaPagamento"": ""PIX"", ""DescricaoPagamento"": ""Pagamento recebido em PIX"", ""ValorPagamento"": 19.99, ""BandeiraCartao"": """", ""NumeroTerminal"": null, ""DataTransacao"": ""2026-10-01T03:00:00Z"", ""CredenciadoraCartao"": null, ""CredenciadoraCNPJ"": null, ""CV_NSU"": null, ""TipoIntegracao"": null, ""CondicaoPagamento"": 0, ""Parcelas"": 1, ""PeriodoParcelas"": 30, ""Adiantamento"": 0.0, ""Quitar"": null}]";;0.0;57734;2026-10-01T11:13:02.567-03:00;21261041746969000193650010000577341461869431;https://app.sigecloud.com.br/danfenfce/28f81638-c595-4134-9287-9e27aa0e4112/6abe6a6eaa0b5eef7cd833e3?downloadpdf&printsize=80mm;http://nfce.sefaz.ma.gov.br/portal/consultarNFCe.jsp?p=21261041746969000193650010000577341461869431|2|1|1|79B753244D7A8AAD2CD34953FDB542697E4420F3;;;0001-01-01T00:00:00-02:00;GRUPO_ITZ;GRUPO_ITZ_PDV ITZ 01_6abe6a6d31195d99ead7897f
6abe6b6931195d99ead79f93;;99705121;Venda Direta;64c94d6ff17f936e4a6f1aea;TABELA A ITZ;64bad39f311af33615d05794;PDV ITZ 01;Pedido Faturado;;;2026-10-01T00:00:00-03:00;PDV ITZ 01;64b189367d43efb6c852a724;660c43eaca740ddf8e7fb344;PEIXE NA CAIXA;660c43eaca740ddf8e7fb344;32515929000140;;ITZ DELIVERY B2B;f14926f9-423a-4604-96a8-26f62e85d81d;VENDAS B2B;;;0;0;;PAC;2026-10-01T11:13:00-03:00;0001-01-01T00:00:00-02:00;0001-01-01T00:00:00-02:00;False;0.0;False;;False;0.0;;0.0;;115.0;True;True;Imperatriz;2105302;Brasil;65916550;MA;21;Parque Buriti;Rua Nove;S/N;"CONJ RESIDENCIAL IMPERIO ROMANOQUADRA 03;LOTE 01";"[{""Id"": 1, ""Nome"": ""Grupo de Produtos Padrão - 01""}]";"[{""Codigo"": ""0251"", ""Unidade"": ""UN"", ""Descricao"": ""0251 - SUCO DE LARANJA 5L - COM AÇUCAR"", ""Quantidade"": 1.0, ""ValorUnitario"": 60.0, ""ValorFrete"": 0.0, ""DescontoUnitario"": 0.0, ""ValorTotal"": 60.0, ""PesoKG"": 0.0, ""Comprimento"": 0.0, ""Altura"": 0.0, ""Largura"": 0.0, ""FreteGratis"": false, ""ValorUnitarioFrete"": 1.0, ""PrazoEntregaFrete"": 0, ""ComissaoVendedor"": 0.0, ""Seguro"": 0.0, ""Composicoes"": [], ""Atributos"": null, ""ProductGroupId"": 1, ""Categoria"": ""COM AÇUCAR"", ""CategoriaID"": ""6344371e5b452fbeceeea9ec""}, {""Codigo"": ""0252"", ""Unidade"": ""UN"", ""Descricao"": ""0252 - SUCO DE MARACUJA 5L - COM AÇUCAR"", ""Quantidade"": 1.0, ""ValorUnitario"": 50.0, ""ValorFrete"": 0.0, ""DescontoUnitario"": 0.0, ""ValorTotal"": 50.0, ""PesoKG"": 0.0, ""Comprimento"": 0.0, ""Altura"": 0.0, ""Largura"": 0.0, ""FreteGratis"": false, ""ValorUnitarioFrete"": 1.0, ""PrazoEntregaFrete"": 0, ""ComissaoVendedor"": 0.0, ""Seguro"": 0.0, ""Composicoes"": [], ""Atributos"": null, ""ProductGroupId"": 1, ""Categoria"": ""COM AÇUCAR"", ""CategoriaID"": ""6344371e5b452fbeceeea9ec""}, {""Codigo"": ""247"", ""Unidade"": """", ""Descricao"": ""247 - Frete"", ""Quantidade"": 1.0, ""ValorUnitario"": 5.0, ""ValorFrete"": 0.0, ""DescontoUnitario"": 0.0, ""ValorTotal"": 5.0, ""PesoKG"": 0.0, ""Comprimento"": 0.0, ""Altura"": 0.0, ""Largura"": 0.0, ""FreteGratis"": false, ""ValorUnitarioFrete"": 1.0, ""PrazoEntregaFrete"": 0, ""ComissaoVendedor"": 0.0, ""Seguro"": 0.0, ""Composicoes"": [], ""Atributos"": null, ""ProductGroupId"": 1, ""Categoria"": """", ""CategoriaID"": """"}]";;2026-10-01T11:13:00-03:00;"[{""FormaPagamento"": ""Duplicata"", ""DescricaoPagamento"": null, ""ValorPagamento"": 115.0, ""BandeiraCartao"": null, ""NumeroTerminal"": null, ""DataTransacao"": ""2026-10-01T03:00:00Z"", ""CredenciadoraCartao"": null, ""CredenciadoraCNPJ"": null, ""CV_NSU"": null, ""TipoIntegracao"": null, ""CondicaoPagamento"": 0, ""Parcelas"": 0, ""PeriodoParcelas"": 0, ""Adiantamento"": 0.0, ""Quitar"": null}]";;0.0;;2026-10-01T11:17:40.952-03:00;;;;;;2026-10-01T11:17:32.022-03:00;GRUPO_ITZ;GRUPO_ITZ_PDV ITZ 01_6abe6b6931195d99ead79f93
6abe6eb8a93bcdf35ade3f71;;99705130;PDV;64c94d6ff17f936e4a6f1aea;TABELA B ITZ;64ef3f6a625d54b7a24c22af;PDV ITZ 01;Pedido Faturado;;Consumidor Final;2026-10-01T11:31:20.18-03:00;PDV ITZ 01;64b189367d43efb6c852a724;659057a8395f2736400d9dbd;CONSUMIDOR NÃO IDENTIFICADO;659057a8395f2736400d9dbd;;;ITZ DELIVERY B2B;f14926f9-423a-4604-96a8-26f62e85d81d;Receitas PDV;PIX;635ae864cd43d34b928b24c4;0;0;;;2026-10-01T11:31:20.243-03:00;0001-01-01T00:00:00-02:00;0001-01-01T00:00:00-02:00;False;0.0;False;;False;0.0;Gerado automaticamente através do modulo PDV;0.0;;15.99;True;True;;;;;;;;;;;"[{""Id"": 1, ""Nome"": ""Grupo de Produtos Padrão - 01""}]";"[{""Codigo"": ""0208"", ""Unidade"": ""UN"", ""Descricao"": ""0208 - SUCO DE GRAVIOLA 1L - COM AÇUCAR"", ""Quantidade"": 1.0, ""ValorUnitario"": 15.99, ""ValorFrete"": 0.0, ""DescontoUnitario"": 0.0, ""ValorTotal"": 15.99, ""PesoKG"": 0.0, ""Comprimento"": 0.0, ""Altura"": 0.0, ""Largura"": 0.0, ""FreteGratis"": false, ""ValorUnitarioFrete"": 1.0, ""PrazoEntregaFrete"": 0, ""ComissaoVendedor"": 0.0, ""Seguro"": 0.0, ""Composicoes"": [], ""Atributos"": null, ""ProductGroupId"": 1, ""Categoria"": """", ""CategoriaID"": """"}]";;2026-10-01T11:31:20.243-03:00;"[{""FormaPagamento"": ""PIX"", ""DescricaoPagamento"": ""Pagamento recebido em PIX"", ""ValorPagamento"": 15.99, ""BandeiraCartao"": """", ""NumeroTerminal"": null, ""DataTransacao"": ""2026-10-01T03:00:00Z"", ""CredenciadoraCartao"": null, ""CredenciadoraCNPJ"": null, ""CV_NSU"": null, ""TipoIntegracao"": null, ""CondicaoPagamento"": 0, ""Parcelas"": 1, ""PeriodoParcelas"": 30, ""Adiantamento"": 0.0, ""Quitar"": null}]";;0.0;57735;2026-10-01T11:31:21.025-03:00;21261041746969000193650010000577351350595144;https://app.sigecloud.com.br/danfenfce/28f81638-c595-4134-9287-9e27aa0e4112/6abe6eb9b21659cd59f3c51f?downloadpdf&printsize=80mm;http://nfce.sefaz.ma.gov.br/portal/consultarNFCe.jsp?p=21261041746969000193650010000577351350595144|2|1|1|E21E46FBD7C31A49DF0D2AA4C5C17AA6CA532375;;;0001-01-01T00:00:00-02:00;GRUPO_ITZ;GRUPO_ITZ_PDV ITZ 01_6abe6eb8a93bcdf35ade3f71
6abe6f69f408cfa759bd0254;;99705136;Venda Direta;64c94d6ff17f936e4a6f1aea;TABELA A ITZ;64bad39f311af33615d05794;PDV ITZ 01;Pedido Faturado;;;2026-10-01T00:00:00-03:00;PDV ITZ 01;64b189367d43efb6c852a724;68f8dd235928c780a85eec6b;RESTAURANTE AMOR CASEIRO;68f8dd235928c780a85eec6b;50483416000186;juniorpchavs@gmail.com;Vendedor Ext ITZ;c6595c2b-6f96-43b6-95f3-abe692382b5a;VENDAS B2B;;;0;0;;PAC;2026-10-01T11:33:00-03:00;0001-01-01T00:00:00-02:00;0001-01-01T00:00:00-02:00;False;0.0;False;;False;0.0;;0.0;;68.8;True;True;IMPERATRIZ;;Brasil;65907260;MA;;NOVA IMPERATRIZ;RUA PARAÍBA;1239;;"[{""Id"": 1, ""Nome"": ""Grupo de Produtos Padrão - 01""}]";"[{""Codigo"": ""0237"", ""Unidade"": ""UN"", ""Descricao"": ""0237 - SUCO DE MARACUJA 300ML - COM AÇUCAR"", ""Quantidade"": 6.0, ""ValorUnitario"": 4.9, ""ValorFrete"": 0.0, ""DescontoUnitario"": 0.0, ""ValorTotal"": 29.4, ""PesoKG"": 0.0, ""Comprimento"": 0.0, ""Altura"": 0.0, ""Largura"": 0.0, ""FreteGratis"": false, ""ValorUnitarioFrete"": 1.0, ""PrazoEntregaFrete"": 0, ""ComissaoVendedor"": 0.0, ""Seguro"": 0.0, ""Composicoes"": [], ""Atributos"": null, ""ProductGroupId"": 1, ""Categoria"": ""COM AÇUCAR"", ""CategoriaID"": ""6344371e5b452fbeceeea9ec""}, {""Codigo"": ""0231"", ""Unidade"": ""UN"", ""Descricao"": ""0231 - SUCO DE CAJA 300ML - COM AÇUCAR"", ""Quantidade"": 2.0, ""ValorUnitario"": 4.5, ""ValorFrete"": 0.0, ""DescontoUnitario"": 0.0, ""ValorTotal"": 9.0, ""PesoKG"": 0.0, ""Comprimento"": 0.0, ""Altura"": 0.0, ""Largura"": 0.0, ""FreteGratis"": false, ""ValorUnitarioFrete"": 1.0, ""PrazoEntregaFrete"": 0, ""ComissaoVendedor"": 0.0, ""Seguro"": 0.0, ""Composicoes"": [], ""Atributos"": null, ""ProductGroupId"": 1, ""Categoria"": ""COM AÇUCAR"", ""CategoriaID"": ""6344371e5b452fbeceeea9ec""}, {""Codigo"": ""0233"", ""Unidade"": ""UN"", ""Descricao"": ""0233 - SUCO DE GOIABA 300ML - COM AÇUCAR"", ""Quantidade"": 2.0, ""ValorUnitario"": 4.0, ""ValorFrete"": 0.0, ""DescontoUnitario"": 0.0, ""ValorTotal"": 8.0, ""PesoKG"": 0.0, ""Comprimento"": 0.0, ""Altura"": 0.0, ""Largura"": 0.0, ""FreteGratis"": false, ""ValorUnitarioFrete"": 1.0, ""PrazoEntregaFrete"": 0, ""ComissaoVendedor"": 0.0, ""Seguro"": 0.0, ""Composicoes"": [], ""Atributos"": null, ""ProductGroupId"": 1, ""Categoria"": ""COM AÇUCAR"", ""CategoriaID"": ""6344371e5b452fbeceeea9ec""}, {""Codigo"": ""0229"", ""Unidade"": ""UN"", ""Descricao"": ""0229 - SUCO DE ACEROLA 300ML - COM AÇUCAR"", ""Quantidade"": 3.0, ""ValorUnitario"": 4.8, ""ValorFrete"": 0.0, ""DescontoUnitario"": 0.0, ""ValorTotal"": 14.4, ""PesoKG"": 0.0, ""Comprimento"": 0.0, ""Altura"": 0.0, ""Largura"": 0.0, ""FreteGratis"": false, ""ValorUnitarioFrete"": 1.0, ""PrazoEntregaFrete"": 0, ""ComissaoVendedor"": 0.0, ""Seguro"": 0.0, ""Composicoes"": [], ""Atributos"": null, ""ProductGroupId"": 1, ""Categoria"": ""COM AÇUCAR"", ""CategoriaID"": ""6344371e5b452fbeceeea9ec""}, {""Codigo"": ""0234"", ""Unidade"": ""UN"", ""Descricao"": ""0234 - SUCO DE CUPUAÇU 300ML - COM AÇUCAR"", ""Quantidade"": 2.0, ""ValorUnitario"": 4.0, ""ValorFrete"": 0.0, ""DescontoUnitario"": 0.0, ""ValorTotal"": 8.0, ""PesoKG"": 0.0, ""Comprimento"": 0.0, ""Altura"": 0.0, ""Largura"": 0.0, ""FreteGratis"": false, ""ValorUnitarioFrete"": 1.0, ""PrazoEntregaFrete"": 0, ""ComissaoVendedor"": 0.0, ""Seguro"": 0.0, ""Composicoes"": [], ""Atributos"": null, ""ProductGroupId"": 1, ""Categoria"": ""COM AÇUCAR"", ""CategoriaID"": ""6344371e5b452fbeceeea9ec""}]";;2026-10-01T11:33:00-03:00;"[{""FormaPagamento"": ""Duplicata"", ""DescricaoPagamento"": null, ""ValorPagamento"": 68.8, ""BandeiraCartao"": null, ""NumeroTerminal"": null, ""DataTransacao"": ""2026-10-01T03:00:00Z"", ""CredenciadoraCartao"": null, ""CredenciadoraCNPJ"": null, ""CV_NSU"": null, ""TipoIntegracao"": null, ""CondicaoPagamento"": 0, ""Parcelas"": 0, ""PeriodoParcelas"": 0, ""Adiantamento"": 0.0, ""Quitar"": null}]";;0.0;;2026-10-01T11:34:34.407-03:00;;;;;;2026-10-01T11:34:33.015-03:00;GRUPO_ITZ;GRUPO_ITZ_PDV ITZ 01_6abe6f69f408cfa759bd0254
6abe6fa8f408cfa759bd0945;;99705141;PDV;64c94d6ff17f936e4a6f1aea;TABELA B ITZ;64ef3f6a625d54b7a24c22af;PDV ITZ 01;Pedido Faturado;;Consumidor Final;2026-10-01T11:35:19.98-03:00;PDV ITZ 01;64b189367d43efb6c852a724;659057a8395f2736400d9dbd;CONSUMIDOR NÃO IDENTIFICADO;659057a8395f2736400d9dbd;;;ITZ DELIVERY B2B;f14926f9-423a-4604-96a8-26f62e85d81d;Receitas PDV;Cartão de Débito;5b648d993498afae6d5c361b;0;0;;;2026-10-01T11:35:20.058-03:00;0001-01-01T00:00:00-02:00;0001-01-01T00:00:00-02:00;False;0.0;False;;False;0.0;Gerado automaticamente através do modulo PDV;0.0;;19.99;True;True;;;;;;;;;;;"[{""Id"": 1, ""Nome"": ""Grupo de Produtos Padrão - 01""}]";"[{""Codigo"": ""0316"", ""Unidade"": ""UN"", ""Descricao"": ""0316 - SUCO DE ACEROLA 2L - SEM AÇUCAR"", ""Quantidade"": 1.0, ""ValorUnitario"": 23.99, ""ValorFrete"": 0.0, ""DescontoUnitario"": 3.999133, ""ValorTotal"": 19.99, ""PesoKG"": 0.0, ""Comprimento"": 0.0, ""Altura"": 0.0, ""Largura"": 0.0, ""FreteGratis"": false, ""ValorUnitarioFrete"": 1.0, ""PrazoEntregaFrete"": 0, ""ComissaoVendedor"": 0.0, ""Seguro"": 0.0, ""Composicoes"": [], ""Atributos"": null, ""ProductGroupId"": 1, ""Categoria"": ""SEM AÇUCAR"", ""CategoriaID"": ""6525b5fade6325a32c55386b""}]";;2026-10-01T11:35:20.058-03:00;"[{""FormaPagamento"": ""Cartão de Débito"", ""DescricaoPagamento"": ""Pagamento recebido em Cartão de Débito"", ""ValorPagamento"": 19.99, ""BandeiraCartao"": ""01"", ""NumeroTerminal"": null, ""DataTransacao"": ""2026-10-01T03:00:00Z"", ""CredenciadoraCartao"": ""STONE INSTITUICAO DE PAGAMENTO S.A"", ""CredenciadoraCNPJ"": ""16501555000157"", ""CV_NSU"": null, ""TipoIntegracao"": ""2"", ""CondicaoPagamento"": 0, ""Parcelas"": 1, ""PeriodoParcelas"": 30, ""Adiantamento"": 0.0, ""Quitar"": null}]";;0.0;57736;2026-10-01T11:35:20.669-03:00;21261041746969000193650010000577361818314972;https://app.sigecloud.com.br/danfenfce/28f81638-c595-4134-9287-9e27aa0e4112/6abe6fa8f408cfa759bd0963?downloadpdf&printsize=80mm;http://nfce.sefaz.ma.gov.br/portal/consultarNFCe.jsp?p=21261041746969000193650010000577361818314972|2|1|1|BC91DEE837C29E79AC9BBD7BA38F58AE1976E625;;;0001-01-01T00:00:00-02:00;GRUPO_ITZ;GRUPO_ITZ_PDV ITZ 01_6abe6fa8f408cfa759bd0945
6abe6fbb8a2598004517be29;;99705143;PDV;64c94d6ff17f936e4a6f1aea;TABELA B ITZ;64ef3f6a625d54b7a24c22af;PDV ITZ 01;Pedido Faturado;;Consumidor Final;2026-10-01T11:35:39.512-03:00;PDV ITZ 01;64b189367d43efb6c852a724;659057a8395f2736400d9dbd;CONSUMIDOR NÃO IDENTIFICADO;659057a8395f2736400d9dbd;;;ITZ DELIVERY B2B;f14926f9-423a-4604-96a8-26f62e85d81d;Receitas PDV;Dinheiro;5b648d1c3498afae6d5bfd89;0;0;;;2026-10-01T11:35:39.559-03:00;0001-01-01T00:00:00-02:00;0001-01-01T00:00:00-02:00;False;0.0;False;;False;0.0;Gerado automaticamente através do modulo PDV;0.0;;10.98;True;True;;;;;;;;;;;"[{""Id"": 1, ""Nome"": ""Grupo de Produtos Padrão - 01""}]";"[{""Codigo"": ""0237"", ""Unidade"": ""UN"", ""Descricao"": ""0237 - SUCO DE MARACUJA 300ML - COM AÇUCAR"", ""Quantidade"": 1.0, ""ValorUnitario"": 5.99, ""ValorFrete"": 0.0, ""DescontoUnitario"": 0.0, ""ValorTotal"": 5.99, ""PesoKG"": 0.0, ""Comprimento"": 0.0, ""Altura"": 0.0, ""Largura"": 0.0, ""FreteGratis"": false, ""ValorUnitarioFrete"": 1.0, ""PrazoEntregaFrete"": 0, ""ComissaoVendedor"": 0.0, ""Seguro"": 0.0, ""Composicoes"": [], ""Atributos"": null, ""ProductGroupId"": 1, ""Categoria"": ""COM AÇUCAR"", ""CategoriaID"": ""6344371e5b452fbeceeea9ec""}, {""Codigo"": ""0239"", ""Unidade"": ""UN"", ""Descricao"": ""0239 - SUCO DE TAMARINDO 300ML - COM AÇUCAR"", ""Quantidade"": 1.0, ""ValorUnitario"": 4.99, ""ValorFrete"": 0.0, ""DescontoUnitario"": 0.0, ""ValorTotal"": 4.99, ""PesoKG"": 0.0, ""Comprimento"": 0.0, ""Altura"": 0.0, ""Largura"": 0.0, ""FreteGratis"": false, ""ValorUnitarioFrete"": 1.0, ""PrazoEntregaFrete"": 0, ""ComissaoVendedor"": 0.0, ""Seguro"": 0.0, ""Composicoes"": [], ""Atributos"": null, ""ProductGroupId"": 1, ""Categoria"": ""COM AÇUCAR"", ""CategoriaID"": ""6344371e5b452fbeceeea9ec""}]";;2026-10-01T11:35:39.559-03:00;"[{""FormaPagamento"": ""Dinheiro"", ""DescricaoPagamento"": ""Pagamento recebido em Dinheiro"", ""ValorPagamento"": 10.98, ""BandeiraCartao"": """", ""NumeroTerminal"": null, ""DataTransacao"": ""2026-10-01T03:00:00Z"", ""CredenciadoraCartao"": null, ""CredenciadoraCNPJ"": null, ""CV_NSU"": null, ""TipoIntegracao"": null, ""CondicaoPagamento"": 0, ""Parcelas"": 1, ""PeriodoParcelas"": 30, ""Adiantamento"": 0.0, ""Quitar"": null}]";;0.0;;2026-10-01T11:35:40.779-03:00;;;;;;0001-01-01T00:00:00-02:00;GRUPO_ITZ;GRUPO_ITZ_PDV ITZ 01_6abe6fbb8a2598004517be29
6abe6fada93bcdf35adf8353;;99705142;Venda Direta;64c94d6ff17f936e4a6f1aea;TABELA A ITZ;64bad39f311af33615d05794;PDV ITZ 01;Pedido Faturado;;;2026-10-01T00:00:00-03:00;PDV ITZ 01;64b189367d43efb6c852a724;6a071c8864d4b06d5283600d;RESTAURANTE UNIVERSAL ;6a071c8864d4b06d5283600d;65068706000130;kelmarasousapaulino@gmail.com;Vendedor Ext ITZ;c6595c2b-6f96-43b6-95f3-abe692382b5a;VENDAS B2B;;;0;0;;PAC;2026-10-01T11:34:00-03:00;0001-01-01T00:00:00-02:00;0001-01-01T00:00:00-02:00;False;0.0;False;;False;0.0;;0.0;;57.1;True;True;IMPERATRIZ;;Brasil;65901020;MA;;BACURI;RUA LEONCIO PIRES DOURADO;1239;;"[{""Id"": 1, ""Nome"": ""Grupo de Produtos Padrão - 01""}]";"[{""Codigo"": ""0237"", ""Unidade"": ""UN"", ""Descricao"": ""0237 - SUCO DE MARACUJA 300ML - COM AÇUCAR"", ""Quantidade"": 3.0, ""ValorUnitario"": 4.9, ""ValorFrete"": 0.0, ""DescontoUnitario"": 0.0, ""ValorTotal"": 14.7, ""PesoKG"": 0.0, ""Comprimento"": 0.0, ""Altura"": 0.0, ""Largura"": 0.0, ""FreteGratis"": false, ""ValorUnitarioFrete"": 1.0, ""PrazoEntregaFrete"": 0, ""ComissaoVendedor"": 0.0, ""Seguro"": 0.0, ""Composicoes"": [], ""Atributos"": null, ""ProductGroupId"": 1, ""Categoria"": ""COM AÇUCAR"", ""CategoriaID"": ""6344371e5b452fbeceeea9ec""}, {""Codigo"": ""0229"", ""Unidade"": ""UN"", ""Descricao"": ""0229 - SUCO DE ACEROLA 300ML - COM AÇUCAR"", ""Quantidade"": 3.0, ""ValorUnitario"": 4.8, ""ValorFrete"": 0.0, ""DescontoUnitario"": 0.0, ""ValorTotal"": 14.4, ""PesoKG"": 0.0, ""Comprimento"": 0.0, ""Altura"": 0.0, ""Largura"": 0.0, ""FreteGratis"": false, ""ValorUnitarioFrete"": 1.0, ""PrazoEntregaFrete"": 0, ""ComissaoVendedor"": 0.0, ""Seguro"": 0.0, ""Composicoes"": [], ""Atributos"": null, ""ProductGroupId"": 1, ""Categoria"": ""COM AÇUCAR"", ""CategoriaID"": ""6344371e5b452fbeceeea9ec""}, {""Codigo"": ""0236"", ""Unidade"": ""UN"", ""Descricao"": ""0236 - SUCO DE LARANJA 300ML - COM AÇUCAR"", ""Quantidade"": 2.0, ""ValorUnitario"": 5.5, ""ValorFrete"": 0.0, ""DescontoUnitario"": 0.0, ""ValorTotal"": 11.0, ""PesoKG"": 0.0, ""Comprimento"": 0.0, ""Altura"": 0.0, ""Largura"": 0.0, ""FreteGratis"": false, ""ValorUnitarioFrete"": 1.0, ""PrazoEntregaFrete"": 0, ""ComissaoVendedor"": 0.0, ""Seguro"": 0.0, ""Composicoes"": [], ""Atributos"": null, ""ProductGroupId"": 1, ""Categoria"": ""COM AÇUCAR"", ""CategoriaID"": ""6344371e5b452fbeceeea9ec""}, {""Codigo"": ""0233"", ""Unidade"": ""UN"", ""Descricao"": ""0233 - SUCO DE GOIABA 300ML - COM AÇUCAR"", ""Quantidade"": 2.0, ""ValorUnitario"": 4.0, ""ValorFrete"": 0.0, ""DescontoUnitario"": 0.0, ""ValorTotal"": 8.0, ""PesoKG"": 0.0, ""Comprimento"": 0.0, ""Altura"": 0.0, ""Largura"": 0.0, ""FreteGratis"": false, ""ValorUnitarioFrete"": 1.0, ""PrazoEntregaFrete"": 0, ""ComissaoVendedor"": 0.0, ""Seguro"": 0.0, ""Composicoes"": [], ""Atributos"": null, ""ProductGroupId"": 1, ""Categoria"": ""COM AÇUCAR"", ""CategoriaID"": ""6344371e5b452fbeceeea9ec""}, {""Codigo"": ""0231"", ""Unidade"": ""UN"", ""Descricao"": ""0231 - SUCO DE CAJA 300ML - COM AÇUCAR"", ""Quantidade"": 2.0, ""ValorUnitario"": 4.5, ""ValorFrete"": 0.0, ""DescontoUnitario"": 0.0, ""ValorTotal"": 9.0, ""PesoKG"": 0.0, ""Comprimento"": 0.0, ""Altura"": 0.0, ""Largura"": 0.0, ""FreteGratis"": false, ""ValorUnitarioFrete"": 1.0, ""PrazoEntregaFrete"": 0, ""ComissaoVendedor"": 0.0, ""Seguro"": 0.0, ""Composicoes"": [], ""Atributos"": null, ""ProductGroupId"": 1, ""Categoria"": ""COM AÇUCAR"", ""CategoriaID"": ""6344371e5b452fbeceeea9ec""}]";;2026-10-01T11:34:00-03:00;"[{""FormaPagamento"": ""Duplicata"", ""DescricaoPagamento"": null, ""ValorPagamento"": 57.1, ""BandeiraCartao"": null, ""NumeroTerminal"": null, ""DataTransacao"": ""2026-10-01T03:00:00Z"", ""CredenciadoraCartao"": null, ""CredenciadoraCNPJ"": null, ""CV_NSU"": null, ""TipoIntegracao"": null, ""CondicaoPagamento"": 0, ""Parcelas"": 0, ""PeriodoParcelas"": 0, ""Adiantamento"": 0.0, ""Quitar"": null}]";;0.0;;2026-10-01T11:35:45.174-03:00;;;;;;2026-10-01T11:35:44.094-03:00;GRUPO_ITZ;GRUPO_ITZ_PDV ITZ 01_6abe6fada93bcdf35adf8353
6abe7091f8094b3cf4b5826c;;99705151;Venda Direta;64c94d6ff17f936e4a6f1aea;TABELA A ITZ;64bad39f311af33615d05794;PDV ITZ 01;Pedido Faturado;;Pedido;2026-10-01T00:00:00-03:00;PDV ITZ 01;64b189367d43efb6c852a724;6a5676ddf228000510b8a4cf;BRASILEIRINHO ITZ;6a5676ddf228000510b8a4cf;33714008000179;;Vendedor Ext ITZ;c6595c2b-6f96-43b6-95f3-abe692382b5a;VENDAS B2B;;;0;0;;PAC;2026-10-01T11:37:00-03:00;0001-01-01T00:00:00-02:00;0001-01-01T00:00:00-02:00;False;0.0;False;;False;0.0;;0.0;;189.5;True;True;Imperatriz;2105302;Brasil;65915010;MA;21;CONJUNTO NOVA VITORIA;RUA COLETORA 2;02;;"[{""Id"": 1, ""Nome"": ""Grupo de Produtos Padrão - 01""}]";"[{""Codigo"": ""0209"", ""Unidade"": ""UN"", ""Descricao"": ""0209 - SUCO DE LARANJA 1L - COM AÇUCAR"", ""Quantidade"": 3.0, ""ValorUnitario"": 16.0, ""ValorFrete"": 0.0, ""DescontoUnitario"": 0.0, ""ValorTotal"": 48.0, ""PesoKG"": 0.0, ""Comprimento"": 0.0, ""Altura"": 0.0, ""Largura"": 0.0, ""FreteGratis"": false, ""ValorUnitarioFrete"": 1.0, ""PrazoEntregaFrete"": 0, ""ComissaoVendedor"": 0.0, ""Seguro"": 0.0, ""Composicoes"": [], ""Atributos"": null, ""ProductGroupId"": 1, ""Categoria"": ""COM AÇUCAR"", ""CategoriaID"": ""6344371e5b452fbeceeea9ec""}, {""Codigo"": ""0211"", ""Unidade"": ""UN"", ""Descricao"": ""0211 - SUCO DE MARACUJA 1L - COM AÇUCAR"", ""Quantidade"": 3.0, ""ValorUnitario"": 13.0, ""ValorFrete"": 0.0, ""DescontoUnitario"": 0.0, ""ValorTotal"": 39.0, ""PesoKG"": 0.0, ""Comprimento"": 0.0, ""Altura"": 0.0, ""Largura"": 0.0, ""FreteGratis"": false, ""ValorUnitarioFrete"": 1.0, ""PrazoEntregaFrete"": 0, ""ComissaoVendedor"": 0.0, ""Seguro"": 0.0, ""Composicoes"": [], ""Atributos"": null, ""ProductGroupId"": 1, ""Categoria"": ""COM AÇUCAR"", ""CategoriaID"": ""6344371e5b452fbeceeea9ec""}, {""Codigo"": ""0202"", ""Unidade"": ""UN"", ""Descricao"": ""0202 - SUCO DE ACEROLA 1L - COM AÇUCAR"", ""Quantidade"": 3.0, ""ValorUnitario"": 11.5, ""ValorFrete"": 0.0, ""DescontoUnitario"": 0.0, ""ValorTotal"": 34.5, ""PesoKG"": 0.0, ""Comprimento"": 0.0, ""Altura"": 0.0, ""Largura"": 0.0, ""FreteGratis"": false, ""ValorUnitarioFrete"": 1.0, ""PrazoEntregaFrete"": 0, ""ComissaoVendedor"": 0.0, ""Seguro"": 0.0, ""Composicoes"": [], ""Atributos"": null, ""ProductGroupId"": 1, ""Categoria"": ""COM AÇUCAR"", ""CategoriaID"": ""6344371e5b452fbeceeea9ec""}, {""Codigo"": ""0207"", ""Unidade"": ""UN"", ""Descricao"": ""0207 - SUCO DE GOIABA 1L - COM AÇUCAR"", ""Quantidade"": 3.0, ""ValorUnitario"": 10.0, ""ValorFrete"": 0.0, ""DescontoUnitario"": 0.0, ""ValorTotal"": 30.0, ""PesoKG"": 0.0, ""Comprimento"": 0.0, ""Altura"": 0.0, ""Largura"": 0.0, ""FreteGratis"": false, ""ValorUnitarioFrete"": 1.0, ""PrazoEntregaFrete"": 0, ""ComissaoVendedor"": 0.0, ""Seguro"": 0.0, ""Composicoes"": [], ""Atributos"": null, ""ProductGroupId"": 1, ""Categoria"": ""COM AÇUCAR"", ""CategoriaID"": ""6344371e5b452fbeceeea9ec""}, {""Codigo"": ""0204"", ""Unidade"": ""UN"", ""Descricao"": ""0204 - SUCO DE CAJA 1L - COM AÇUCAR"", ""Quantidade"": 2.0, ""ValorUnitario"": 11.5, ""ValorFrete"": 0.0, ""DescontoUnitario"": 0.0, ""ValorTotal"": 23.0, ""PesoKG"": 0.0, ""Comprimento"": 0.0, ""Altura"": 0.0, ""Largura"": 0.0, ""FreteGratis"": false, ""ValorUnitarioFrete"": 1.0, ""PrazoEntregaFrete"": 0, ""ComissaoVendedor"": 0.0, ""Seguro"": 0.0, ""Composicoes"": [], ""Atributos"": null, ""ProductGroupId"": 1, ""Categoria"": ""COM AÇUCAR"", ""CategoriaID"": ""6344371e5b452fbeceeea9ec""}, {""Codigo"": ""0212"", ""Unidade"": ""UN"", ""Descricao"": ""0212 - SUCO DE MORANGOLA 1L - COM AÇUCAR"", ""Quantidade"": 1.0, ""ValorUnitario"": 15.0, ""ValorFrete"": 0.0, ""DescontoUnitario"": 0.0, ""ValorTotal"": 15.0, ""PesoKG"": 0.0, ""Comprimento"": 0.0, ""Altura"": 0.0, ""Largura"": 0.0, ""FreteGratis"": false, ""ValorUnitarioFrete"": 1.0, ""PrazoEntregaFrete"": 0, ""ComissaoVendedor"": 0.0, ""Seguro"": 0.0, ""Composicoes"": [], ""Atributos"": null, ""ProductGroupId"": 1, ""Categoria"": ""COM AÇUCAR"", ""CategoriaID"": ""6344371e5b452fbeceeea9ec""}]";;2026-10-01T11:37:00-03:00;"[{""FormaPagamento"": ""Duplicata"", ""DescricaoPagamento"": null, ""ValorPagamento"": 189.5, ""BandeiraCartao"": null, ""NumeroTerminal"": null, ""DataTransacao"": ""2026-10-01T03:00:00Z"", ""CredenciadoraCartao"": null, ""CredenciadoraCNPJ"": null, ""CV_NSU"": null, ""TipoIntegracao"": null, ""CondicaoPagamento"": 0, ""Parcelas"": 0, ""PeriodoParcelas"": 0, ""Adiantamento"": 0.0, ""Quitar"": null}]";;0.0;;2026-10-01T11:41:04.26-03:00;;;;;;2026-10-01T11:41:02.757-03:00;GRUPO_ITZ;GRUPO_ITZ_PDV ITZ 01_6abe7091f8094b3cf4b5826c
6abe711aaa0b5eef7cd8e367;;99705155;Venda Direta;64c94d6ff17f936e4a6f1aea;TABELA A ITZ;64bad39f311af33615d05794;PDV ITZ 01;Pedido Faturado;;;2026-10-01T00:00:00-03:00;PDV ITZ 01;64b189367d43efb6c852a724;6a0f4bb9ef9dbcacf6aa5071;X DOIDAO LANCHES ;6a0f4bb9ef9dbcacf6aa5071;53007341000155;leticiaaeduarda1@gmail.com;Vendedor Ext ITZ;c6595c2b-6f96-43b6-95f3-abe692382b5a;VENDAS B2B;;;0;0;;PAC;2026-10-01T11:41:00-03:00;0001-01-01T00:00:00-02:00;0001-01-01T00:00:00-02:00;False;0.0;False;;False;0.0;;0.0;;100.0;True;True;IMPERATRIZ;2105302;Brasil;65918063;MA;21;VILA VITORIA;RUA QUATORZE;102;CASA PROXIMO AO IML;"[{""Id"": 1, ""Nome"": ""Grupo de Produtos Padrão - 01""}]";"[{""Codigo"": ""0252"", ""Unidade"": ""UN"", ""Descricao"": ""0252 - SUCO DE MARACUJA 5L - COM AÇUCAR"", ""Quantidade"": 2.0, ""ValorUnitario"": 50.0, ""ValorFrete"": 0.0, ""DescontoUnitario"": 0.0, ""ValorTotal"": 100.0, ""PesoKG"": 0.0, ""Comprimento"": 0.0, ""Altura"": 0.0, ""Largura"": 0.0, ""FreteGratis"": false, ""ValorUnitarioFrete"": 1.0, ""PrazoEntregaFrete"": 0, ""ComissaoVendedor"": 0.0, ""Seguro"": 0.0, ""Composicoes"": [], ""Atributos"": null, ""ProductGroupId"": 1, ""Categoria"": ""COM AÇUCAR"", ""CategoriaID"": ""6344371e5b452fbeceeea9ec""}]";;2026-10-01T11:41:00-03:00;"[{""FormaPagamento"": ""Duplicata"", ""DescricaoPagamento"": null, ""ValorPagamento"": 100.0, ""BandeiraCartao"": null, ""NumeroTerminal"": null, ""DataTransacao"": ""2026-10-01T03:00:00Z"", ""CredenciadoraCartao"": null, ""CredenciadoraCNPJ"": null, ""CV_NSU"": null, ""TipoIntegracao"": null, ""CondicaoPagamento"": 0, ""Parcelas"": 0, ""PeriodoParcelas"": 0, ""Adiantamento"": 0.0, ""Quitar"": null}]";;0.0;;2026-10-01T11:41:54.199-03:00;;;;;;2026-10-01T11:41:53.761-03:00;GRUPO_ITZ;GRUPO_ITZ_PDV ITZ 01_6abe711aaa0b5eef7cd8e367
6abe724431195d99ead8c696;;99705161;PDV;64c94d6ff17f936e4a6f1aea;TABELA B ITZ;64ef3f6a625d54b7a24c22af;PDV ITZ 01;Pedido Faturado;;Consumidor Final;2026-10-01T11:46:28.554-03:00;PDV ITZ 01;64b189367d43efb6c852a724;659057a8395f2736400d9dbd;CONSUMIDOR NÃO IDENTIFICADO;659057a8395f2736400d9dbd;;;ITZ DELIVERY B2B;f14926f9-423a-4604-96a8-26f62e85d81d;Receitas PDV;Dinheiro;5b648d1c3498afae6d5bfd89;0;0;;;2026-10-01T11:46:28.585-03:00;0001-01-01T00:00:00-02:00;0001-01-01T00:00:00-02:00;False;0.0;False;;False;0.0;Gerado automaticamente através do modulo PDV;0.0;;16.98;True;True;;;;;;;;;;;"[{""Id"": 1, ""Nome"": ""Grupo de Produtos Padrão - 01""}]";"[{""Codigo"": ""0235"", ""Unidade"": ""UN"", ""Descricao"": ""0235 - SUCO DE GRAVIOLA 300ML - COM AÇUCAR"", ""Quantidade"": 1.0, ""ValorUnitario"": 6.49, ""ValorFrete"": 0.0, ""DescontoUnitario"": 0.18172, ""ValorTotal"": 6.31, ""PesoKG"": 0.0, ""Comprimento"": 0.0, ""Altura"": 0.0, ""Largura"": 0.0, ""FreteGratis"": false, ""ValorUnitarioFrete"": 1.0, ""PrazoEntregaFrete"": 0, ""ComissaoVendedor"": 0.0, ""Seguro"": 0.0, ""Composicoes"": [], ""Atributos"": null, ""ProductGroupId"": 1, ""Categoria"": """", ""CategoriaID"": """"}, {""Codigo"": ""0237"", ""Unidade"": ""UN"", ""Descricao"": ""0237 - SUCO DE MARACUJA 300ML - COM AÇUCAR"", ""Quantidade"": 1.0, ""ValorUnitario"": 5.99, ""ValorFrete"": 0.0, ""DescontoUnitario"": 0.16771999999999998, ""ValorTotal"": 5.82, ""PesoKG"": 0.0, ""Comprimento"": 0.0, ""Altura"": 0.0, ""Largura"": 0.0, ""FreteGratis"": false, ""ValorUnitarioFrete"": 1.0, ""PrazoEntregaFrete"": 0, ""ComissaoVendedor"": 0.0, ""Seguro"": 0.0, ""Composicoes"": [], ""Atributos"": null, ""ProductGroupId"": 1, ""Categoria"": ""COM AÇUCAR"", ""CategoriaID"": ""6344371e5b452fbeceeea9ec""}, {""Codigo"": ""0233"", ""Unidade"": ""UN"", ""Descricao"": ""0233 - SUCO DE GOIABA 300ML - COM AÇUCAR"", ""Quantidade"": 1.0, ""ValorUnitario"": 4.99, ""ValorFrete"": 0.0, ""DescontoUnitario"": 0.13971999999999998, ""ValorTotal"": 4.85, ""PesoKG"": 0.0, ""Comprimento"": 0.0, ""Altura"": 0.0, ""Largura"": 0.0, ""FreteGratis"": false, ""ValorUnitarioFrete"": 1.0, ""PrazoEntregaFrete"": 0, ""ComissaoVendedor"": 0.0, ""Seguro"": 0.0, ""Composicoes"": [], ""Atributos"": null, ""ProductGroupId"": 1, ""Categoria"": ""COM AÇUCAR"", ""CategoriaID"": ""6344371e5b452fbeceeea9ec""}]";;2026-10-01T11:46:28.585-03:00;"[{""FormaPagamento"": ""Dinheiro"", ""DescricaoPagamento"": ""Pagamento recebido em Dinheiro"", ""ValorPagamento"": 16.98, ""BandeiraCartao"": """", ""NumeroTerminal"": null, ""DataTransacao"": ""2026-10-01T03:00:00Z"", ""CredenciadoraCartao"": null, ""CredenciadoraCNPJ"": null, ""CV_NSU"": null, ""TipoIntegracao"": null, ""CondicaoPagamento"": 0, ""Parcelas"": 1, ""PeriodoParcelas"": 30, ""Adiantamento"": 0.0, ""Quitar"": null}]";;0.0;;2026-10-01T11:46:29.633-03:00;;;;;;0001-01-01T00:00:00-02:00;GRUPO_ITZ;GRUPO_ITZ_PDV ITZ 01_6abe724431195d99ead8c696
6abe72629a755c33b3f67bf0;;99705162;PDV;64c94d6ff17f936e4a6f1aea;TABELA B ITZ;64ef3f6a625d54b7a24c22af;PDV ITZ 01;Pedido Faturado;;Consumidor Final;2026-10-01T11:46:58.561-03:00;PDV ITZ 01;64b189367d43efb6c852a724;659057a8395f2736400d9dbd;CONSUMIDOR NÃO IDENTIFICADO;659057a8395f2736400d9dbd;;;ITZ DELIVERY B2B;f14926f9-423a-4604-96a8-26f62e85d81d;Receitas PDV;PIX;635ae864cd43d34b928b24c4;0;0;;;2026-10-01T11:46:58.624-03:00;0001-01-01T00:00:00-02:00;0001-01-01T00:00:00-02:00;False;0.0;False;;False;0.0;Gerado automaticamente através do modulo PDV;0.0;;39.99;True;True;;;;;;;;;;;"[{""Id"": 1, ""Nome"": ""Grupo de Produtos Padrão - 01""}]";"[{""Codigo"": ""0207"", ""Unidade"": ""UN"", ""Descricao"": ""0207 - SUCO DE GOIABA 1L - COM AÇUCAR"", ""Quantidade"": 1.0, ""ValorUnitario"": 10.99, ""ValorFrete"": 0.0, ""DescontoUnitario"": 0.26595799999999997, ""ValorTotal"": 10.72, ""PesoKG"": 0.0, ""Comprimento"": 0.0, ""Altura"": 0.0, ""Largura"": 0.0, ""FreteGratis"": false, ""ValorUnitarioFrete"": 1.0, ""PrazoEntregaFrete"": 0, ""ComissaoVendedor"": 0.0, ""Seguro"": 0.0, ""Composicoes"": [], ""Atributos"": null, ""ProductGroupId"": 1, ""Categoria"": ""COM AÇUCAR"", ""CategoriaID"": ""6344371e5b452fbeceeea9ec""}, {""Codigo"": ""0224"", ""Unidade"": ""UN"", ""Descricao"": ""0224 - SUCO DE LARANJA 2L - COM AÇUCAR"", ""Quantidade"": 1.0, ""ValorUnitario"": 29.99, ""ValorFrete"": 0.0, ""DescontoUnitario"": 0.717, ""ValorTotal"": 29.27, ""PesoKG"": 0.0, ""Comprimento"": 0.0, ""Altura"": 0.0, ""Largura"": 0.0, ""FreteGratis"": false, ""ValorUnitarioFrete"": 1.0, ""PrazoEntregaFrete"": 0, ""ComissaoVendedor"": 0.0, ""Seguro"": 0.0, ""Composicoes"": [], ""Atributos"": null, ""ProductGroupId"": 1, ""Categoria"": ""COM AÇUCAR"", ""CategoriaID"": ""6344371e5b452fbeceeea9ec""}]";;2026-10-01T11:46:58.624-03:00;"[{""FormaPagamento"": ""PIX"", ""DescricaoPagamento"": ""Pagamento recebido em PIX"", ""ValorPagamento"": 39.99, ""BandeiraCartao"": """", ""NumeroTerminal"": null, ""DataTransacao"": ""2026-10-01T03:00:00Z"", ""CredenciadoraCartao"": null, ""CredenciadoraCNPJ"": null, ""CV_NSU"": null, ""TipoIntegracao"": null, ""CondicaoPagamento"": 0, ""Parcelas"": 1, ""PeriodoParcelas"": 30, ""Adiantamento"": 0.0, ""Quitar"": null}]";;0.0;57737;2026-10-01T11:46:59.781-03:00;21261041746969000193650010000577371503207425;https://app.sigecloud.com.br/danfenfce/28f81638-c595-4134-9287-9e27aa0e4112/6abe72647064f37d84a0ea0d?downloadpdf&printsize=80mm;http://nfce.sefaz.ma.gov.br/portal/consultarNFCe.jsp?p=21261041746969000193650010000577371503207425|2|1|1|20FBE903F73D51CEEF017733BB6FFB0AAC22E870;;;0001-01-01T00:00:00-02:00;GRUPO_ITZ;GRUPO_ITZ_PDV ITZ 01_6abe72629a755c33b3f67bf0
6abe73a47064f37d84a102e5;;99705170;PDV;64c94d6ff17f936e4a6f1aea;TABELA B ITZ;64ef3f6a625d54b7a24c22af;PDV ITZ 01;Pedido Faturado;;Consumidor Final;2026-10-01T11:52:20.019-03:00;PDV ITZ 01;64b189367d43efb6c852a724;659057a8395f2736400d9dbd;CONSUMIDOR NÃO IDENTIFICADO;659057a8395f2736400d9dbd;;;ATENDIMENTO01 ITZ;714bbddc-76c1-4b2e-be63-1742aeaacc05;Receitas PDV;PIX;635ae864cd43d34b928b24c4;0;0;;;2026-10-01T11:52:20.081-03:00;0001-01-01T00:00:00-02:00;0001-01-01T00:00:00-02:00;False;0.0;False;;False;0.0;Gerado automaticamente através do modulo PDV;0.0;;59.98;True;True;;;;;;;;;;;"[{""Id"": 1, ""Nome"": ""Grupo de Produtos Padrão - 01""}]";"[{""Codigo"": ""0324"", ""Unidade"": ""UN"", ""Descricao"": ""0324 - SUCO DE LARANJA 2L - SEM AÇUCAR"", ""Quantidade"": 2.0, ""ValorUnitario"": 29.99, ""ValorFrete"": 0.0, ""DescontoUnitario"": 0.0, ""ValorTotal"": 59.98, ""PesoKG"": 0.0, ""Comprimento"": 0.0, ""Altura"": 0.0, ""Largura"": 0.0, ""FreteGratis"": false, ""ValorUnitarioFrete"": 1.0, ""PrazoEntregaFrete"": 0, ""ComissaoVendedor"": 0.0, ""Seguro"": 0.0, ""Composicoes"": [], ""Atributos"": null, ""ProductGroupId"": 1, ""Categoria"": ""SEM AÇUCAR"", ""CategoriaID"": ""6525b5fade6325a32c55386b""}]";;2026-10-01T11:52:20.081-03:00;"[{""FormaPagamento"": ""PIX"", ""DescricaoPagamento"": ""Pagamento recebido em PIX"", ""ValorPagamento"": 59.98, ""BandeiraCartao"": """", ""NumeroTerminal"": null, ""DataTransacao"": ""2026-10-01T03:00:00Z"", ""CredenciadoraCartao"": null, ""CredenciadoraCNPJ"": null, ""CV_NSU"": null, ""TipoIntegracao"": null, ""CondicaoPagamento"": 0, ""Parcelas"": 1, ""PeriodoParcelas"": 30, ""Adiantamento"": 0.0, ""Quitar"": null}]";;0.0;57738;2026-10-01T11:52:20.848-03:00;21261041746969000193650010000577381832614478;https://app.sigecloud.com.br/danfenfce/28f81638-c595-4134-9287-9e27aa0e4112/6abe73a5f408cfa759bd721f?downloadpdf&printsize=80mm;http://nfce.sefaz.ma.gov.br/portal/consultarNFCe.jsp?p=21261041746969000193650010000577381832614478|2|1|1|5ACFF75B50BE0F7825CD7516027174BAA5755EC8;;;0001-01-01T00:00:00-02:00;GRUPO_ITZ;GRUPO_ITZ_PDV ITZ 01_6abe73a47064f37d84a102e5
6abe74159a755c33b3f69f6c;;99705171;PDV;64c94d6ff17f936e4a6f1aea;TABELA B ITZ;64ef3f6a625d54b7a24c22af;PDV ITZ 01;Pedido Faturado;;Consumidor Final;2026-10-01T11:54:13.372-03:00;PDV ITZ 01;64b189367d43efb6c852a724;659057a8395f2736400d9dbd;CONSUMIDOR NÃO IDENTIFICADO;659057a8395f2736400d9dbd;;;ATENDIMENTO01 ITZ;714bbddc-76c1-4b2e-be63-1742aeaacc05;Receitas PDV;Cartão de Débito;5b648d993498afae6d5c361b;0;0;;;2026-10-01T11:54:13.529-03:00;0001-01-01T00:00:00-02:00;0001-01-01T00:00:00-02:00;False;0.0;False;;False;0.0;Gerado automaticamente através do modulo PDV;0.0;;46.98;True;True;;;;;;;;;;;"[{""Id"": 1, ""Nome"": ""Grupo de Produtos Padrão - 01""}]";"[{""Codigo"": ""0212"", ""Unidade"": ""UN"", ""Descricao"": ""0212 - SUCO DE MORANGOLA 1L - COM AÇUCAR"", ""Quantidade"": 1.0, ""ValorUnitario"": 16.99, ""ValorFrete"": 0.0, ""DescontoUnitario"": 0.0, ""ValorTotal"": 16.99, ""PesoKG"": 0.0, ""Comprimento"": 0.0, ""Altura"": 0.0, ""Largura"": 0.0, ""FreteGratis"": false, ""ValorUnitarioFrete"": 1.0, ""PrazoEntregaFrete"": 0, ""ComissaoVendedor"": 0.0, ""Seguro"": 0.0, ""Composicoes"": [], ""Atributos"": null, ""ProductGroupId"": 1, ""Categoria"": ""COM AÇUCAR"", ""CategoriaID"": ""6344371e5b452fbeceeea9ec""}, {""Codigo"": ""0224"", ""Unidade"": ""UN"", ""Descricao"": ""0224 - SUCO DE LARANJA 2L - COM AÇUCAR"", ""Quantidade"": 1.0, ""ValorUnitario"": 29.99, ""ValorFrete"": 0.0, ""DescontoUnitario"": 0.0, ""ValorTotal"": 29.99, ""PesoKG"": 0.0, ""Comprimento"": 0.0, ""Altura"": 0.0, ""Largura"": 0.0, ""FreteGratis"": false, ""ValorUnitarioFrete"": 1.0, ""PrazoEntregaFrete"": 0, ""ComissaoVendedor"": 0.0, ""Seguro"": 0.0, ""Composicoes"": [], ""Atributos"": null, ""ProductGroupId"": 1, ""Categoria"": ""COM AÇUCAR"", ""CategoriaID"": ""6344371e5b452fbeceeea9ec""}]";;2026-10-01T11:54:13.529-03:00;"[{""FormaPagamento"": ""Cartão de Débito"", ""DescricaoPagamento"": ""Pagamento recebido em Cartão de Débito"", ""ValorPagamento"": 46.98, ""BandeiraCartao"": ""01"", ""NumeroTerminal"": null, ""DataTransacao"": ""2026-10-01T03:00:00Z"", ""CredenciadoraCartao"": ""STONE INSTITUICAO DE PAGAMENTO S.A"", ""CredenciadoraCNPJ"": ""16501555000157"", ""CV_NSU"": null, ""TipoIntegracao"": ""2"", ""CondicaoPagamento"": 0, ""Parcelas"": 1, ""PeriodoParcelas"": 30, ""Adiantamento"": 0.0, ""Quitar"": null}]";;0.0;57739;2026-10-01T11:54:15.486-03:00;21261041746969000193650010000577391517415569;https://app.sigecloud.com.br/danfenfce/28f81638-c595-4134-9287-9e27aa0e4112/6abe7417a93bcdf35adff27e?downloadpdf&printsize=80mm;http://nfce.sefaz.ma.gov.br/portal/consultarNFCe.jsp?p=21261041746969000193650010000577391517415569|2|1|1|19840209968D23D728F2AE255E9DE5D59C241EE2;;;0001-01-01T00:00:00-02:00;GRUPO_ITZ;GRUPO_ITZ_PDV ITZ 01_6abe74159a755c33b3f69f6c
6abe7683a93bcdf35ae02353;;99705186;PDV;64c94d6ff17f936e4a6f1aea;TABELA B ITZ;64ef3f6a625d54b7a24c22af;PDV ITZ 01;Pedido Faturado;;Consumidor Final;2026-10-01T12:04:34.94-03:00;PDV ITZ 01;64b189367d43efb6c852a724;659057a8395f2736400d9dbd;CONSUMIDOR NÃO IDENTIFICADO;659057a8395f2736400d9dbd;;;ITZ DELIVERY B2B;f14926f9-423a-4604-96a8-26f62e85d81d;Receitas PDV;Cartão de Débito;5b648d993498afae6d5c361b;0;0;;;2026-10-01T12:04:34.987-03:00;0001-01-01T00:00:00-02:00;0001-01-01T00:00:00-02:00;False;0.0;False;;False;0.0;Gerado automaticamente através do modulo PDV;0.0;;19.99;True;True;;;;;;;;;;;"[{""Id"": 1, ""Nome"": ""Grupo de Produtos Padrão - 01""}]";"[{""Codigo"": ""0216"", ""Unidade"": ""UN"", ""Descricao"": ""0216 - SUCO DE ACEROLA 2L - COM AÇUCAR"", ""Quantidade"": 1.0, ""ValorUnitario"": 23.99, ""ValorFrete"": 0.0, ""DescontoUnitario"": 3.999133, ""ValorTotal"": 19.99, ""PesoKG"": 0.0, ""Comprimento"": 0.0, ""Altura"": 0.0, ""Largura"": 0.0, ""FreteGratis"": false, ""ValorUnitarioFrete"": 1.0, ""PrazoEntregaFrete"": 0, ""ComissaoVendedor"": 0.0, ""Seguro"": 0.0, ""Composicoes"": [], ""Atributos"": null, ""ProductGroupId"": 1, ""Categoria"": ""COM AÇUCAR"", ""CategoriaID"": ""6344371e5b452fbeceeea9ec""}]";;2026-10-01T12:04:34.987-03:00;"[{""FormaPagamento"": ""Cartão de Débito"", ""DescricaoPagamento"": ""Pagamento recebido em Cartão de Débito"", ""ValorPagamento"": 19.99, ""BandeiraCartao"": ""01"", ""NumeroTerminal"": null, ""DataTransacao"": ""2026-10-01T03:00:00Z"", ""CredenciadoraCartao"": ""STONE INSTITUICAO DE PAGAMENTO S.A"", ""CredenciadoraCNPJ"": ""16501555000157"", ""CV_NSU"": null, ""TipoIntegracao"": ""2"", ""CondicaoPagamento"": 0, ""Parcelas"": 1, ""PeriodoParcelas"": 30, ""Adiantamento"": 0.0, ""Quitar"": null}]";;0.0;;2026-10-01T12:04:35.817-03:00;;;;;;0001-01-01T00:00:00-02:00;GRUPO_ITZ;GRUPO_ITZ_PDV ITZ 01_6abe7683a93bcdf35ae02353
6abe7a25a93bcdf35ae08177;;99705206;PDV;64c94d6ff17f936e4a6f1aea;TABELA B ITZ;64ef3f6a625d54b7a24c22af;PDV ITZ 01;Pedido Faturado;;Consumidor Final;2026-10-01T12:20:05.919-03:00;PDV ITZ 01;64b189367d43efb6c852a724;659057a8395f2736400d9dbd;CONSUMIDOR NÃO IDENTIFICADO;659057a8395f2736400d9dbd;;;ITZ DELIVERY B2B;f14926f9-423a-4604-96a8-26f62e85d81d;Receitas PDV;Cartão de Débito;5b648d993498afae6d5c361b;0;0;;;2026-10-01T12:20:05.985-03:00;0001-01-01T00:00:00-02:00;0001-01-01T00:00:00-02:00;False;0.0;False;;False;0.0;Gerado automaticamente através do modulo PDV;0.0;;44.98;True;True;;;;;;;;;;;"[{""Id"": 1, ""Nome"": ""Grupo de Produtos Padrão - 01""}]";"[{""Codigo"": ""0225"", ""Unidade"": ""UN"", ""Descricao"": ""0225 - SUCO DE MARACUJA 2L - COM AÇUCAR"", ""Quantidade"": 1.0, ""ValorUnitario"": 24.99, ""ValorFrete"": 0.0, ""DescontoUnitario"": 2.041683, ""ValorTotal"": 22.95, ""PesoKG"": 0.0, ""Comprimento"": 0.0, ""Altura"": 0.0, ""Largura"": 0.0, ""FreteGratis"": false, ""ValorUnitarioFrete"": 1.0, ""PrazoEntregaFrete"": 0, ""ComissaoVendedor"": 0.0, ""Seguro"": 0.0, ""Composicoes"": [], ""Atributos"": null, ""ProductGroupId"": 1, ""Categoria"": ""COM AÇUCAR"", ""CategoriaID"": ""6344371e5b452fbeceeea9ec""}, {""Codigo"": ""0216"", ""Unidade"": ""UN"", ""Descricao"": ""0216 - SUCO DE ACEROLA 2L - COM AÇUCAR"", ""Quantidade"": 1.0, ""ValorUnitario"": 23.99, ""ValorFrete"": 0.0, ""DescontoUnitario"": 1.9599829999999998, ""ValorTotal"": 22.03, ""PesoKG"": 0.0, ""Comprimento"": 0.0, ""Altura"": 0.0, ""Largura"": 0.0, ""FreteGratis"": false, ""ValorUnitarioFrete"": 1.0, ""PrazoEntregaFrete"": 0, ""ComissaoVendedor"": 0.0, ""Seguro"": 0.0, ""Composicoes"": [], ""Atributos"": null, ""ProductGroupId"": 1, ""Categoria"": ""COM AÇUCAR"", ""CategoriaID"": ""6344371e5b452fbeceeea9ec""}]";;2026-10-01T12:20:05.985-03:00;"[{""FormaPagamento"": ""Cartão de Débito"", ""DescricaoPagamento"": ""Pagamento recebido em Cartão de Débito"", ""ValorPagamento"": 44.98, ""BandeiraCartao"": ""01"", ""NumeroTerminal"": null, ""DataTransacao"": ""2026-10-01T03:00:00Z"", ""CredenciadoraCartao"": ""STONE INSTITUICAO DE PAGAMENTO S.A"", ""CredenciadoraCNPJ"": ""16501555000157"", ""CV_NSU"": null, ""TipoIntegracao"": ""2"", ""CondicaoPagamento"": 0, ""Parcelas"": 1, ""PeriodoParcelas"": 30, ""Adiantamento"": 0.0, ""Quitar"": null}]";;0.0;57740;2026-10-01T12:20:07.358-03:00;21261041746969000193650010000577401182720498;https://app.sigecloud.com.br/danfenfce/28f81638-c595-4134-9287-9e27aa0e4112/6abe7a27a93bcdf35ae081b3?downloadpdf&printsize=80mm;http://nfce.sefaz.ma.gov.br/portal/consultarNFCe.jsp?p=21261041746969000193650010000577401182720498|2|1|1|2398318C4D68F64F9310ED54751026D55E85636D;;;0001-01-01T00:00:00-02:00;GRUPO_ITZ;GRUPO_ITZ_PDV ITZ 01_6abe7a25a93bcdf35ae08177
6abe7c78a93bcdf35ae0bd3b;;99705213;PDV;64c94d6ff17f936e4a6f1aea;TABELA B ITZ;64ef3f6a625d54b7a24c22af;PDV ITZ 01;Pedido Faturado;;Consumidor Final;2026-10-01T12:30:00.188-03:00;PDV ITZ 01;64b189367d43efb6c852a724;659057a8395f2736400d9dbd;CONSUMIDOR NÃO IDENTIFICADO;659057a8395f2736400d9dbd;;;ITZ DELIVERY B2B;f14926f9-423a-4604-96a8-26f62e85d81d;Receitas PDV;PIX;635ae864cd43d34b928b24c4;0;0;;;2026-10-01T12:30:00.282-03:00;0001-01-01T00:00:00-02:00;0001-01-01T00:00:00-02:00;False;0.0;False;;False;0.0;Gerado automaticamente através do modulo PDV;0.0;;44.98;True;True;;;;;;;;;;;"[{""Id"": 1, ""Nome"": ""Grupo de Produtos Padrão - 01""}]";"[{""Codigo"": ""0219"", ""Unidade"": ""UN"", ""Descricao"": ""0219 - SUCO DE CAJU 2L - COM AÇUCAR"", ""Quantidade"": 1.0, ""ValorUnitario"": 20.99, ""ValorFrete"": 0.0, ""DescontoUnitario"": 0.0, ""ValorTotal"": 20.99, ""PesoKG"": 0.0, ""Comprimento"": 0.0, ""Altura"": 0.0, ""Largura"": 0.0, ""FreteGratis"": false, ""ValorUnitarioFrete"": 1.0, ""PrazoEntregaFrete"": 0, ""ComissaoVendedor"": 0.0, ""Seguro"": 0.0, ""Composicoes"": [], ""Atributos"": null, ""ProductGroupId"": 1, ""Categoria"": ""COM AÇUCAR"", ""CategoriaID"": ""6344371e5b452fbeceeea9ec""}, {""Codigo"": ""0218"", ""Unidade"": ""UN"", ""Descricao"": ""0218 - SUCO DE CAJA 2L - COM AÇUCAR"", ""Quantidade"": 1.0, ""ValorUnitario"": 23.99, ""ValorFrete"": 0.0, ""DescontoUnitario"": 0.0, ""ValorTotal"": 23.99, ""PesoKG"": 0.0, ""Comprimento"": 0.0, ""Altura"": 0.0, ""Largura"": 0.0, ""FreteGratis"": false, ""ValorUnitarioFrete"": 1.0, ""PrazoEntregaFrete"": 0, ""ComissaoVendedor"": 0.0, ""Seguro"": 0.0, ""Composicoes"": [], ""Atributos"": null, ""ProductGroupId"": 1, ""Categoria"": ""COM AÇUCAR"", ""CategoriaID"": ""6344371e5b452fbeceeea9ec""}]";;2026-10-01T12:30:00.282-03:00;"[{""FormaPagamento"": ""PIX"", ""DescricaoPagamento"": ""Pagamento recebido em PIX"", ""ValorPagamento"": 44.98, ""BandeiraCartao"": """", ""NumeroTerminal"": null, ""DataTransacao"": ""2026-10-01T03:00:00Z"", ""CredenciadoraCartao"": null, ""CredenciadoraCNPJ"": null, ""CV_NSU"": null, ""TipoIntegracao"": null, ""CondicaoPagamento"": 0, ""Parcelas"": 1, ""PeriodoParcelas"": 30, ""Adiantamento"": 0.0, ""Quitar"": null}]";;0.0;57741;2026-10-01T12:30:01.455-03:00;21261041746969000193650010000577411013668445;https://app.sigecloud.com.br/danfenfce/28f81638-c595-4134-9287-9e27aa0e4112/6abe7c7a9c74cd6eecf3a941?downloadpdf&printsize=80mm;http://nfce.sefaz.ma.gov.br/portal/consultarNFCe.jsp?p=21261041746969000193650010000577411013668445|2|1|1|8E3B9DDEF7089C5D9C2BF034892ABCF8C8807301;;;0001-01-01T00:00:00-02:00;GRUPO_ITZ;GRUPO_ITZ_PDV ITZ 01_6abe7c78a93bcdf35ae0bd3b
6abe7d3ca93bcdf35ae0d013;;99705217;PDV;64c94d6ff17f936e4a6f1aea;TABELA B ITZ;64ef3f6a625d54b7a24c22af;PDV ITZ 01;Pedido Faturado;;Consumidor Final;2026-10-01T12:33:16.595-03:00;PDV ITZ 01;64b189367d43efb6c852a724;659057a8395f2736400d9dbd;CONSUMIDOR NÃO IDENTIFICADO;659057a8395f2736400d9dbd;;;ITZ DELIVERY B2B;f14926f9-423a-4604-96a8-26f62e85d81d;Receitas PDV;Dinheiro;5b648d1c3498afae6d5bfd89;0;0;;;2026-10-01T12:33:16.657-03:00;0001-01-01T00:00:00-02:00;0001-01-01T00:00:00-02:00;False;0.0;False;;False;0.0;Gerado automaticamente através do modulo PDV;0.0;;16.0;True;True;;;;;;;;;;;"[{""Id"": 1, ""Nome"": ""Grupo de Produtos Padrão - 01""}]";"[{""Codigo"": ""0209"", ""Unidade"": ""UN"", ""Descricao"": ""0209 - SUCO DE LARANJA 1L - COM AÇUCAR"", ""Quantidade"": 1.0, ""ValorUnitario"": 16.99, ""ValorFrete"": 0.0, ""DescontoUnitario"": 0.9905169999999999, ""ValorTotal"": 16.0, ""PesoKG"": 0.0, ""Comprimento"": 0.0, ""Altura"": 0.0, ""Largura"": 0.0, ""FreteGratis"": false, ""ValorUnitarioFrete"": 1.0, ""PrazoEntregaFrete"": 0, ""ComissaoVendedor"": 0.0, ""Seguro"": 0.0, ""Composicoes"": [], ""Atributos"": null, ""ProductGroupId"": 1, ""Categoria"": ""COM AÇUCAR"", ""CategoriaID"": ""6344371e5b452fbeceeea9ec""}]";;2026-10-01T12:33:16.657-03:00;"[{""FormaPagamento"": ""Dinheiro"", ""DescricaoPagamento"": ""Pagamento recebido em Dinheiro"", ""ValorPagamento"": 16.0, ""BandeiraCartao"": """", ""NumeroTerminal"": null, ""DataTransacao"": ""2026-10-01T03:00:00Z"", ""CredenciadoraCartao"": null, ""CredenciadoraCNPJ"": null, ""CV_NSU"": null, ""TipoIntegracao"": null, ""CondicaoPagamento"": 0, ""Parcelas"": 1, ""PeriodoParcelas"": 30, ""Adiantamento"": 0.0, ""Quitar"": null}]";;0.0;;2026-10-01T12:33:17.706-03:00;;;;;;0001-01-01T00:00:00-02:00;GRUPO_ITZ;GRUPO_ITZ_PDV ITZ 01_6abe7d3ca93bcdf35ae0d013
6abe7d7d31195d99ead9dcdf;;99705221;PDV;64c94d6ff17f936e4a6f1aea;TABELA B ITZ;64ef3f6a625d54b7a24c22af;PDV ITZ 01;Pedido Faturado;;Consumidor Final;2026-10-01T12:34:21.555-03:00;PDV ITZ 01;64b189367d43efb6c852a724;659057a8395f2736400d9dbd;CONSUMIDOR NÃO IDENTIFICADO;659057a8395f2736400d9dbd;;;ITZ DELIVERY B2B;f14926f9-423a-4604-96a8-26f62e85d81d;Receitas PDV;Cartão de Débito;5b648d993498afae6d5c361b;0;0;;;2026-10-01T12:34:21.586-03:00;0001-01-01T00:00:00-02:00;0001-01-01T00:00:00-02:00;False;0.0;False;;False;0.0;Gerado automaticamente através do modulo PDV;0.0;;26.98;True;True;;;;;;;;;;;"[{""Id"": 1, ""Nome"": ""Grupo de Produtos Padrão - 01""}]";"[{""Codigo"": ""0211"", ""Unidade"": ""UN"", ""Descricao"": ""0211 - SUCO DE MARACUJA 1L - COM AÇUCAR"", ""Quantidade"": 1.0, ""ValorUnitario"": 13.99, ""ValorFrete"": 0.0, ""DescontoUnitario"": 0.0, ""ValorTotal"": 13.99, ""PesoKG"": 0.0, ""Comprimento"": 0.0, ""Altura"": 0.0, ""Largura"": 0.0, ""FreteGratis"": false, ""ValorUnitarioFrete"": 1.0, ""PrazoEntregaFrete"": 0, ""ComissaoVendedor"": 0.0, ""Seguro"": 0.0, ""Composicoes"": [], ""Atributos"": null, ""ProductGroupId"": 1, ""Categoria"": ""COM AÇUCAR"", ""CategoriaID"": ""6344371e5b452fbeceeea9ec""}, {""Codigo"": ""0204"", ""Unidade"": ""UN"", ""Descricao"": ""0204 - SUCO DE CAJA 1L - COM AÇUCAR"", ""Quantidade"": 1.0, ""ValorUnitario"": 12.99, ""ValorFrete"": 0.0, ""DescontoUnitario"": 0.0, ""ValorTotal"": 12.99, ""PesoKG"": 0.0, ""Comprimento"": 0.0, ""Altura"": 0.0, ""Largura"": 0.0, ""FreteGratis"": false, ""ValorUnitarioFrete"": 1.0, ""PrazoEntregaFrete"": 0, ""ComissaoVendedor"": 0.0, ""Seguro"": 0.0, ""Composicoes"": [], ""Atributos"": null, ""ProductGroupId"": 1, ""Categoria"": ""COM AÇUCAR"", ""CategoriaID"": ""6344371e5b452fbeceeea9ec""}]";;2026-10-01T12:34:21.586-03:00;"[{""FormaPagamento"": ""Cartão de Débito"", ""DescricaoPagamento"": ""Pagamento recebido em Cartão de Débito"", ""ValorPagamento"": 26.98, ""BandeiraCartao"": ""01"", ""NumeroTerminal"": null, ""DataTransacao"": ""2026-10-01T03:00:00Z"", ""CredenciadoraCartao"": ""STONE INSTITUICAO DE PAGAMENTO S.A"", ""CredenciadoraCNPJ"": ""16501555000157"", ""CV_NSU"": null, ""TipoIntegracao"": ""2"", ""CondicaoPagamento"": 0, ""Parcelas"": 1, ""PeriodoParcelas"": 30, ""Adiantamento"": 0.0, ""Quitar"": null}]";;0.0;57742;2026-10-01T12:34:22.729-03:00;21261041746969000193650010000577421368227400;https://app.sigecloud.com.br/danfenfce/28f81638-c595-4134-9287-9e27aa0e4112/6abe7d7ef408cfa759be60d1?downloadpdf&printsize=80mm;http://nfce.sefaz.ma.gov.br/portal/consultarNFCe.jsp?p=21261041746969000193650010000577421368227400|2|1|1|463B8F3077A997919C271024D4FDDA6834C62C4D;;;0001-01-01T00:00:00-02:00;GRUPO_ITZ;GRUPO_ITZ_PDV ITZ 01_6abe7d7d31195d99ead9dcdf
6abe7dd0a93bcdf35ae0dd39;;99705225;PDV;64c94d6ff17f936e4a6f1aea;TABELA B ITZ;64ef3f6a625d54b7a24c22af;PDV ITZ 01;Pedido Faturado;;Consumidor Final;2026-10-01T12:35:44.394-03:00;PDV ITZ 01;64b189367d43efb6c852a724;659057a8395f2736400d9dbd;CONSUMIDOR NÃO IDENTIFICADO;659057a8395f2736400d9dbd;;;ITZ DELIVERY B2B;f14926f9-423a-4604-96a8-26f62e85d81d;Receitas PDV;Cartão de Débito;5b648d993498afae6d5c361b;0;0;;;2026-10-01T12:35:44.441-03:00;0001-01-01T00:00:00-02:00;0001-01-01T00:00:00-02:00;False;0.0;False;;False;0.0;Gerado automaticamente através do modulo PDV;0.0;;23.98;True;True;;;;;;;;;;;"[{""Id"": 1, ""Nome"": ""Grupo de Produtos Padrão - 01""}]";"[{""Codigo"": ""0213"", ""Unidade"": ""UN"", ""Descricao"": ""0213 - SUCO DE TAMARINDO 1L - COM AÇUCAR"", ""Quantidade"": 1.0, ""ValorUnitario"": 9.99, ""ValorFrete"": 0.0, ""DescontoUnitario"": 0.0, ""ValorTotal"": 9.99, ""PesoKG"": 0.0, ""Comprimento"": 0.0, ""Altura"": 0.0, ""Largura"": 0.0, ""FreteGratis"": false, ""ValorUnitarioFrete"": 1.0, ""PrazoEntregaFrete"": 0, ""ComissaoVendedor"": 0.0, ""Seguro"": 0.0, ""Composicoes"": [], ""Atributos"": null, ""ProductGroupId"": 1, ""Categoria"": ""COM AÇUCAR"", ""CategoriaID"": ""6344371e5b452fbeceeea9ec""}, {""Codigo"": ""0211"", ""Unidade"": ""UN"", ""Descricao"": ""0211 - SUCO DE MARACUJA 1L - COM AÇUCAR"", ""Quantidade"": 1.0, ""ValorUnitario"": 13.99, ""ValorFrete"": 0.0, ""DescontoUnitario"": 0.0, ""ValorTotal"": 13.99, ""PesoKG"": 0.0, ""Comprimento"": 0.0, ""Altura"": 0.0, ""Largura"": 0.0, ""FreteGratis"": false, ""ValorUnitarioFrete"": 1.0, ""PrazoEntregaFrete"": 0, ""ComissaoVendedor"": 0.0, ""Seguro"": 0.0, ""Composicoes"": [], ""Atributos"": null, ""ProductGroupId"": 1, ""Categoria"": ""COM AÇUCAR"", ""CategoriaID"": ""6344371e5b452fbeceeea9ec""}]";;2026-10-01T12:35:44.441-03:00;"[{""FormaPagamento"": ""Cartão de Débito"", ""DescricaoPagamento"": ""Pagamento recebido em Cartão de Débito"", ""ValorPagamento"": 23.98, ""BandeiraCartao"": ""01"", ""NumeroTerminal"": null, ""DataTransacao"": ""2026-10-01T03:00:00Z"", ""CredenciadoraCartao"": ""STONE INSTITUICAO DE PAGAMENTO S.A"", ""CredenciadoraCNPJ"": ""16501555000157"", ""CV_NSU"": null, ""TipoIntegracao"": ""2"", ""CondicaoPagamento"": 0, ""Parcelas"": 1, ""PeriodoParcelas"": 30, ""Adiantamento"": 0.0, ""Quitar"": null}]";;0.0;57743;2026-10-01T12:35:45.74-03:00;21261041746969000193650010000577431400390925;https://app.sigecloud.com.br/danfenfce/28f81638-c595-4134-9287-9e27aa0e4112/6abe7dd1a93bcdf35ae0dd64?downloadpdf&printsize=80mm;http://nfce.sefaz.ma.gov.br/portal/consultarNFCe.jsp?p=21261041746969000193650010000577431400390925|2|1|1|CD00FE109ED5C567A0D22431E1500C63D884078F;;;0001-01-01T00:00:00-02:00;GRUPO_ITZ;GRUPO_ITZ_PDV ITZ 01_6abe7dd0a93bcdf35ae0dd39
6abe7dee31195d99ead9e6fa;;99705228;PDV;64c94d6ff17f936e4a6f1aea;TABELA B ITZ;64ef3f6a625d54b7a24c22af;PDV ITZ 01;Pedido Faturado;;Consumidor Final;2026-10-01T12:36:14.685-03:00;PDV ITZ 01;64b189367d43efb6c852a724;659057a8395f2736400d9dbd;CONSUMIDOR NÃO IDENTIFICADO;659057a8395f2736400d9dbd;;;ITZ DELIVERY B2B;f14926f9-423a-4604-96a8-26f62e85d81d;Receitas PDV;Cartão de Débito;5b648d993498afae6d5c361b;0;0;;;2026-10-01T12:36:14.731-03:00;0001-01-01T00:00:00-02:00;0001-01-01T00:00:00-02:00;False;0.0;False;;False;0.0;Gerado automaticamente através do modulo PDV;0.0;;24.98;True;True;;;;;;;;;;;"[{""Id"": 1, ""Nome"": ""Grupo de Produtos Padrão - 01""}]";"[{""Codigo"": ""0211"", ""Unidade"": ""UN"", ""Descricao"": ""0211 - SUCO DE MARACUJA 1L - COM AÇUCAR"", ""Quantidade"": 1.0, ""ValorUnitario"": 13.99, ""ValorFrete"": 0.0, ""DescontoUnitario"": 0.0, ""ValorTotal"": 13.99, ""PesoKG"": 0.0, ""Comprimento"": 0.0, ""Altura"": 0.0, ""Largura"": 0.0, ""FreteGratis"": false, ""ValorUnitarioFrete"": 1.0, ""PrazoEntregaFrete"": 0, ""ComissaoVendedor"": 0.0, ""Seguro"": 0.0, ""Composicoes"": [], ""Atributos"": null, ""ProductGroupId"": 1, ""Categoria"": ""COM AÇUCAR"", ""CategoriaID"": ""6344371e5b452fbeceeea9ec""}, {""Codigo"": ""0207"", ""Unidade"": ""UN"", ""Descricao"": ""0207 - SUCO DE GOIABA 1L - COM AÇUCAR"", ""Quantidade"": 1.0, ""ValorUnitario"": 10.99, ""ValorFrete"": 0.0, ""DescontoUnitario"": 0.0, ""ValorTotal"": 10.99, ""PesoKG"": 0.0, ""Comprimento"": 0.0, ""Altura"": 0.0, ""Largura"": 0.0, ""FreteGratis"": false, ""ValorUnitarioFrete"": 1.0, ""PrazoEntregaFrete"": 0, ""ComissaoVendedor"": 0.0, ""Seguro"": 0.0, ""Composicoes"": [], ""Atributos"": null, ""ProductGroupId"": 1, ""Categoria"": ""COM AÇUCAR"", ""CategoriaID"": ""6344371e5b452fbeceeea9ec""}]";;2026-10-01T12:36:14.731-03:00;"[{""FormaPagamento"": ""Cartão de Débito"", ""DescricaoPagamento"": ""Pagamento recebido em Cartão de Débito"", ""ValorPagamento"": 24.98, ""BandeiraCartao"": ""01"", ""NumeroTerminal"": null, ""DataTransacao"": ""2026-10-01T03:00:00Z"", ""CredenciadoraCartao"": ""STONE INSTITUICAO DE PAGAMENTO S.A"", ""CredenciadoraCNPJ"": ""16501555000157"", ""CV_NSU"": null, ""TipoIntegracao"": ""2"", ""CondicaoPagamento"": 0, ""Parcelas"": 1, ""PeriodoParcelas"": 30, ""Adiantamento"": 0.0, ""Quitar"": null}]";;0.0;57744;2026-10-01T12:36:15.593-03:00;21261041746969000193650010000577441555401960;https://app.sigecloud.com.br/danfenfce/28f81638-c595-4134-9287-9e27aa0e4112/6abe7def31195d99ead9e712?downloadpdf&printsize=80mm;http://nfce.sefaz.ma.gov.br/portal/consultarNFCe.jsp?p=21261041746969000193650010000577441555401960|2|1|1|91AA7F5F22FC26DCED954CA5D9862C7E234280AA;;;0001-01-01T00:00:00-02:00;GRUPO_ITZ;GRUPO_ITZ_PDV ITZ 01_6abe7dee31195d99ead9e6fa
6abe7e35aa0b5eef7cda322e;;99705231;PDV;64c94d6ff17f936e4a6f1aea;TABELA B ITZ;64ef3f6a625d54b7a24c22af;PDV ITZ 01;Pedido Faturado;;Consumidor Final;2026-10-01T12:37:25.305-03:00;PDV ITZ 01;64b189367d43efb6c852a724;659057a8395f2736400d9dbd;CONSUMIDOR NÃO IDENTIFICADO;659057a8395f2736400d9dbd;;;ITZ DELIVERY B2B;f14926f9-423a-4604-96a8-26f62e85d81d;Receitas PDV;Cartão de Débito;5b648d993498afae6d5c361b;0;0;;;2026-10-01T12:37:25.352-03:00;0001-01-01T00:00:00-02:00;0001-01-01T00:00:00-02:00;False;0.0;False;;False;0.0;Gerado automaticamente através do modulo PDV;0.0;;17.99;True;True;;;;;;;;;;;"[{""Id"": 1, ""Nome"": ""Grupo de Produtos Padrão - 01""}]";"[{""Codigo"": ""0226"", ""Unidade"": ""UN"", ""Descricao"": ""0226 - SUCO DE TAMARINDO 2L - COM AÇUCAR"", ""Quantidade"": 1.0, ""ValorUnitario"": 17.99, ""ValorFrete"": 0.0, ""DescontoUnitario"": 0.0, ""ValorTotal"": 17.99, ""PesoKG"": 0.0, ""Comprimento"": 0.0, ""Altura"": 0.0, ""Largura"": 0.0, ""FreteGratis"": false, ""ValorUnitarioFrete"": 1.0, ""PrazoEntregaFrete"": 0, ""ComissaoVendedor"": 0.0, ""Seguro"": 0.0, ""Composicoes"": [], ""Atributos"": null, ""ProductGroupId"": 1, ""Categoria"": ""COM AÇUCAR"", ""CategoriaID"": ""6344371e5b452fbeceeea9ec""}]";;2026-10-01T12:37:25.352-03:00;"[{""FormaPagamento"": ""Cartão de Débito"", ""DescricaoPagamento"": ""Pagamento recebido em Cartão de Débito"", ""ValorPagamento"": 17.99, ""BandeiraCartao"": ""01"", ""NumeroTerminal"": null, ""DataTransacao"": ""2026-10-01T03:00:00Z"", ""CredenciadoraCartao"": ""STONE INSTITUICAO DE PAGAMENTO S.A"", ""CredenciadoraCNPJ"": ""16501555000157"", ""CV_NSU"": null, ""TipoIntegracao"": ""2"", ""CondicaoPagamento"": 0, ""Parcelas"": 1, ""PeriodoParcelas"": 30, ""Adiantamento"": 0.0, ""Quitar"": null}]";;0.0;57745;2026-10-01T12:37:25.994-03:00;21261041746969000193650010000577451413423740;https://app.sigecloud.com.br/danfenfce/28f81638-c595-4134-9287-9e27aa0e4112/6abe7e3631195d99ead9edeb?downloadpdf&printsize=80mm;http://nfce.sefaz.ma.gov.br/portal/consultarNFCe.jsp?p=21261041746969000193650010000577451413423740|2|1|1|668938AF1C5961FEBDD3162F3056D65C4A81007A;;;0001-01-01T00:00:00-02:00;GRUPO_ITZ;GRUPO_ITZ_PDV ITZ 01_6abe7e35aa0b5eef7cda322e
6abe7e539c74cd6eecf3d6d0;;99705232;PDV;64c94d6ff17f936e4a6f1aea;TABELA B ITZ;64ef3f6a625d54b7a24c22af;PDV ITZ 01;Pedido Faturado;;Consumidor Final;2026-10-01T12:37:55.032-03:00;PDV ITZ 01;64b189367d43efb6c852a724;659057a8395f2736400d9dbd;CONSUMIDOR NÃO IDENTIFICADO;659057a8395f2736400d9dbd;;;ITZ DELIVERY B2B;f14926f9-423a-4604-96a8-26f62e85d81d;Receitas PDV;PIX;635ae864cd43d34b928b24c4;0;0;;;2026-10-01T12:37:55.11-03:00;0001-01-01T00:00:00-02:00;0001-01-01T00:00:00-02:00;False;0.0;False;;False;0.0;Gerado automaticamente através do modulo PDV;0.0;;78.97;True;True;;;;;;;;;;;"[{""Id"": 1, ""Nome"": ""Grupo de Produtos Padrão - 01""}]";"[{""Codigo"": ""0218"", ""Unidade"": ""UN"", ""Descricao"": ""0218 - SUCO DE CAJA 2L - COM AÇUCAR"", ""Quantidade"": 1.0, ""ValorUnitario"": 23.99, ""ValorFrete"": 0.0, ""DescontoUnitario"": 0.0, ""ValorTotal"": 23.99, ""PesoKG"": 0.0, ""Comprimento"": 0.0, ""Altura"": 0.0, ""Largura"": 0.0, ""FreteGratis"": false, ""ValorUnitarioFrete"": 1.0, ""PrazoEntregaFrete"": 0, ""ComissaoVendedor"": 0.0, ""Seguro"": 0.0, ""Composicoes"": [], ""Atributos"": null, ""ProductGroupId"": 1, ""Categoria"": ""COM AÇUCAR"", ""CategoriaID"": ""6344371e5b452fbeceeea9ec""}, {""Codigo"": ""0225"", ""Unidade"": ""UN"", ""Descricao"": ""0225 - SUCO DE MARACUJA 2L - COM AÇUCAR"", ""Quantidade"": 1.0, ""ValorUnitario"": 24.99, ""ValorFrete"": 0.0, ""DescontoUnitario"": 0.0, ""ValorTotal"": 24.99, ""PesoKG"": 0.0, ""Comprimento"": 0.0, ""Altura"": 0.0, ""Largura"": 0.0, ""FreteGratis"": false, ""ValorUnitarioFrete"": 1.0, ""PrazoEntregaFrete"": 0, ""ComissaoVendedor"": 0.0, ""Seguro"": 0.0, ""Composicoes"": [], ""Atributos"": null, ""ProductGroupId"": 1, ""Categoria"": ""COM AÇUCAR"", ""CategoriaID"": ""6344371e5b452fbeceeea9ec""}, {""Codigo"": ""0224"", ""Unidade"": ""UN"", ""Descricao"": ""0224 - SUCO DE LARANJA 2L - COM AÇUCAR"", ""Quantidade"": 1.0, ""ValorUnitario"": 29.99, ""ValorFrete"": 0.0, ""DescontoUnitario"": 0.0, ""ValorTotal"": 29.99, ""PesoKG"": 0.0, ""Comprimento"": 0.0, ""Altura"": 0.0, ""Largura"": 0.0, ""FreteGratis"": false, ""ValorUnitarioFrete"": 1.0, ""PrazoEntregaFrete"": 0, ""ComissaoVendedor"": 0.0, ""Seguro"": 0.0, ""Composicoes"": [], ""Atributos"": null, ""ProductGroupId"": 1, ""Categoria"": ""COM AÇUCAR"", ""CategoriaID"": ""6344371e5b452fbeceeea9ec""}]";;2026-10-01T12:37:55.11-03:00;"[{""FormaPagamento"": ""PIX"", ""DescricaoPagamento"": ""Pagamento recebido em PIX"", ""ValorPagamento"": 78.97, ""BandeiraCartao"": """", ""NumeroTerminal"": null, ""DataTransacao"": ""2026-10-01T03:00:00Z"", ""CredenciadoraCartao"": null, ""CredenciadoraCNPJ"": null, ""CV_NSU"": null, ""TipoIntegracao"": null, ""CondicaoPagamento"": 0, ""Parcelas"": 1, ""PeriodoParcelas"": 30, ""Adiantamento"": 0.0, ""Quitar"": null}]";;0.0;57746;2026-10-01T12:37:56.474-03:00;21261041746969000193650010000577461355209017;https://app.sigecloud.com.br/danfenfce/28f81638-c595-4134-9287-9e27aa0e4112/6abe7e54aa0b5eef7cda355a?downloadpdf&printsize=80mm;http://nfce.sefaz.ma.gov.br/portal/consultarNFCe.jsp?p=21261041746969000193650010000577461355209017|2|1|1|1F97669A17CED6BCD76113E20405E073329CC671;;;0001-01-01T00:00:00-02:00;GRUPO_ITZ;GRUPO_ITZ_PDV ITZ 01_6abe7e539c74cd6eecf3d6d0
6abe7e81a93bcdf35ae0ed11;;99705234;PDV;64c94d6ff17f936e4a6f1aea;TABELA A ITZ;64bad39f311af33615d05794;PDV ITZ 01;Pedido Faturado;;Consumidor Final;2026-10-01T12:38:41.139-03:00;PDV ITZ 01;64b189367d43efb6c852a724;6865607e685065014cba6787;BIG LANCHES;6865607e685065014cba6787;41351070000171;;ITZ DELIVERY B2B;f14926f9-423a-4604-96a8-26f62e85d81d;Receitas PDV;Cartão de Débito;5b648d993498afae6d5c361b;0;0;;;2026-10-01T12:38:41.202-03:00;0001-01-01T00:00:00-02:00;0001-01-01T00:00:00-02:00;False;0.0;False;;False;0.0;Gerado automaticamente através do modulo PDV;0.0;;60.0;True;True;Imperatriz;2105302;Brasil;65916073;MA;21;BACURI;RUA SIMPLICIO MOREIRA;3383;CASA;"[{""Id"": 1, ""Nome"": ""Grupo de Produtos Padrão - 01""}]";"[{""Codigo"": ""0251"", ""Unidade"": ""UN"", ""Descricao"": ""0251 - SUCO DE LARANJA 5L - COM AÇUCAR"", ""Quantidade"": 1.0, ""ValorUnitario"": 60.0, ""ValorFrete"": 0.0, ""DescontoUnitario"": 0.0, ""ValorTotal"": 60.0, ""PesoKG"": 0.0, ""Comprimento"": 0.0, ""Altura"": 0.0, ""Largura"": 0.0, ""FreteGratis"": false, ""ValorUnitarioFrete"": 1.0, ""PrazoEntregaFrete"": 0, ""ComissaoVendedor"": 0.0, ""Seguro"": 0.0, ""Composicoes"": [], ""Atributos"": null, ""ProductGroupId"": 1, ""Categoria"": ""COM AÇUCAR"", ""CategoriaID"": ""6344371e5b452fbeceeea9ec""}]";;2026-10-01T12:38:41.202-03:00;"[{""FormaPagamento"": ""Cartão de Débito"", ""DescricaoPagamento"": ""Pagamento recebido em Cartão de Débito"", ""ValorPagamento"": 60.0, ""BandeiraCartao"": ""01"", ""NumeroTerminal"": null, ""DataTransacao"": ""2026-10-01T03:00:00Z"", ""CredenciadoraCartao"": ""STONE INSTITUICAO DE PAGAMENTO S.A"", ""CredenciadoraCNPJ"": ""16501555000157"", ""CV_NSU"": null, ""TipoIntegracao"": ""2"", ""CondicaoPagamento"": 0, ""Parcelas"": 1, ""PeriodoParcelas"": 30, ""Adiantamento"": 0.0, ""Quitar"": null}]";;0.0;57747;2026-10-01T12:38:41.937-03:00;21261041746969000193650010000577471441455125;https://app.sigecloud.com.br/danfenfce/28f81638-c595-4134-9287-9e27aa0e4112/6abe7e829c74cd6eecf3e981?downloadpdf&printsize=80mm;http://nfce.sefaz.ma.gov.br/portal/consultarNFCe.jsp?p=21261041746969000193650010000577471441455125|2|1|1|03742D095A5D27BDF128653E4FE92EE794FA6FFC;;;0001-01-01T00:00:00-02:00;GRUPO_ITZ;GRUPO_ITZ_PDV ITZ 01_6abe7e81a93bcdf35ae0ed11
6abe800c9c74cd6eecf407e4;;99705241;PDV;64c94d6ff17f936e4a6f1aea;TAB_CLUBE_VANTAG_ITZ;68fea7d7f52c56d996933227;PDV ITZ 01;Pedido Faturado;;Consumidor Final;2026-10-01T12:45:16.168-03:00;PDV ITZ 01;64b189367d43efb6c852a724;659057a8395f2736400d9dbd;CONSUMIDOR NÃO IDENTIFICADO;659057a8395f2736400d9dbd;;;ITZ DELIVERY B2B;f14926f9-423a-4604-96a8-26f62e85d81d;Receitas PDV;PIX;635ae864cd43d34b928b24c4;0;0;;;2026-10-01T12:45:16.231-03:00;0001-01-01T00:00:00-02:00;0001-01-01T00:00:00-02:00;False;0.0;False;;False;0.0;Gerado automaticamente através do modulo PDV;0.0;;130.95;True;True;;;;;;;;;;;"[{""Id"": 1, ""Nome"": ""Grupo de Produtos Padrão - 01""}]";"[{""Codigo"": ""0216"", ""Unidade"": ""UN"", ""Descricao"": ""0216 - SUCO DE ACEROLA 2L - COM AÇUCAR"", ""Quantidade"": 2.0, ""ValorUnitario"": 21.99, ""ValorFrete"": 0.0, ""DescontoUnitario"": 0.6509039999999999, ""ValorTotal"": 42.68, ""PesoKG"": 0.0, ""Comprimento"": 0.0, ""Altura"": 0.0, ""Largura"": 0.0, ""FreteGratis"": false, ""ValorUnitarioFrete"": 1.0, ""PrazoEntregaFrete"": 0, ""ComissaoVendedor"": 0.0, ""Seguro"": 0.0, ""Composicoes"": [], ""Atributos"": null, ""ProductGroupId"": 1, ""Categoria"": ""COM AÇUCAR"", ""CategoriaID"": ""6344371e5b452fbeceeea9ec""}, {""Codigo"": ""0222"", ""Unidade"": ""UN"", ""Descricao"": ""0222 - SUCO DE GOIABA 2L - COM AÇUCAR"", ""Quantidade"": 1.0, ""ValorUnitario"": 18.99, ""ValorFrete"": 0.0, ""DescontoUnitario"": 0.5621039999999999, ""ValorTotal"": 18.43, ""PesoKG"": 0.0, ""Comprimento"": 0.0, ""Altura"": 0.0, ""Largura"": 0.0, ""FreteGratis"": false, ""ValorUnitarioFrete"": 1.0, ""PrazoEntregaFrete"": 0, ""ComissaoVendedor"": 0.0, ""Seguro"": 0.0, ""Composicoes"": [], ""Atributos"": null, ""ProductGroupId"": 1, ""Categoria"": ""COM AÇUCAR"", ""CategoriaID"": ""6344371e5b452fbeceeea9ec""}, {""Codigo"": ""0225"", ""Unidade"": ""UN"", ""Descricao"": ""0225 - SUCO DE MARACUJA 2L - COM AÇUCAR"", ""Quantidade"": 3.0, ""ValorUnitario"": 23.99, ""ValorFrete"": 0.0, ""DescontoUnitario"": 0.710104, ""ValorTotal"": 69.84, ""PesoKG"": 0.0, ""Comprimento"": 0.0, ""Altura"": 0.0, ""Largura"": 0.0, ""FreteGratis"": false, ""ValorUnitarioFrete"": 1.0, ""PrazoEntregaFrete"": 0, ""ComissaoVendedor"": 0.0, ""Seguro"": 0.0, ""Composicoes"": [], ""Atributos"": null, ""ProductGroupId"": 1, ""Categoria"": ""COM AÇUCAR"", ""CategoriaID"": ""6344371e5b452fbeceeea9ec""}]";;2026-10-01T12:45:16.231-03:00;"[{""FormaPagamento"": ""PIX"", ""DescricaoPagamento"": ""Pagamento recebido em PIX"", ""ValorPagamento"": 130.95, ""BandeiraCartao"": """", ""NumeroTerminal"": null, ""DataTransacao"": ""2026-10-01T03:00:00Z"", ""CredenciadoraCartao"": null, ""CredenciadoraCNPJ"": null, ""CV_NSU"": null, ""TipoIntegracao"": null, ""CondicaoPagamento"": 0, ""Parcelas"": 1, ""PeriodoParcelas"": 30, ""Adiantamento"": 0.0, ""Quitar"": null}]";;0.0;57748;2026-10-01T12:45:17.859-03:00;21261041746969000193650010000577481406817498;https://app.sigecloud.com.br/danfenfce/28f81638-c595-4134-9287-9e27aa0e4112/6abe800e9c74cd6eecf40864?downloadpdf&printsize=80mm;http://nfce.sefaz.ma.gov.br/portal/consultarNFCe.jsp?p=21261041746969000193650010000577481406817498|2|1|1|58D5F61CC1CB00FF819E3D07C652C5BC291AC9C4;;;0001-01-01T00:00:00-02:00;GRUPO_ITZ;GRUPO_ITZ_PDV ITZ 01_6abe800c9c74cd6eecf407e4
6abe8043aa0b5eef7cda5c27;;99705242;PDV;64c94d6ff17f936e4a6f1aea;TAB_CLUBE_VANTAG_ITZ;68fea7d7f52c56d996933227;PDV ITZ 01;Pedido Faturado;;Consumidor Final;2026-10-01T12:46:11.037-03:00;PDV ITZ 01;64b189367d43efb6c852a724;659057a8395f2736400d9dbd;CONSUMIDOR NÃO IDENTIFICADO;659057a8395f2736400d9dbd;;;ITZ DELIVERY B2B;f14926f9-423a-4604-96a8-26f62e85d81d;Receitas PDV;Dinheiro;5b648d1c3498afae6d5bfd89;0;0;;;2026-10-01T12:46:11.099-03:00;0001-01-01T00:00:00-02:00;0001-01-01T00:00:00-02:00;False;0.0;False;;False;0.0;Gerado automaticamente através do modulo PDV;0.0;;12.99;True;True;;;;;;;;;;;"[{""Id"": 1, ""Nome"": ""Grupo de Produtos Padrão - 01""}]";"[{""Codigo"": ""0211"", ""Unidade"": ""UN"", ""Descricao"": ""0211 - SUCO DE MARACUJA 1L - COM AÇUCAR"", ""Quantidade"": 1.0, ""ValorUnitario"": 12.99, ""ValorFrete"": 0.0, ""DescontoUnitario"": 0.0, ""ValorTotal"": 12.99, ""PesoKG"": 0.0, ""Comprimento"": 0.0, ""Altura"": 0.0, ""Largura"": 0.0, ""FreteGratis"": false, ""ValorUnitarioFrete"": 1.0, ""PrazoEntregaFrete"": 0, ""ComissaoVendedor"": 0.0, ""Seguro"": 0.0, ""Composicoes"": [], ""Atributos"": null, ""ProductGroupId"": 1, ""Categoria"": ""COM AÇUCAR"", ""CategoriaID"": ""6344371e5b452fbeceeea9ec""}]";;2026-10-01T12:46:11.099-03:00;"[{""FormaPagamento"": ""Dinheiro"", ""DescricaoPagamento"": ""Pagamento recebido em Dinheiro"", ""ValorPagamento"": 12.99, ""BandeiraCartao"": """", ""NumeroTerminal"": null, ""DataTransacao"": ""2026-10-01T03:00:00Z"", ""CredenciadoraCartao"": null, ""CredenciadoraCNPJ"": null, ""CV_NSU"": null, ""TipoIntegracao"": null, ""CondicaoPagamento"": 0, ""Parcelas"": 1, ""PeriodoParcelas"": 30, ""Adiantamento"": 0.0, ""Quitar"": null}]";;0.0;;2026-10-01T12:46:11.85-03:00;;;;;;0001-01-01T00:00:00-02:00;GRUPO_ITZ;GRUPO_ITZ_PDV ITZ 01_6abe8043aa0b5eef7cda5c27
6abe80acb36b21c5cbffcdb5;;99705245;PDV;64c94d6ff17f936e4a6f1aea;TABELA B ITZ;64ef3f6a625d54b7a24c22af;PDV ITZ 01;Pedido Faturado;;Consumidor Final;2026-10-01T12:47:56.48-03:00;PDV ITZ 01;64b189367d43efb6c852a724;659057a8395f2736400d9dbd;CONSUMIDOR NÃO IDENTIFICADO;659057a8395f2736400d9dbd;;;ITZ DELIVERY B2B;f14926f9-423a-4604-96a8-26f62e85d81d;Receitas PDV;PIX;635ae864cd43d34b928b24c4;0;0;;;2026-10-01T12:47:56.527-03:00;0001-01-01T00:00:00-02:00;0001-01-01T00:00:00-02:00;False;0.0;False;;False;0.0;Gerado automaticamente através do modulo PDV;0.0;;29.99;True;True;;;;;;;;;;;"[{""Id"": 1, ""Nome"": ""Grupo de Produtos Padrão - 01""}]";"[{""Codigo"": ""0324"", ""Unidade"": ""UN"", ""Descricao"": ""0324 - SUCO DE LARANJA 2L - SEM AÇUCAR"", ""Quantidade"": 1.0, ""ValorUnitario"": 29.99, ""ValorFrete"": 0.0, ""DescontoUnitario"": 0.0, ""ValorTotal"": 29.99, ""PesoKG"": 0.0, ""Comprimento"": 0.0, ""Altura"": 0.0, ""Largura"": 0.0, ""FreteGratis"": false, ""ValorUnitarioFrete"": 1.0, ""PrazoEntregaFrete"": 0, ""ComissaoVendedor"": 0.0, ""Seguro"": 0.0, ""Composicoes"": [], ""Atributos"": null, ""ProductGroupId"": 1, ""Categoria"": ""SEM AÇUCAR"", ""CategoriaID"": ""6525b5fade6325a32c55386b""}]";;2026-10-01T12:47:56.527-03:00;"[{""FormaPagamento"": ""PIX"", ""DescricaoPagamento"": ""Pagamento recebido em PIX"", ""ValorPagamento"": 29.99, ""BandeiraCartao"": """", ""NumeroTerminal"": null, ""DataTransacao"": ""2026-10-01T03:00:00Z"", ""CredenciadoraCartao"": null, ""CredenciadoraCNPJ"": null, ""CV_NSU"": null, ""TipoIntegracao"": null, ""CondicaoPagamento"": 0, ""Parcelas"": 1, ""PeriodoParcelas"": 30, ""Adiantamento"": 0.0, ""Quitar"": null}]";;0.0;57749;2026-10-01T12:47:57.2-03:00;21261041746969000193650010000577491802154340;https://app.sigecloud.com.br/danfenfce/28f81638-c595-4134-9287-9e27aa0e4112/6abe80ad9c74cd6eecf4178f?downloadpdf&printsize=80mm;http://nfce.sefaz.ma.gov.br/portal/consultarNFCe.jsp?p=21261041746969000193650010000577491802154340|2|1|1|D8F0A72BD342AFB910705DF3A275D4B091769FEF;;;0001-01-01T00:00:00-02:00;GRUPO_ITZ;GRUPO_ITZ_PDV ITZ 01_6abe80acb36b21c5cbffcdb5
6abe82769c74cd6eecf43e07;;99705255;PDV;64c94d6ff17f936e4a6f1aea;TABELA B ITZ;64ef3f6a625d54b7a24c22af;PDV ITZ 01;Pedido Faturado;;Consumidor Final;2026-10-01T12:55:34.749-03:00;PDV ITZ 01;64b189367d43efb6c852a724;659057a8395f2736400d9dbd;CONSUMIDOR NÃO IDENTIFICADO;659057a8395f2736400d9dbd;;;ITZ DELIVERY B2B;f14926f9-423a-4604-96a8-26f62e85d81d;Receitas PDV;Cartão de Débito;5b648d993498afae6d5c361b;0;0;;;2026-10-01T12:55:34.812-03:00;0001-01-01T00:00:00-02:00;0001-01-01T00:00:00-02:00;False;0.0;False;;False;0.0;Gerado automaticamente através do modulo PDV;0.0;;39.99;True;True;;;;;;;;;;;"[{""Id"": 1, ""Nome"": ""Grupo de Produtos Padrão - 01""}]";"[{""Codigo"": ""0211"", ""Unidade"": ""UN"", ""Descricao"": ""0211 - SUCO DE MARACUJA 1L - COM AÇUCAR"", ""Quantidade"": 1.0, ""ValorUnitario"": 12.721, ""ValorFrete"": 0.0, ""DescontoUnitario"": 0.0, ""ValorTotal"": 12.72, ""PesoKG"": 0.0, ""Comprimento"": 0.0, ""Altura"": 0.0, ""Largura"": 0.0, ""FreteGratis"": false, ""ValorUnitarioFrete"": 1.0, ""PrazoEntregaFrete"": 0, ""ComissaoVendedor"": 0.0, ""Seguro"": 0.0, ""Composicoes"": [], ""Atributos"": null, ""ProductGroupId"": 1, ""Categoria"": ""COM AÇUCAR"", ""CategoriaID"": ""6344371e5b452fbeceeea9ec""}, {""Codigo"": ""0224"", ""Unidade"": ""UN"", ""Descricao"": ""0224 - SUCO DE LARANJA 2L - COM AÇUCAR"", ""Quantidade"": 1.0, ""ValorUnitario"": 27.269, ""ValorFrete"": 0.0, ""DescontoUnitario"": 0.0, ""ValorTotal"": 27.27, ""PesoKG"": 0.0, ""Comprimento"": 0.0, ""Altura"": 0.0, ""Largura"": 0.0, ""FreteGratis"": false, ""ValorUnitarioFrete"": 1.0, ""PrazoEntregaFrete"": 0, ""ComissaoVendedor"": 0.0, ""Seguro"": 0.0, ""Composicoes"": [], ""Atributos"": null, ""ProductGroupId"": 1, ""Categoria"": ""COM AÇUCAR"", ""CategoriaID"": ""6344371e5b452fbeceeea9ec""}]";;2026-10-01T12:55:34.812-03:00;"[{""FormaPagamento"": ""Cartão de Débito"", ""DescricaoPagamento"": ""Pagamento recebido em Cartão de Débito"", ""ValorPagamento"": 39.99, ""BandeiraCartao"": ""01"", ""NumeroTerminal"": null, ""DataTransacao"": ""2026-10-01T03:00:00Z"", ""CredenciadoraCartao"": ""STONE INSTITUICAO DE PAGAMENTO S.A"", ""CredenciadoraCNPJ"": ""16501555000157"", ""CV_NSU"": null, ""TipoIntegracao"": ""2"", ""CondicaoPagamento"": 0, ""Parcelas"": 1, ""PeriodoParcelas"": 30, ""Adiantamento"": 0.0, ""Quitar"": null}]";;0.0;57750;2026-10-01T12:55:36.298-03:00;21261041746969000193650010000577501415985142;https://app.sigecloud.com.br/danfenfce/28f81638-c595-4134-9287-9e27aa0e4112/6abe82789c74cd6eecf43e5a?downloadpdf&printsize=80mm;http://nfce.sefaz.ma.gov.br/portal/consultarNFCe.jsp?p=21261041746969000193650010000577501415985142|2|1|1|BB783715C9789A555B271C6541DF06F33AF0AB12;;;0001-01-01T00:00:00-02:00;GRUPO_ITZ;GRUPO_ITZ_PDV ITZ 01_6abe82769c74cd6eecf43e07
6abe83b69c74cd6eecf459e7;;99705262;PDV;64c94d6ff17f936e4a6f1aea;TABELA B ITZ;64ef3f6a625d54b7a24c22af;PDV ITZ 01;Pedido Faturado;;Consumidor Final;2026-10-01T13:00:54.073-03:00;PDV ITZ 01;64b189367d43efb6c852a724;659057a8395f2736400d9dbd;CONSUMIDOR NÃO IDENTIFICADO;659057a8395f2736400d9dbd;;;ATENDIMENTO01 ITZ;714bbddc-76c1-4b2e-be63-1742aeaacc05;Receitas PDV;PIX;635ae864cd43d34b928b24c4;0;0;;;2026-10-01T13:00:54.136-03:00;0001-01-01T00:00:00-02:00;0001-01-01T00:00:00-02:00;False;0.0;False;;False;0.0;Gerado automaticamente através do modulo PDV;0.0;;23.99;True;True;;;;;;;;;;;"[{""Id"": 1, ""Nome"": ""Grupo de Produtos Padrão - 01""}]";"[{""Codigo"": ""0218"", ""Unidade"": ""UN"", ""Descricao"": ""0218 - SUCO DE CAJA 2L - COM AÇUCAR"", ""Quantidade"": 1.0, ""ValorUnitario"": 23.99, ""ValorFrete"": 0.0, ""DescontoUnitario"": 0.0, ""ValorTotal"": 23.99, ""PesoKG"": 0.0, ""Comprimento"": 0.0, ""Altura"": 0.0, ""Largura"": 0.0, ""FreteGratis"": false, ""ValorUnitarioFrete"": 1.0, ""PrazoEntregaFrete"": 0, ""ComissaoVendedor"": 0.0, ""Seguro"": 0.0, ""Composicoes"": [], ""Atributos"": null, ""ProductGroupId"": 1, ""Categoria"": ""COM AÇUCAR"", ""CategoriaID"": ""6344371e5b452fbeceeea9ec""}]";;2026-10-01T13:00:54.136-03:00;"[{""FormaPagamento"": ""PIX"", ""DescricaoPagamento"": ""Pagamento recebido em PIX"", ""ValorPagamento"": 23.99, ""BandeiraCartao"": """", ""NumeroTerminal"": null, ""DataTransacao"": ""2026-10-01T03:00:00Z"", ""CredenciadoraCartao"": null, ""CredenciadoraCNPJ"": null, ""CV_NSU"": null, ""TipoIntegracao"": null, ""CondicaoPagamento"": 0, ""Parcelas"": 1, ""PeriodoParcelas"": 30, ""Adiantamento"": 0.0, ""Quitar"": null}]";;0.0;57751;2026-10-01T13:00:54.949-03:00;21261041746969000193650010000577511330841810;https://app.sigecloud.com.br/danfenfce/28f81638-c595-4134-9287-9e27aa0e4112/6abe83b7f408cfa759bef246?downloadpdf&printsize=80mm;http://nfce.sefaz.ma.gov.br/portal/consultarNFCe.jsp?p=21261041746969000193650010000577511330841810|2|1|1|AD5272E305584DE0F55EEE8A11E1FF5F4456165B;;;0001-01-01T00:00:00-02:00;GRUPO_ITZ;GRUPO_ITZ_PDV ITZ 01_6abe83b69c74cd6eecf459e7
6abe438dc549bbd389d57d7f;;99704999;PDV;64c94dd81e4b247fa20e0d65;TABELA B ITZ;64ef3f6a625d54b7a24c22af;PDV ITZ 02;Pedido Faturado;;Consumidor Final;2026-10-01T08:27:09.735-03:00;PDV ITZ 02;6566292f794a8ac8094d0928;659057a8395f2736400d9dbd;CONSUMIDOR NÃO IDENTIFICADO;659057a8395f2736400d9dbd;;;PDV02 ITZ;7b5491d8-dca5-4e4e-a6ca-42852b158e30;Receitas PDV;PIX;635ae864cd43d34b928b24c4;0;0;;;2026-10-01T08:27:09.766-03:00;0001-01-01T00:00:00-02:00;0001-01-01T00:00:00-02:00;False;0.0;False;;False;0.0;Gerado automaticamente através do modulo PDV;0.0;;16.99;True;True;;;;;;;;;;;"[{""Id"": 1, ""Nome"": ""Grupo de Produtos Padrão - 01""}]";"[{""Codigo"": ""0209"", ""Unidade"": ""UN"", ""Descricao"": ""0209 - SUCO DE LARANJA 1L - COM AÇUCAR"", ""Quantidade"": 1.0, ""ValorUnitario"": 16.99, ""ValorFrete"": 0.0, ""DescontoUnitario"": 0.0, ""ValorTotal"": 16.99, ""PesoKG"": 0.0, ""Comprimento"": 0.0, ""Altura"": 0.0, ""Largura"": 0.0, ""FreteGratis"": false, ""ValorUnitarioFrete"": 1.0, ""PrazoEntregaFrete"": 0, ""ComissaoVendedor"": 0.0, ""Seguro"": 0.0, ""Composicoes"": [], ""Atributos"": null, ""ProductGroupId"": 1, ""Categoria"": ""COM AÇUCAR"", ""CategoriaID"": ""6344371e5b452fbeceeea9ec""}]";;2026-10-01T08:27:09.766-03:00;"[{""FormaPagamento"": ""PIX"", ""DescricaoPagamento"": ""Descrição"", ""ValorPagamento"": 16.99, ""BandeiraCartao"": """", ""NumeroTerminal"": null, ""DataTransacao"": ""2026-10-01T03:00:00Z"", ""CredenciadoraCartao"": null, ""CredenciadoraCNPJ"": null, ""CV_NSU"": null, ""TipoIntegracao"": null, ""CondicaoPagamento"": 0, ""Parcelas"": 1, ""PeriodoParcelas"": 30, ""Adiantamento"": 0.0, ""Quitar"": null}]";;0.0;21500;2026-10-01T08:27:10.611-03:00;21261041746969000274651000000215001977971519;https://app.sigecloud.com.br/danfenfce/28f81638-c595-4134-9287-9e27aa0e4112/6abe438e9c74cd6eecee5c9a?downloadpdf&printsize=80mm;http://nfce.sefaz.ma.gov.br/portal/consultarNFCe.jsp?p=21261041746969000274651000000215001977971519|2|1|1|C116448E80C2DF8F753EBE26321F2A8B58BC0635;;;0001-01-01T00:00:00-02:00;GRUPO_ITZ;GRUPO_ITZ_PDV ITZ 02_6abe438dc549bbd389d57d7f
6abe44958a25980045138544;;99705002;PDV;64c94dd81e4b247fa20e0d65;TABELA B ITZ;64ef3f6a625d54b7a24c22af;PDV ITZ 02;Pedido Faturado;;Consumidor Final;2026-10-01T08:31:33.022-03:00;PDV ITZ 02;6566292f794a8ac8094d0928;659057a8395f2736400d9dbd;CONSUMIDOR NÃO IDENTIFICADO;659057a8395f2736400d9dbd;;;PDV02 ITZ;7b5491d8-dca5-4e4e-a6ca-42852b158e30;Receitas PDV;Cartão de Crédito;5b648d983498afae6d5c3601;1;0;;;2026-10-01T08:31:33.069-03:00;0001-01-01T00:00:00-02:00;0001-01-01T00:00:00-02:00;False;0.0;False;;False;0.0;Gerado automaticamente através do modulo PDV;0.0;;52.97;True;True;;;;;;;;;;;"[{""Id"": 1, ""Nome"": ""Grupo de Produtos Padrão - 01""}]";"[{""Codigo"": ""0202"", ""Unidade"": ""UN"", ""Descricao"": ""0202 - SUCO DE ACEROLA 1L - COM AÇUCAR"", ""Quantidade"": 1.0, ""ValorUnitario"": 12.99, ""ValorFrete"": 0.0, ""DescontoUnitario"": 1.7042879999999998, ""ValorTotal"": 11.29, ""PesoKG"": 0.0, ""Comprimento"": 0.0, ""Altura"": 0.0, ""Largura"": 0.0, ""FreteGratis"": false, ""ValorUnitarioFrete"": 1.0, ""PrazoEntregaFrete"": 0, ""ComissaoVendedor"": 0.0, ""Seguro"": 0.0, ""Composicoes"": [], ""Atributos"": null, ""ProductGroupId"": 1, ""Categoria"": ""COM AÇUCAR"", ""CategoriaID"": ""6344371e5b452fbeceeea9ec""}, {""Codigo"": ""0216"", ""Unidade"": ""UN"", ""Descricao"": ""0216 - SUCO DE ACEROLA 2L - COM AÇUCAR"", ""Quantidade"": 2.0, ""ValorUnitario"": 23.99, ""ValorFrete"": 0.0, ""DescontoUnitario"": 3.152, ""ValorTotal"": 41.68, ""PesoKG"": 0.0, ""Comprimento"": 0.0, ""Altura"": 0.0, ""Largura"": 0.0, ""FreteGratis"": false, ""ValorUnitarioFrete"": 1.0, ""PrazoEntregaFrete"": 0, ""ComissaoVendedor"": 0.0, ""Seguro"": 0.0, ""Composicoes"": [], ""Atributos"": null, ""ProductGroupId"": 1, ""Categoria"": ""COM AÇUCAR"", ""CategoriaID"": ""6344371e5b452fbeceeea9ec""}]";;2026-10-01T08:31:33.069-03:00;"[{""FormaPagamento"": ""Cartão de Crédito"", ""DescricaoPagamento"": ""Pagamento recebido em Cartão de Crédito"", ""ValorPagamento"": 52.97, ""BandeiraCartao"": ""02"", ""NumeroTerminal"": null, ""DataTransacao"": ""2026-10-01T03:00:00Z"", ""CredenciadoraCartao"": ""STONE INSTITUICAO DE PAGAMENTO S.A"", ""CredenciadoraCNPJ"": ""16501555000157"", ""CV_NSU"": null, ""TipoIntegracao"": ""2"", ""CondicaoPagamento"": 1, ""Parcelas"": 1, ""PeriodoParcelas"": 30, ""Adiantamento"": 0.0, ""Quitar"": null}]";;0.0;21501;2026-10-01T08:31:34.289-03:00;21261041746969000274651000000215011010933640;https://app.sigecloud.com.br/danfenfce/28f81638-c595-4134-9287-9e27aa0e4112/6abe4496b21659cd59efd568?downloadpdf&printsize=80mm;http://nfce.sefaz.ma.gov.br/portal/consultarNFCe.jsp?p=21261041746969000274651000000215011010933640|2|1|1|2D34AE4D621395A62C082DB610CFEB078D1C97CB;;;0001-01-01T00:00:00-02:00;GRUPO_ITZ;GRUPO_ITZ_PDV ITZ 02_6abe44958a25980045138544
6abe44c68a259800451388b1;;99705003;PDV;64c94dd81e4b247fa20e0d65;TABELA B ITZ;64ef3f6a625d54b7a24c22af;PDV ITZ 02;Pedido Faturado;;Consumidor Final;2026-10-01T08:32:22.851-03:00;PDV ITZ 02;6566292f794a8ac8094d0928;659057a8395f2736400d9dbd;CONSUMIDOR NÃO IDENTIFICADO;659057a8395f2736400d9dbd;;;PDV02 ITZ;7b5491d8-dca5-4e4e-a6ca-42852b158e30;Receitas PDV;Cartão de Débito;5b648d993498afae6d5c361b;0;0;;;2026-10-01T08:32:22.883-03:00;0001-01-01T00:00:00-02:00;0001-01-01T00:00:00-02:00;False;0.0;False;;False;0.0;Gerado automaticamente através do modulo PDV;0.0;;4.99;True;True;;;;;;;;;;;"[{""Id"": 1, ""Nome"": ""Grupo de Produtos Padrão - 01""}]";"[{""Codigo"": ""0232"", ""Unidade"": ""UN"", ""Descricao"": ""0232 - SUCO DE CAJU 300ML - COM AÇUCAR"", ""Quantidade"": 1.0, ""ValorUnitario"": 4.99, ""ValorFrete"": 0.0, ""DescontoUnitario"": 0.0, ""ValorTotal"": 4.99, ""PesoKG"": 0.0, ""Comprimento"": 0.0, ""Altura"": 0.0, ""Largura"": 0.0, ""FreteGratis"": false, ""ValorUnitarioFrete"": 1.0, ""PrazoEntregaFrete"": 0, ""ComissaoVendedor"": 0.0, ""Seguro"": 0.0, ""Composicoes"": [], ""Atributos"": null, ""ProductGroupId"": 1, ""Categoria"": ""COM AÇUCAR"", ""CategoriaID"": ""6344371e5b452fbeceeea9ec""}]";;2026-10-01T08:32:22.883-03:00;"[{""FormaPagamento"": ""Cartão de Débito"", ""DescricaoPagamento"": ""Pagamento recebido em Cartão de Débito"", ""ValorPagamento"": 4.99, ""BandeiraCartao"": ""02"", ""NumeroTerminal"": null, ""DataTransacao"": ""2026-10-01T03:00:00Z"", ""CredenciadoraCartao"": ""STONE INSTITUICAO DE PAGAMENTO S.A"", ""CredenciadoraCNPJ"": ""16501555000157"", ""CV_NSU"": null, ""TipoIntegracao"": ""2"", ""CondicaoPagamento"": 0, ""Parcelas"": 1, ""PeriodoParcelas"": 30, ""Adiantamento"": 0.0, ""Quitar"": null}]";;0.0;21502;2026-10-01T08:32:23.555-03:00;21261041746969000274651000000215021683826478;https://app.sigecloud.com.br/danfenfce/28f81638-c595-4134-9287-9e27aa0e4112/6abe44c78a259800451388c2?downloadpdf&printsize=80mm;http://nfce.sefaz.ma.gov.br/portal/consultarNFCe.jsp?p=21261041746969000274651000000215021683826478|2|1|1|46C67B178D3F99390C74E9C5BDFF1B4FA4FC8BEA;;;0001-01-01T00:00:00-02:00;GRUPO_ITZ;GRUPO_ITZ_PDV ITZ 02_6abe44c68a259800451388b1
6abe463d9c74cd6eecee86d4;;99705006;PDV;64c94dd81e4b247fa20e0d65;TABELA B ITZ;64ef3f6a625d54b7a24c22af;PDV ITZ 02;Pedido Faturado;;Consumidor Final;2026-10-01T08:38:37.177-03:00;PDV ITZ 02;6566292f794a8ac8094d0928;659057a8395f2736400d9dbd;CONSUMIDOR NÃO IDENTIFICADO;659057a8395f2736400d9dbd;;;PDV02 ITZ;7b5491d8-dca5-4e4e-a6ca-42852b158e30;Receitas PDV;Dinheiro;5b648d1c3498afae6d5bfd89;0;0;;;2026-10-01T08:38:37.223-03:00;0001-01-01T00:00:00-02:00;0001-01-01T00:00:00-02:00;False;0.0;False;;False;0.0;Gerado automaticamente através do modulo PDV;0.0;;50.0;True;True;;;;;;;;;;;"[{""Id"": 1, ""Nome"": ""Grupo de Produtos Padrão - 01""}]";"[{""Codigo"": ""0224"", ""Unidade"": ""UN"", ""Descricao"": ""0224 - SUCO DE LARANJA 2L - COM AÇUCAR"", ""Quantidade"": 1.0, ""ValorUnitario"": 29.99, ""ValorFrete"": 0.0, ""DescontoUnitario"": 0.5758079999999999, ""ValorTotal"": 29.41, ""PesoKG"": 0.0, ""Comprimento"": 0.0, ""Altura"": 0.0, ""Largura"": 0.0, ""FreteGratis"": false, ""ValorUnitarioFrete"": 1.0, ""PrazoEntregaFrete"": 0, ""ComissaoVendedor"": 0.0, ""Seguro"": 0.0, ""Composicoes"": [], ""Atributos"": null, ""ProductGroupId"": 1, ""Categoria"": ""COM AÇUCAR"", ""CategoriaID"": ""6344371e5b452fbeceeea9ec""}, {""Codigo"": ""0219"", ""Unidade"": ""UN"", ""Descricao"": ""0219 - SUCO DE CAJU 2L - COM AÇUCAR"", ""Quantidade"": 1.0, ""ValorUnitario"": 20.99, ""ValorFrete"": 0.0, ""DescontoUnitario"": 0.4030079999999999, ""ValorTotal"": 20.59, ""PesoKG"": 0.0, ""Comprimento"": 0.0, ""Altura"": 0.0, ""Largura"": 0.0, ""FreteGratis"": false, ""ValorUnitarioFrete"": 1.0, ""PrazoEntregaFrete"": 0, ""ComissaoVendedor"": 0.0, ""Seguro"": 0.0, ""Composicoes"": [], ""Atributos"": null, ""ProductGroupId"": 1, ""Categoria"": ""COM AÇUCAR"", ""CategoriaID"": ""6344371e5b452fbeceeea9ec""}]";;2026-10-01T08:38:37.223-03:00;"[{""FormaPagamento"": ""Dinheiro"", ""DescricaoPagamento"": ""Pagamento recebido em Dinheiro"", ""ValorPagamento"": 50.0, ""BandeiraCartao"": """", ""NumeroTerminal"": null, ""DataTransacao"": ""2026-10-01T03:00:00Z"", ""CredenciadoraCartao"": null, ""CredenciadoraCNPJ"": null, ""CV_NSU"": null, ""TipoIntegracao"": null, ""CondicaoPagamento"": 0, ""Parcelas"": 1, ""PeriodoParcelas"": 30, ""Adiantamento"": 0.0, ""Quitar"": null}]";;0.0;;2026-10-01T08:38:39.038-03:00;;;;;;0001-01-01T00:00:00-02:00;GRUPO_ITZ;GRUPO_ITZ_PDV ITZ 02_6abe463d9c74cd6eecee86d4
6abe46fa9c74cd6eecee928f;;99705009;PDV;64c94dd81e4b247fa20e0d65;TABELA B ITZ;64ef3f6a625d54b7a24c22af;PDV ITZ 02;Pedido Faturado;;Consumidor Final;2026-10-01T08:41:46.172-03:00;PDV ITZ 02;6566292f794a8ac8094d0928;659057a8395f2736400d9dbd;CONSUMIDOR NÃO IDENTIFICADO;659057a8395f2736400d9dbd;;;PDV02 ITZ;7b5491d8-dca5-4e4e-a6ca-42852b158e30;Receitas PDV;Dinheiro;5b648d1c3498afae6d5bfd89;0;0;;;2026-10-01T08:41:46.234-03:00;0001-01-01T00:00:00-02:00;0001-01-01T00:00:00-02:00;False;0.0;False;;False;0.0;Gerado automaticamente através do modulo PDV;0.0;;2.0;True;True;;;;;;;;;;;"[{""Id"": 1, ""Nome"": ""Grupo de Produtos Padrão - 01""}]";"[{""Codigo"": ""503"", ""Unidade"": """", ""Descricao"": ""503 - AGUA MINERAL 510ML"", ""Quantidade"": 1.0, ""ValorUnitario"": 2.0, ""ValorFrete"": 0.0, ""DescontoUnitario"": 0.0, ""ValorTotal"": 2.0, ""PesoKG"": 0.0, ""Comprimento"": 0.0, ""Altura"": 0.0, ""Largura"": 0.0, ""FreteGratis"": false, ""ValorUnitarioFrete"": 1.0, ""PrazoEntregaFrete"": 0, ""ComissaoVendedor"": 0.0, ""Seguro"": 0.0, ""Composicoes"": [], ""Atributos"": null, ""ProductGroupId"": 1, ""Categoria"": """", ""CategoriaID"": """"}]";;2026-10-01T08:41:46.234-03:00;"[{""FormaPagamento"": ""Dinheiro"", ""DescricaoPagamento"": ""Pagamento recebido em Dinheiro"", ""ValorPagamento"": 2.0, ""BandeiraCartao"": """", ""NumeroTerminal"": null, ""DataTransacao"": ""2026-10-01T03:00:00Z"", ""CredenciadoraCartao"": null, ""CredenciadoraCNPJ"": null, ""CV_NSU"": null, ""TipoIntegracao"": null, ""CondicaoPagamento"": 0, ""Parcelas"": 1, ""PeriodoParcelas"": 30, ""Adiantamento"": 0.0, ""Quitar"": null}]";;0.0;;2026-10-01T08:41:46.828-03:00;;;;;;0001-01-01T00:00:00-02:00;GRUPO_ITZ;GRUPO_ITZ_PDV ITZ 02_6abe46fa9c74cd6eecee928f
6abe4ba5665b4ec77987ab8d;;99705023;PDV;64c94dd81e4b247fa20e0d65;TABELA B ITZ;64ef3f6a625d54b7a24c22af;PDV ITZ 02;Pedido Faturado;;Consumidor Final;2026-10-01T09:01:41.543-03:00;PDV ITZ 02;6566292f794a8ac8094d0928;659057a8395f2736400d9dbd;CONSUMIDOR NÃO IDENTIFICADO;659057a8395f2736400d9dbd;;;PDV02 ITZ;7b5491d8-dca5-4e4e-a6ca-42852b158e30;Receitas PDV;Cartão de Débito;5b648d993498afae6d5c361b;0;0;;;2026-10-01T09:01:41.59-03:00;0001-01-01T00:00:00-02:00;0001-01-01T00:00:00-02:00;False;0.0;False;;False;0.0;Gerado automaticamente através do modulo PDV;0.0;;5.49;True;True;;;;;;;;;;;"[{""Id"": 1, ""Nome"": ""Grupo de Produtos Padrão - 01""}]";"[{""Codigo"": ""00020"", ""Unidade"": """", ""Descricao"": ""00020 - SUCO DE CUPUAÇU 200ML - COM AÇUCAR - SEM RÓTULO"", ""Quantidade"": 1.0, ""ValorUnitario"": 5.49, ""ValorFrete"": 0.0, ""DescontoUnitario"": 0.0, ""ValorTotal"": 5.49, ""PesoKG"": 0.0, ""Comprimento"": 0.0, ""Altura"": 0.0, ""Largura"": 0.0, ""FreteGratis"": false, ""ValorUnitarioFrete"": 1.0, ""PrazoEntregaFrete"": 0, ""ComissaoVendedor"": 0.0, ""Seguro"": 0.0, ""Composicoes"": [], ""Atributos"": null, ""ProductGroupId"": 1, ""Categoria"": """", ""CategoriaID"": """"}]";;2026-10-01T09:01:41.59-03:00;"[{""FormaPagamento"": ""Cartão de Débito"", ""DescricaoPagamento"": ""Pagamento recebido em Cartão de Débito"", ""ValorPagamento"": 5.49, ""BandeiraCartao"": ""02"", ""NumeroTerminal"": null, ""DataTransacao"": ""2026-10-01T03:00:00Z"", ""CredenciadoraCartao"": ""STONE INSTITUICAO DE PAGAMENTO S.A"", ""CredenciadoraCNPJ"": ""16501555000157"", ""CV_NSU"": null, ""TipoIntegracao"": ""2"", ""CondicaoPagamento"": 0, ""Parcelas"": 1, ""PeriodoParcelas"": 30, ""Adiantamento"": 0.0, ""Quitar"": null}]";;0.0;21503;2026-10-01T09:01:42.331-03:00;21261041746969000274651000000215031118045449;https://app.sigecloud.com.br/danfenfce/28f81638-c595-4134-9287-9e27aa0e4112/6abe4ba7b21659cd59f07481?downloadpdf&printsize=80mm;http://nfce.sefaz.ma.gov.br/portal/consultarNFCe.jsp?p=21261041746969000274651000000215031118045449|2|1|1|E5443D34B8C6224E39038CEEFB92BEBCF81CD1DA;;;0001-01-01T00:00:00-02:00;GRUPO_ITZ;GRUPO_ITZ_PDV ITZ 02_6abe4ba5665b4ec77987ab8d
6abe4dcfb21659cd59f0a9b7;;99705027;PDV;64c94dd81e4b247fa20e0d65;TABELA B ITZ;64ef3f6a625d54b7a24c22af;PDV ITZ 02;Pedido Faturado;;Consumidor Final;2026-10-01T09:10:55.461-03:00;PDV ITZ 02;6566292f794a8ac8094d0928;659057a8395f2736400d9dbd;CONSUMIDOR NÃO IDENTIFICADO;659057a8395f2736400d9dbd;;;PDV02 ITZ;7b5491d8-dca5-4e4e-a6ca-42852b158e30;Receitas PDV;Cartão de Débito;5b648d993498afae6d5c361b;0;0;;;2026-10-01T09:10:55.508-03:00;0001-01-01T00:00:00-02:00;0001-01-01T00:00:00-02:00;False;0.0;False;;False;0.0;Gerado automaticamente através do modulo PDV;0.0;;50.98;True;True;;;;;;;;;;;"[{""Id"": 1, ""Nome"": ""Grupo de Produtos Padrão - 01""}]";"[{""Codigo"": ""0209"", ""Unidade"": ""UN"", ""Descricao"": ""0209 - SUCO DE LARANJA 1L - COM AÇUCAR"", ""Quantidade"": 1.0, ""ValorUnitario"": 15.157, ""ValorFrete"": 0.0, ""DescontoUnitario"": 0.0, ""ValorTotal"": 15.16, ""PesoKG"": 0.0, ""Comprimento"": 0.0, ""Altura"": 0.0, ""Largura"": 0.0, ""FreteGratis"": false, ""ValorUnitarioFrete"": 1.0, ""PrazoEntregaFrete"": 0, ""ComissaoVendedor"": 0.0, ""Seguro"": 0.0, ""Composicoes"": [], ""Atributos"": null, ""ProductGroupId"": 1, ""Categoria"": ""COM AÇUCAR"", ""CategoriaID"": ""6344371e5b452fbeceeea9ec""}, {""Codigo"": ""0222"", ""Unidade"": ""UN"", ""Descricao"": ""0222 - SUCO DE GOIABA 2L - COM AÇUCAR"", ""Quantidade"": 1.0, ""ValorUnitario"": 17.833, ""ValorFrete"": 0.0, ""DescontoUnitario"": 0.0, ""ValorTotal"": 17.83, ""PesoKG"": 0.0, ""Comprimento"": 0.0, ""Altura"": 0.0, ""Largura"": 0.0, ""FreteGratis"": false, ""ValorUnitarioFrete"": 1.0, ""PrazoEntregaFrete"": 0, ""ComissaoVendedor"": 0.0, ""Seguro"": 0.0, ""Composicoes"": [], ""Atributos"": null, ""ProductGroupId"": 1, ""Categoria"": ""COM AÇUCAR"", ""CategoriaID"": ""6344371e5b452fbeceeea9ec""}, {""Codigo"": ""0226"", ""Unidade"": ""UN"", ""Descricao"": ""0226 - SUCO DE TAMARINDO 2L - COM AÇUCAR"", ""Quantidade"": 1.0, ""ValorUnitario"": 17.99, ""ValorFrete"": 0.0, ""DescontoUnitario"": 0.0, ""ValorTotal"": 17.99, ""PesoKG"": 0.0, ""Comprimento"": 0.0, ""Altura"": 0.0, ""Largura"": 0.0, ""FreteGratis"": false, ""ValorUnitarioFrete"": 1.0, ""PrazoEntregaFrete"": 0, ""ComissaoVendedor"": 0.0, ""Seguro"": 0.0, ""Composicoes"": [], ""Atributos"": null, ""ProductGroupId"": 1, ""Categoria"": ""COM AÇUCAR"", ""CategoriaID"": ""6344371e5b452fbeceeea9ec""}]";;2026-10-01T09:10:55.508-03:00;"[{""FormaPagamento"": ""Cartão de Débito"", ""DescricaoPagamento"": ""Pagamento recebido em Cartão de Débito"", ""ValorPagamento"": 50.98, ""BandeiraCartao"": ""02"", ""NumeroTerminal"": null, ""DataTransacao"": ""2026-10-01T03:00:00Z"", ""CredenciadoraCartao"": ""STONE INSTITUICAO DE PAGAMENTO S.A"", ""CredenciadoraCNPJ"": ""16501555000157"", ""CV_NSU"": null, ""TipoIntegracao"": ""2"", ""CondicaoPagamento"": 0, ""Parcelas"": 1, ""PeriodoParcelas"": 30, ""Adiantamento"": 0.0, ""Quitar"": null}]";;0.0;21504;2026-10-01T09:10:56.853-03:00;21261041746969000274651000000215041438334384;https://app.sigecloud.com.br/danfenfce/28f81638-c595-4134-9287-9e27aa0e4112/6abe4dd18a25980045145a62?downloadpdf&printsize=80mm;http://nfce.sefaz.ma.gov.br/portal/consultarNFCe.jsp?p=21261041746969000274651000000215041438334384|2|1|1|3518817E1154EEB81F31B7ABE07466E7BF14BCD4;;;0001-01-01T00:00:00-02:00;GRUPO_ITZ;GRUPO_ITZ_PDV ITZ 02_6abe4dcfb21659cd59f0a9b7
6abe50e49c74cd6eecef812a;;99705040;PDV;64c94dd81e4b247fa20e0d65;TABELA B ITZ;64ef3f6a625d54b7a24c22af;PDV ITZ 02;Pedido Faturado;;Consumidor Final;2026-10-01T09:24:04.587-03:00;PDV ITZ 02;6566292f794a8ac8094d0928;659057a8395f2736400d9dbd;CONSUMIDOR NÃO IDENTIFICADO;659057a8395f2736400d9dbd;;;PDV02 ITZ;7b5491d8-dca5-4e4e-a6ca-42852b158e30;Receitas PDV;Cartão de Débito;5b648d993498afae6d5c361b;0;0;;;2026-10-01T09:24:04.649-03:00;0001-01-01T00:00:00-02:00;0001-01-01T00:00:00-02:00;False;0.0;False;;False;0.0;Gerado automaticamente através do modulo PDV;0.0;;5.99;True;True;;;;;;;;;;;"[{""Id"": 1, ""Nome"": ""Grupo de Produtos Padrão - 01""}]";"[{""Codigo"": ""0237"", ""Unidade"": ""UN"", ""Descricao"": ""0237 - SUCO DE MARACUJA 300ML - COM AÇUCAR"", ""Quantidade"": 1.0, ""ValorUnitario"": 5.99, ""ValorFrete"": 0.0, ""DescontoUnitario"": 0.0, ""ValorTotal"": 5.99, ""PesoKG"": 0.0, ""Comprimento"": 0.0, ""Altura"": 0.0, ""Largura"": 0.0, ""FreteGratis"": false, ""ValorUnitarioFrete"": 1.0, ""PrazoEntregaFrete"": 0, ""ComissaoVendedor"": 0.0, ""Seguro"": 0.0, ""Composicoes"": [], ""Atributos"": null, ""ProductGroupId"": 1, ""Categoria"": ""COM AÇUCAR"", ""CategoriaID"": ""6344371e5b452fbeceeea9ec""}]";;2026-10-01T09:24:04.649-03:00;"[{""FormaPagamento"": ""Cartão de Débito"", ""DescricaoPagamento"": ""Pagamento recebido em Cartão de Débito"", ""ValorPagamento"": 5.99, ""BandeiraCartao"": ""02"", ""NumeroTerminal"": null, ""DataTransacao"": ""2026-10-01T03:00:00Z"", ""CredenciadoraCartao"": ""STONE INSTITUICAO DE PAGAMENTO S.A"", ""CredenciadoraCNPJ"": ""16501555000157"", ""CV_NSU"": null, ""TipoIntegracao"": ""2"", ""CondicaoPagamento"": 0, ""Parcelas"": 1, ""PeriodoParcelas"": 30, ""Adiantamento"": 0.0, ""Quitar"": null}]";;0.0;21505;2026-10-01T09:24:05.494-03:00;21261041746969000274651000000215051675730442;https://app.sigecloud.com.br/danfenfce/28f81638-c595-4134-9287-9e27aa0e4112/6abe50e59c74cd6eecef8144?downloadpdf&printsize=80mm;http://nfce.sefaz.ma.gov.br/portal/consultarNFCe.jsp?p=21261041746969000274651000000215051675730442|2|1|1|591877004C3F8548C387FAA28593479BB43C9DFA;;;0001-01-01T00:00:00-02:00;GRUPO_ITZ;GRUPO_ITZ_PDV ITZ 02_6abe50e49c74cd6eecef812a
6abe52c68a2598004514dbf9;;99705044;PDV;64c94dd81e4b247fa20e0d65;TABELA B ITZ;64ef3f6a625d54b7a24c22af;PDV ITZ 02;Pedido Faturado;;Consumidor Final;2026-10-01T09:32:06.212-03:00;PDV ITZ 02;6566292f794a8ac8094d0928;659057a8395f2736400d9dbd;CONSUMIDOR NÃO IDENTIFICADO;659057a8395f2736400d9dbd;;;PDV02 ITZ;7b5491d8-dca5-4e4e-a6ca-42852b158e30;Receitas PDV;Dinheiro;5b648d1c3498afae6d5bfd89;0;0;;;2026-10-01T09:32:06.243-03:00;0001-01-01T00:00:00-02:00;0001-01-01T00:00:00-02:00;False;0.0;False;;False;0.0;Gerado automaticamente através do modulo PDV;0.0;;30.0;True;True;;;;;;;;;;;"[{""Id"": 1, ""Nome"": ""Grupo de Produtos Padrão - 01""}]";"[{""Codigo"": ""0211"", ""Unidade"": ""UN"", ""Descricao"": ""0211 - SUCO DE MARACUJA 1L - COM AÇUCAR"", ""Quantidade"": 1.0, ""ValorUnitario"": 13.99, ""ValorFrete"": 0.0, ""DescontoUnitario"": 0.44208400000000003, ""ValorTotal"": 13.55, ""PesoKG"": 0.0, ""Comprimento"": 0.0, ""Altura"": 0.0, ""Largura"": 0.0, ""FreteGratis"": false, ""ValorUnitarioFrete"": 1.0, ""PrazoEntregaFrete"": 0, ""ComissaoVendedor"": 0.0, ""Seguro"": 0.0, ""Composicoes"": [], ""Atributos"": null, ""ProductGroupId"": 1, ""Categoria"": ""COM AÇUCAR"", ""CategoriaID"": ""6344371e5b452fbeceeea9ec""}, {""Codigo"": ""0209"", ""Unidade"": ""UN"", ""Descricao"": ""0209 - SUCO DE LARANJA 1L - COM AÇUCAR"", ""Quantidade"": 1.0, ""ValorUnitario"": 16.99, ""ValorFrete"": 0.0, ""DescontoUnitario"": 0.536884, ""ValorTotal"": 16.45, ""PesoKG"": 0.0, ""Comprimento"": 0.0, ""Altura"": 0.0, ""Largura"": 0.0, ""FreteGratis"": false, ""ValorUnitarioFrete"": 1.0, ""PrazoEntregaFrete"": 0, ""ComissaoVendedor"": 0.0, ""Seguro"": 0.0, ""Composicoes"": [], ""Atributos"": null, ""ProductGroupId"": 1, ""Categoria"": ""COM AÇUCAR"", ""CategoriaID"": ""6344371e5b452fbeceeea9ec""}]";;2026-10-01T09:32:06.243-03:00;"[{""FormaPagamento"": ""Dinheiro"", ""DescricaoPagamento"": ""Pagamento recebido em Dinheiro"", ""ValorPagamento"": 30.0, ""BandeiraCartao"": """", ""NumeroTerminal"": null, ""DataTransacao"": ""2026-10-01T03:00:00Z"", ""CredenciadoraCartao"": null, ""CredenciadoraCNPJ"": null, ""CV_NSU"": null, ""TipoIntegracao"": null, ""CondicaoPagamento"": 0, ""Parcelas"": 1, ""PeriodoParcelas"": 30, ""Adiantamento"": 0.0, ""Quitar"": null}]";;0.0;;2026-10-01T09:32:07.965-03:00;;;;;;0001-01-01T00:00:00-02:00;GRUPO_ITZ;GRUPO_ITZ_PDV ITZ 02_6abe52c68a2598004514dbf9
6abe5c369c74cd6eecf08329;;99705069;PDV;64c94dd81e4b247fa20e0d65;TAB_CLUBE_VANTAG_ITZ;68fea7d7f52c56d996933227;PDV ITZ 02;Pedido Faturado;;Consumidor Final;2026-10-01T10:12:22.254-03:00;PDV ITZ 02;6566292f794a8ac8094d0928;6a71fa9a9065a66662199c13;DANIELLE LUZ SILVA CLUB MIX;6a71fa9a9065a66662199c13;62280152304;;PDV02 ITZ;7b5491d8-dca5-4e4e-a6ca-42852b158e30;Receitas PDV;PIX;635ae864cd43d34b928b24c4;0;0;;;2026-10-01T10:12:22.316-03:00;0001-01-01T00:00:00-02:00;0001-01-01T00:00:00-02:00;False;0.0;False;;False;0.0;Gerado automaticamente através do modulo PDV;0.0;;15.99;True;True;;;Brasil;;;;;;;;"[{""Id"": 1, ""Nome"": ""Grupo de Produtos Padrão - 01""}]";"[{""Codigo"": ""0209"", ""Unidade"": ""UN"", ""Descricao"": ""0209 - SUCO DE LARANJA 1L - COM AÇUCAR"", ""Quantidade"": 1.0, ""ValorUnitario"": 15.99, ""ValorFrete"": 0.0, ""DescontoUnitario"": 0.0, ""ValorTotal"": 15.99, ""PesoKG"": 0.0, ""Comprimento"": 0.0, ""Altura"": 0.0, ""Largura"": 0.0, ""FreteGratis"": false, ""ValorUnitarioFrete"": 1.0, ""PrazoEntregaFrete"": 0, ""ComissaoVendedor"": 0.0, ""Seguro"": 0.0, ""Composicoes"": [], ""Atributos"": null, ""ProductGroupId"": 1, ""Categoria"": ""COM AÇUCAR"", ""CategoriaID"": ""6344371e5b452fbeceeea9ec""}]";;2026-10-01T10:12:22.316-03:00;"[{""FormaPagamento"": ""PIX"", ""DescricaoPagamento"": ""Pagamento recebido em PIX"", ""ValorPagamento"": 15.99, ""BandeiraCartao"": """", ""NumeroTerminal"": null, ""DataTransacao"": ""2026-10-01T03:00:00Z"", ""CredenciadoraCartao"": null, ""CredenciadoraCNPJ"": null, ""CV_NSU"": null, ""TipoIntegracao"": null, ""CondicaoPagamento"": 0, ""Parcelas"": 1, ""PeriodoParcelas"": 30, ""Adiantamento"": 0.0, ""Quitar"": null}]";;0.0;21506;2026-10-01T10:12:23.755-03:00;21261041746969000274651000000215061923633708;https://app.sigecloud.com.br/danfenfce/28f81638-c595-4134-9287-9e27aa0e4112/6abe5c389c74cd6eecf0834f?downloadpdf&printsize=80mm;http://nfce.sefaz.ma.gov.br/portal/consultarNFCe.jsp?p=21261041746969000274651000000215061923633708|2|1|1|62F69382EE1995394EF6ADECCBDFD9E0B72FE720;;;0001-01-01T00:00:00-02:00;GRUPO_ITZ;GRUPO_ITZ_PDV ITZ 02_6abe5c369c74cd6eecf08329
6abe5d61a93bcdf35adc894c;;99705075;PDV;64c94dd81e4b247fa20e0d65;TABELA B ITZ;64ef3f6a625d54b7a24c22af;PDV ITZ 02;Pedido Faturado;;Consumidor Final;2026-10-01T10:17:21.743-03:00;PDV ITZ 02;6566292f794a8ac8094d0928;659057a8395f2736400d9dbd;CONSUMIDOR NÃO IDENTIFICADO;659057a8395f2736400d9dbd;;;PDV02 ITZ;7b5491d8-dca5-4e4e-a6ca-42852b158e30;Receitas PDV;Cartão de Crédito;5b648d983498afae6d5c3601;1;0;;;2026-10-01T10:17:21.79-03:00;0001-01-01T00:00:00-02:00;0001-01-01T00:00:00-02:00;False;0.0;False;;False;0.0;Gerado automaticamente através do modulo PDV;0.0;;74.97;True;True;;;;;;;;;;;"[{""Id"": 1, ""Nome"": ""Grupo de Produtos Padrão - 01""}]";"[{""Codigo"": ""0225"", ""Unidade"": ""UN"", ""Descricao"": ""0225 - SUCO DE MARACUJA 2L - COM AÇUCAR"", ""Quantidade"": 3.0, ""ValorUnitario"": 24.99, ""ValorFrete"": 0.0, ""DescontoUnitario"": 0.0, ""ValorTotal"": 74.97, ""PesoKG"": 0.0, ""Comprimento"": 0.0, ""Altura"": 0.0, ""Largura"": 0.0, ""FreteGratis"": false, ""ValorUnitarioFrete"": 1.0, ""PrazoEntregaFrete"": 0, ""ComissaoVendedor"": 0.0, ""Seguro"": 0.0, ""Composicoes"": [], ""Atributos"": null, ""ProductGroupId"": 1, ""Categoria"": ""COM AÇUCAR"", ""CategoriaID"": ""6344371e5b452fbeceeea9ec""}]";;2026-10-01T10:17:21.79-03:00;"[{""FormaPagamento"": ""Cartão de Crédito"", ""DescricaoPagamento"": ""Pagamento recebido em Cartão de Crédito"", ""ValorPagamento"": 74.97, ""BandeiraCartao"": ""02"", ""NumeroTerminal"": null, ""DataTransacao"": ""2026-10-01T03:00:00Z"", ""CredenciadoraCartao"": ""STONE INSTITUICAO DE PAGAMENTO S.A"", ""CredenciadoraCNPJ"": ""16501555000157"", ""CV_NSU"": null, ""TipoIntegracao"": ""2"", ""CondicaoPagamento"": 1, ""Parcelas"": 1, ""PeriodoParcelas"": 30, ""Adiantamento"": 0.0, ""Quitar"": null}]";;0.0;21507;2026-10-01T10:17:22.604-03:00;21261041746969000274651000000215071565714641;https://app.sigecloud.com.br/danfenfce/28f81638-c595-4134-9287-9e27aa0e4112/6abe5d62b36b21c5cbfc5bf0?downloadpdf&printsize=80mm;http://nfce.sefaz.ma.gov.br/portal/consultarNFCe.jsp?p=21261041746969000274651000000215071565714641|2|1|1|4E041E9A7DDAAF9AF364230D883010B81D55B896;;;0001-01-01T00:00:00-02:00;GRUPO_ITZ;GRUPO_ITZ_PDV ITZ 02_6abe5d61a93bcdf35adc894c
6abe61db8a25980045165d50;;99705085;PDV;64c94dd81e4b247fa20e0d65;TABELA B ITZ;64ef3f6a625d54b7a24c22af;PDV ITZ 02;Pedido Faturado;;Consumidor Final;2026-10-01T10:36:27.764-03:00;PDV ITZ 02;6566292f794a8ac8094d0928;659057a8395f2736400d9dbd;CONSUMIDOR NÃO IDENTIFICADO;659057a8395f2736400d9dbd;;;PDV02 ITZ;7b5491d8-dca5-4e4e-a6ca-42852b158e30;Receitas PDV;PIX;635ae864cd43d34b928b24c4;0;0;;;2026-10-01T10:36:27.811-03:00;0001-01-01T00:00:00-02:00;0001-01-01T00:00:00-02:00;False;0.0;False;;False;0.0;Gerado automaticamente através do modulo PDV;0.0;;24.99;True;True;;;;;;;;;;;"[{""Id"": 1, ""Nome"": ""Grupo de Produtos Padrão - 01""}]";"[{""Codigo"": ""0225"", ""Unidade"": ""UN"", ""Descricao"": ""0225 - SUCO DE MARACUJA 2L - COM AÇUCAR"", ""Quantidade"": 1.0, ""ValorUnitario"": 24.99, ""ValorFrete"": 0.0, ""DescontoUnitario"": 0.0, ""ValorTotal"": 24.99, ""PesoKG"": 0.0, ""Comprimento"": 0.0, ""Altura"": 0.0, ""Largura"": 0.0, ""FreteGratis"": false, ""ValorUnitarioFrete"": 1.0, ""PrazoEntregaFrete"": 0, ""ComissaoVendedor"": 0.0, ""Seguro"": 0.0, ""Composicoes"": [], ""Atributos"": null, ""ProductGroupId"": 1, ""Categoria"": ""COM AÇUCAR"", ""CategoriaID"": ""6344371e5b452fbeceeea9ec""}]";;2026-10-01T10:36:27.811-03:00;"[{""FormaPagamento"": ""PIX"", ""DescricaoPagamento"": ""Pagamento recebido em PIX"", ""ValorPagamento"": 24.99, ""BandeiraCartao"": """", ""NumeroTerminal"": null, ""DataTransacao"": ""2026-10-01T03:00:00Z"", ""CredenciadoraCartao"": null, ""CredenciadoraCNPJ"": null, ""CV_NSU"": null, ""TipoIntegracao"": null, ""CondicaoPagamento"": 0, ""Parcelas"": 1, ""PeriodoParcelas"": 30, ""Adiantamento"": 0.0, ""Quitar"": null}]";;0.0;21508;2026-10-01T10:36:28.784-03:00;21261041746969000274651000000215081088161248;https://app.sigecloud.com.br/danfenfce/28f81638-c595-4134-9287-9e27aa0e4112/6abe61ddf8094b3cf4b3f6ff?downloadpdf&printsize=80mm;http://nfce.sefaz.ma.gov.br/portal/consultarNFCe.jsp?p=21261041746969000274651000000215081088161248|2|1|1|DA8671DA30649AFD99A2909EBDC95F0C8EDFEA7E;;;0001-01-01T00:00:00-02:00;GRUPO_ITZ;GRUPO_ITZ_PDV ITZ 02_6abe61db8a25980045165d50
6abe63e69c74cd6eecf14f3e;;99705090;PDV;64c94dd81e4b247fa20e0d65;TABELA B ITZ;64ef3f6a625d54b7a24c22af;PDV ITZ 02;Pedido Faturado;;Consumidor Final;2026-10-01T10:45:10.013-03:00;PDV ITZ 02;6566292f794a8ac8094d0928;659057a8395f2736400d9dbd;CONSUMIDOR NÃO IDENTIFICADO;659057a8395f2736400d9dbd;;;PDV02 ITZ;7b5491d8-dca5-4e4e-a6ca-42852b158e30;Receitas PDV;Cartão de Débito;5b648d993498afae6d5c361b;0;0;;;2026-10-01T10:45:10.092-03:00;0001-01-01T00:00:00-02:00;0001-01-01T00:00:00-02:00;False;0.0;False;;False;0.0;Gerado automaticamente através do modulo PDV;0.0;;80.97;True;True;;;;;;;;;;;"[{""Id"": 1, ""Nome"": ""Grupo de Produtos Padrão - 01""}]";"[{""Codigo"": ""543"", ""Unidade"": """", ""Descricao"": ""543 - AGUA DE COCO DA CANOA 300ML"", ""Quantidade"": 1.0, ""ValorUnitario"": 6.0, ""ValorFrete"": 0.0, ""DescontoUnitario"": 0.2826, ""ValorTotal"": 5.72, ""PesoKG"": 0.0, ""Comprimento"": 0.0, ""Altura"": 0.0, ""Largura"": 0.0, ""FreteGratis"": false, ""ValorUnitarioFrete"": 1.0, ""PrazoEntregaFrete"": 0, ""ComissaoVendedor"": 0.0, ""Seguro"": 0.0, ""Composicoes"": [], ""Atributos"": null, ""ProductGroupId"": 1, ""Categoria"": """", ""CategoriaID"": """"}, {""Codigo"": ""0225"", ""Unidade"": ""UN"", ""Descricao"": ""0225 - SUCO DE MARACUJA 2L - COM AÇUCAR"", ""Quantidade"": 1.0, ""ValorUnitario"": 24.99, ""ValorFrete"": 0.0, ""DescontoUnitario"": 1.177029, ""ValorTotal"": 23.81, ""PesoKG"": 0.0, ""Comprimento"": 0.0, ""Altura"": 0.0, ""Largura"": 0.0, ""FreteGratis"": false, ""ValorUnitarioFrete"": 1.0, ""PrazoEntregaFrete"": 0, ""ComissaoVendedor"": 0.0, ""Seguro"": 0.0, ""Composicoes"": [], ""Atributos"": null, ""ProductGroupId"": 1, ""Categoria"": ""COM AÇUCAR"", ""CategoriaID"": ""6344371e5b452fbeceeea9ec""}, {""Codigo"": ""0216"", ""Unidade"": ""UN"", ""Descricao"": ""0216 - SUCO DE ACEROLA 2L - COM AÇUCAR"", ""Quantidade"": 1.0, ""ValorUnitario"": 23.99, ""ValorFrete"": 0.0, ""DescontoUnitario"": 1.129929, ""ValorTotal"": 22.86, ""PesoKG"": 0.0, ""Comprimento"": 0.0, ""Altura"": 0.0, ""Largura"": 0.0, ""FreteGratis"": false, ""ValorUnitarioFrete"": 1.0, ""PrazoEntregaFrete"": 0, ""ComissaoVendedor"": 0.0, ""Seguro"": 0.0, ""Composicoes"": [], ""Atributos"": null, ""ProductGroupId"": 1, ""Categoria"": ""COM AÇUCAR"", ""CategoriaID"": ""6344371e5b452fbeceeea9ec""}, {""Codigo"": ""0224"", ""Unidade"": ""UN"", ""Descricao"": ""0224 - SUCO DE LARANJA 2L - COM AÇUCAR"", ""Quantidade"": 1.0, ""ValorUnitario"": 29.99, ""ValorFrete"": 0.0, ""DescontoUnitario"": 1.412529, ""ValorTotal"": 28.58, ""PesoKG"": 0.0, ""Comprimento"": 0.0, ""Altura"": 0.0, ""Largura"": 0.0, ""FreteGratis"": false, ""ValorUnitarioFrete"": 1.0, ""PrazoEntregaFrete"": 0, ""ComissaoVendedor"": 0.0, ""Seguro"": 0.0, ""Composicoes"": [], ""Atributos"": null, ""ProductGroupId"": 1, ""Categoria"": ""COM AÇUCAR"", ""CategoriaID"": ""6344371e5b452fbeceeea9ec""}]";;2026-10-01T10:45:10.092-03:00;"[{""FormaPagamento"": ""Cartão de Débito"", ""DescricaoPagamento"": ""Pagamento recebido em Cartão de Débito"", ""ValorPagamento"": 80.97, ""BandeiraCartao"": ""01"", ""NumeroTerminal"": null, ""DataTransacao"": ""2026-10-01T03:00:00Z"", ""CredenciadoraCartao"": ""STONE INSTITUICAO DE PAGAMENTO S.A"", ""CredenciadoraCNPJ"": ""16501555000157"", ""CV_NSU"": null, ""TipoIntegracao"": ""2"", ""CondicaoPagamento"": 0, ""Parcelas"": 1, ""PeriodoParcelas"": 30, ""Adiantamento"": 0.0, ""Quitar"": null}]";;0.0;21509;2026-10-01T10:45:15.254-03:00;21261041746969000274651000000215091663509656;https://app.sigecloud.com.br/danfenfce/28f81638-c595-4134-9287-9e27aa0e4112/6abe63eb665b4ec77989eb5e?downloadpdf&printsize=80mm;http://nfce.sefaz.ma.gov.br/portal/consultarNFCe.jsp?p=21261041746969000274651000000215091663509656|2|1|1|27C777E77E84FF01C94D5C2E84340665CD7A4095;;;0001-01-01T00:00:00-02:00;GRUPO_ITZ;GRUPO_ITZ_PDV ITZ 02_6abe63e69c74cd6eecf14f3e
6abe66b1a93bcdf35add7bf2;;99705104;PDV;64c94dd81e4b247fa20e0d65;TAB_CLUBE_VANTAG_ITZ;68fea7d7f52c56d996933227;PDV ITZ 02;Pedido Faturado;;Consumidor Final;2026-10-01T10:57:05.12-03:00;PDV ITZ 02;6566292f794a8ac8094d0928;659057a8395f2736400d9dbd;CONSUMIDOR NÃO IDENTIFICADO;659057a8395f2736400d9dbd;;;PDV02 ITZ;7b5491d8-dca5-4e4e-a6ca-42852b158e30;Receitas PDV;Dinheiro;5b648d1c3498afae6d5bfd89;0;0;;;2026-10-01T10:57:05.199-03:00;0001-01-01T00:00:00-02:00;0001-01-01T00:00:00-02:00;False;0.0;False;;False;0.0;Gerado automaticamente através do modulo PDV;0.0;;4.99;True;True;;;;;;;;;;;"[{""Id"": 1, ""Nome"": ""Grupo de Produtos Padrão - 01""}]";"[{""Codigo"": ""0234"", ""Unidade"": ""UN"", ""Descricao"": ""0234 - SUCO DE CUPUAÇU 300ML - COM AÇUCAR"", ""Quantidade"": 1.0, ""ValorUnitario"": 4.99, ""ValorFrete"": 0.0, ""DescontoUnitario"": 0.0, ""ValorTotal"": 4.99, ""PesoKG"": 0.0, ""Comprimento"": 0.0, ""Altura"": 0.0, ""Largura"": 0.0, ""FreteGratis"": false, ""ValorUnitarioFrete"": 1.0, ""PrazoEntregaFrete"": 0, ""ComissaoVendedor"": 0.0, ""Seguro"": 0.0, ""Composicoes"": [], ""Atributos"": null, ""ProductGroupId"": 1, ""Categoria"": ""COM AÇUCAR"", ""CategoriaID"": ""6344371e5b452fbeceeea9ec""}]";;2026-10-01T10:57:05.199-03:00;"[{""FormaPagamento"": ""Dinheiro"", ""DescricaoPagamento"": ""Pagamento recebido em Dinheiro"", ""ValorPagamento"": 4.99, ""BandeiraCartao"": """", ""NumeroTerminal"": null, ""DataTransacao"": ""2026-10-01T03:00:00Z"", ""CredenciadoraCartao"": null, ""CredenciadoraCNPJ"": null, ""CV_NSU"": null, ""TipoIntegracao"": null, ""CondicaoPagamento"": 0, ""Parcelas"": 1, ""PeriodoParcelas"": 30, ""Adiantamento"": 0.0, ""Quitar"": null}]";;0.0;;2026-10-01T10:57:06.043-03:00;;;;;;0001-01-01T00:00:00-02:00;GRUPO_ITZ;GRUPO_ITZ_PDV ITZ 02_6abe66b1a93bcdf35add7bf2
6abe6ccdb21659cd59f39750;;99705126;PDV;64c94dd81e4b247fa20e0d65;TAB_CLUBE_VANTAG_ITZ;68fea7d7f52c56d996933227;PDV ITZ 02;Pedido Faturado;;Consumidor Final;2026-10-01T11:23:09.904-03:00;PDV ITZ 02;6566292f794a8ac8094d0928;68a8aec89626120dbd7bba73;80388612304 Raimundo Nonato da Silva Filho;68a8aec89626120dbd7bba73;;;PDV02 ITZ;7b5491d8-dca5-4e4e-a6ca-42852b158e30;Receitas PDV;Cartão de Débito;5b648d993498afae6d5c361b;0;0;;;2026-10-01T11:23:09.982-03:00;0001-01-01T00:00:00-02:00;0001-01-01T00:00:00-02:00;False;0.0;False;;False;0.0;Gerado automaticamente através do modulo PDV;0.0;;48.97;True;True;;;Brasil;;;;;;;;"[{""Id"": 1, ""Nome"": ""Grupo de Produtos Padrão - 01""}]";"[{""Codigo"": ""0202"", ""Unidade"": ""UN"", ""Descricao"": ""0202 - SUCO DE ACEROLA 1L - COM AÇUCAR"", ""Quantidade"": 1.0, ""ValorUnitario"": 11.99, ""ValorFrete"": 0.0, ""DescontoUnitario"": 0.0, ""ValorTotal"": 11.99, ""PesoKG"": 0.0, ""Comprimento"": 0.0, ""Altura"": 0.0, ""Largura"": 0.0, ""FreteGratis"": false, ""ValorUnitarioFrete"": 1.0, ""PrazoEntregaFrete"": 0, ""ComissaoVendedor"": 0.0, ""Seguro"": 0.0, ""Composicoes"": [], ""Atributos"": null, ""ProductGroupId"": 1, ""Categoria"": ""COM AÇUCAR"", ""CategoriaID"": ""6344371e5b452fbeceeea9ec""}, {""Codigo"": ""0207"", ""Unidade"": ""UN"", ""Descricao"": ""0207 - SUCO DE GOIABA 1L - COM AÇUCAR"", ""Quantidade"": 1.0, ""ValorUnitario"": 9.99, ""ValorFrete"": 0.0, ""DescontoUnitario"": 0.0, ""ValorTotal"": 9.99, ""PesoKG"": 0.0, ""Comprimento"": 0.0, ""Altura"": 0.0, ""Largura"": 0.0, ""FreteGratis"": false, ""ValorUnitarioFrete"": 1.0, ""PrazoEntregaFrete"": 0, ""ComissaoVendedor"": 0.0, ""Seguro"": 0.0, ""Composicoes"": [], ""Atributos"": null, ""ProductGroupId"": 1, ""Categoria"": ""COM AÇUCAR"", ""CategoriaID"": ""6344371e5b452fbeceeea9ec""}, {""Codigo"": ""0256"", ""Unidade"": ""UN"", ""Descricao"": ""0256 - SUCO DE MORANGOLA 2L - COM AÇUCAR"", ""Quantidade"": 1.0, ""ValorUnitario"": 26.99, ""ValorFrete"": 0.0, ""DescontoUnitario"": 0.0, ""ValorTotal"": 26.99, ""PesoKG"": 0.0, ""Comprimento"": 0.0, ""Altura"": 0.0, ""Largura"": 0.0, ""FreteGratis"": false, ""ValorUnitarioFrete"": 1.0, ""PrazoEntregaFrete"": 0, ""ComissaoVendedor"": 0.0, ""Seguro"": 0.0, ""Composicoes"": [], ""Atributos"": null, ""ProductGroupId"": 1, ""Categoria"": ""COM AÇUCAR"", ""CategoriaID"": ""6344371e5b452fbeceeea9ec""}]";;2026-10-01T11:23:09.982-03:00;"[{""FormaPagamento"": ""Cartão de Débito"", ""DescricaoPagamento"": ""Pagamento recebido em Cartão de Débito"", ""ValorPagamento"": 48.97, ""BandeiraCartao"": ""01"", ""NumeroTerminal"": null, ""DataTransacao"": ""2026-10-01T03:00:00Z"", ""CredenciadoraCartao"": ""STONE INSTITUICAO DE PAGAMENTO S.A"", ""CredenciadoraCNPJ"": ""16501555000157"", ""CV_NSU"": null, ""TipoIntegracao"": ""2"", ""CondicaoPagamento"": 0, ""Parcelas"": 1, ""PeriodoParcelas"": 30, ""Adiantamento"": 0.0, ""Quitar"": null}]";;0.0;21510;2026-10-01T11:23:11.956-03:00;21261041746969000274651000000215101897004942;https://app.sigecloud.com.br/danfenfce/28f81638-c595-4134-9287-9e27aa0e4112/6abe6cd0b36b21c5cbfde937?downloadpdf&printsize=80mm;http://nfce.sefaz.ma.gov.br/portal/consultarNFCe.jsp?p=21261041746969000274651000000215101897004942|2|1|1|B2AECBD26C2D397496BCE75BC94AE2FD4FA7A0C3;;;0001-01-01T00:00:00-02:00;GRUPO_ITZ;GRUPO_ITZ_PDV ITZ 02_6abe6ccdb21659cd59f39750
6abe6e51aa0b5eef7cd89a80;;99705128;PDV;64c94dd81e4b247fa20e0d65;TAB_CLUBE_VANTAG_ITZ;68fea7d7f52c56d996933227;PDV ITZ 02;Pedido Faturado;;Consumidor Final;2026-10-01T11:29:37.744-03:00;PDV ITZ 02;6566292f794a8ac8094d0928;659057a8395f2736400d9dbd;CONSUMIDOR NÃO IDENTIFICADO;659057a8395f2736400d9dbd;;;PDV02 ITZ;7b5491d8-dca5-4e4e-a6ca-42852b158e30;Receitas PDV;Cartão de Crédito;5b648d983498afae6d5c3601;1;0;;;2026-10-01T11:29:37.823-03:00;0001-01-01T00:00:00-02:00;0001-01-01T00:00:00-02:00;False;0.0;False;;False;0.0;Gerado automaticamente através do modulo PDV;0.0;;50.0;True;True;;;;;;;;;;;"[{""Id"": 1, ""Nome"": ""Grupo de Produtos Padrão - 01""}]";"[{""Codigo"": ""0224"", ""Unidade"": ""UN"", ""Descricao"": ""0224 - SUCO DE LARANJA 2L - COM AÇUCAR"", ""Quantidade"": 1.0, ""ValorUnitario"": 28.99, ""ValorFrete"": 0.0, ""DescontoUnitario"": 1.629238, ""ValorTotal"": 27.36, ""PesoKG"": 0.0, ""Comprimento"": 0.0, ""Altura"": 0.0, ""Largura"": 0.0, ""FreteGratis"": false, ""ValorUnitarioFrete"": 1.0, ""PrazoEntregaFrete"": 0, ""ComissaoVendedor"": 0.0, ""Seguro"": 0.0, ""Composicoes"": [], ""Atributos"": null, ""ProductGroupId"": 1, ""Categoria"": ""COM AÇUCAR"", ""CategoriaID"": ""6344371e5b452fbeceeea9ec""}, {""Codigo"": ""0225"", ""Unidade"": ""UN"", ""Descricao"": ""0225 - SUCO DE MARACUJA 2L - COM AÇUCAR"", ""Quantidade"": 1.0, ""ValorUnitario"": 23.99, ""ValorFrete"": 0.0, ""DescontoUnitario"": 1.3482379999999998, ""ValorTotal"": 22.64, ""PesoKG"": 0.0, ""Comprimento"": 0.0, ""Altura"": 0.0, ""Largura"": 0.0, ""FreteGratis"": false, ""ValorUnitarioFrete"": 1.0, ""PrazoEntregaFrete"": 0, ""ComissaoVendedor"": 0.0, ""Seguro"": 0.0, ""Composicoes"": [], ""Atributos"": null, ""ProductGroupId"": 1, ""Categoria"": ""COM AÇUCAR"", ""CategoriaID"": ""6344371e5b452fbeceeea9ec""}]";;2026-10-01T11:29:37.823-03:00;"[{""FormaPagamento"": ""Cartão de Crédito"", ""DescricaoPagamento"": ""Pagamento recebido em Cartão de Crédito"", ""ValorPagamento"": 50.0, ""BandeiraCartao"": ""02"", ""NumeroTerminal"": null, ""DataTransacao"": ""2026-10-01T03:00:00Z"", ""CredenciadoraCartao"": ""STONE INSTITUICAO DE PAGAMENTO S.A"", ""CredenciadoraCNPJ"": ""16501555000157"", ""CV_NSU"": null, ""TipoIntegracao"": ""2"", ""CondicaoPagamento"": 1, ""Parcelas"": 1, ""PeriodoParcelas"": 30, ""Adiantamento"": 0.0, ""Quitar"": null}]";;0.0;21511;2026-10-01T11:29:42.71-03:00;21261041746969000274651000000215111253834911;https://app.sigecloud.com.br/danfenfce/28f81638-c595-4134-9287-9e27aa0e4112/6abe6e56aa0b5eef7cd89aef?downloadpdf&printsize=80mm;http://nfce.sefaz.ma.gov.br/portal/consultarNFCe.jsp?p=21261041746969000274651000000215111253834911|2|1|1|FE326A72B7F926FF5AA4C58831F07981747BD27D;;;0001-01-01T00:00:00-02:00;GRUPO_ITZ;GRUPO_ITZ_PDV ITZ 02_6abe6e51aa0b5eef7cd89a80
6abe72f5665b4ec7798b5598;;99705168;PDV;64c94dd81e4b247fa20e0d65;TABELA B ITZ;64ef3f6a625d54b7a24c22af;PDV ITZ 02;Pedido Faturado;;Consumidor Final;2026-10-01T11:49:24.916-03:00;PDV ITZ 02;6566292f794a8ac8094d0928;659057a8395f2736400d9dbd;CONSUMIDOR NÃO IDENTIFICADO;659057a8395f2736400d9dbd;;;PDV02 ITZ;7b5491d8-dca5-4e4e-a6ca-42852b158e30;Receitas PDV;Cartão de Crédito;5b648d983498afae6d5c3601;1;0;;;2026-10-01T11:49:24.979-03:00;0001-01-01T00:00:00-02:00;0001-01-01T00:00:00-02:00;False;0.0;False;;False;0.0;Gerado automaticamente através do modulo PDV;0.0;;5.99;True;True;;;;;;;;;;;"[{""Id"": 1, ""Nome"": ""Grupo de Produtos Padrão - 01""}]";"[{""Codigo"": ""0237"", ""Unidade"": ""UN"", ""Descricao"": ""0237 - SUCO DE MARACUJA 300ML - COM AÇUCAR"", ""Quantidade"": 1.0, ""ValorUnitario"": 5.99, ""ValorFrete"": 0.0, ""DescontoUnitario"": 0.0, ""ValorTotal"": 5.99, ""PesoKG"": 0.0, ""Comprimento"": 0.0, ""Altura"": 0.0, ""Largura"": 0.0, ""FreteGratis"": false, ""ValorUnitarioFrete"": 1.0, ""PrazoEntregaFrete"": 0, ""ComissaoVendedor"": 0.0, ""Seguro"": 0.0, ""Composicoes"": [], ""Atributos"": null, ""ProductGroupId"": 1, ""Categoria"": ""COM AÇUCAR"", ""CategoriaID"": ""6344371e5b452fbeceeea9ec""}]";;2026-10-01T11:49:24.979-03:00;"[{""FormaPagamento"": ""Dinheiro"", ""DescricaoPagamento"": ""Descrição"", ""ValorPagamento"": 1.99, ""BandeiraCartao"": """", ""NumeroTerminal"": null, ""DataTransacao"": ""2026-10-01T03:00:00Z"", ""CredenciadoraCartao"": null, ""CredenciadoraCNPJ"": null, ""CV_NSU"": null, ""TipoIntegracao"": null, ""CondicaoPagamento"": 0, ""Parcelas"": 1, ""PeriodoParcelas"": 30, ""Adiantamento"": 0.0, ""Quitar"": null}, {""FormaPagamento"": ""Cartão de Crédito"", ""DescricaoPagamento"": ""Pagamento recebido em Cartão de Crédito"", ""ValorPagamento"": 4.0, ""BandeiraCartao"": ""02"", ""NumeroTerminal"": null, ""DataTransacao"": ""2026-10-01T03:00:00Z"", ""CredenciadoraCartao"": ""STONE INSTITUICAO DE PAGAMENTO S.A"", ""CredenciadoraCNPJ"": ""16501555000157"", ""CV_NSU"": null, ""TipoIntegracao"": ""2"", ""CondicaoPagamento"": 1, ""Parcelas"": 1, ""PeriodoParcelas"": 30, ""Adiantamento"": 0.0, ""Quitar"": null}]";;0.0;21512;2026-10-01T11:49:26.325-03:00;21261041746969000274651000000215121713486218;https://app.sigecloud.com.br/danfenfce/28f81638-c595-4134-9287-9e27aa0e4112/6abe72f6f408cfa759bd629e?downloadpdf&printsize=80mm;http://nfce.sefaz.ma.gov.br/portal/consultarNFCe.jsp?p=21261041746969000274651000000215121713486218|2|1|1|E0B84A43165319B57A6980B5BA3ACAAB32469DD1;;;0001-01-01T00:00:00-02:00;GRUPO_ITZ;GRUPO_ITZ_PDV ITZ 02_6abe72f5665b4ec7798b5598
6abe74d8b21659cd59f447ac;;99705175;PDV;64c94dd81e4b247fa20e0d65;TAB_CLUBE_VANTAG_ITZ;68fea7d7f52c56d996933227;PDV ITZ 02;Pedido Faturado;;Consumidor Final;2026-10-01T11:57:27.997-03:00;PDV ITZ 02;6566292f794a8ac8094d0928;6a3bef60c62dcfb6d59d3ea3;CARLOS MIRANDA DE JESUS CLUB MIX;6a3bef60c62dcfb6d59d3ea3;22586156315;;PDV02 ITZ;7b5491d8-dca5-4e4e-a6ca-42852b158e30;Receitas PDV;Dinheiro;5b648d1c3498afae6d5bfd89;0;0;;;2026-10-01T11:57:28.122-03:00;0001-01-01T00:00:00-02:00;0001-01-01T00:00:00-02:00;False;0.0;False;;False;0.0;Gerado automaticamente através do modulo PDV;0.0;;18.99;True;True;;;Brasil;;;;CENTRO ITZ;;;;"[{""Id"": 1, ""Nome"": ""Grupo de Produtos Padrão - 01""}]";"[{""Codigo"": ""0222"", ""Unidade"": ""UN"", ""Descricao"": ""0222 - SUCO DE GOIABA 2L - COM AÇUCAR"", ""Quantidade"": 1.0, ""ValorUnitario"": 18.99, ""ValorFrete"": 0.0, ""DescontoUnitario"": 0.0, ""ValorTotal"": 18.99, ""PesoKG"": 0.0, ""Comprimento"": 0.0, ""Altura"": 0.0, ""Largura"": 0.0, ""FreteGratis"": false, ""ValorUnitarioFrete"": 1.0, ""PrazoEntregaFrete"": 0, ""ComissaoVendedor"": 0.0, ""Seguro"": 0.0, ""Composicoes"": [], ""Atributos"": null, ""ProductGroupId"": 1, ""Categoria"": ""COM AÇUCAR"", ""CategoriaID"": ""6344371e5b452fbeceeea9ec""}]";;2026-10-01T11:57:28.122-03:00;"[{""FormaPagamento"": ""Dinheiro"", ""DescricaoPagamento"": ""Pagamento recebido em Dinheiro"", ""ValorPagamento"": 18.99, ""BandeiraCartao"": """", ""NumeroTerminal"": null, ""DataTransacao"": ""2026-10-01T03:00:00Z"", ""CredenciadoraCartao"": null, ""CredenciadoraCNPJ"": null, ""CV_NSU"": null, ""TipoIntegracao"": null, ""CondicaoPagamento"": 0, ""Parcelas"": 1, ""PeriodoParcelas"": 30, ""Adiantamento"": 0.0, ""Quitar"": null}]";;0.0;;2026-10-01T11:57:28.967-03:00;;;;;;0001-01-01T00:00:00-02:00;GRUPO_ITZ;GRUPO_ITZ_PDV ITZ 02_6abe74d8b21659cd59f447ac
6abe78ebaa0b5eef7cd9997d;;99705198;PDV;64c94dd81e4b247fa20e0d65;TABELA B ITZ;64ef3f6a625d54b7a24c22af;PDV ITZ 02;Pedido Faturado;;Consumidor Final;2026-10-01T12:14:51.529-03:00;PDV ITZ 02;6566292f794a8ac8094d0928;659057a8395f2736400d9dbd;CONSUMIDOR NÃO IDENTIFICADO;659057a8395f2736400d9dbd;;;PDV02 ITZ;7b5491d8-dca5-4e4e-a6ca-42852b158e30;Receitas PDV;Cartão de Crédito;5b648d983498afae6d5c3601;1;0;;;2026-10-01T12:14:51.592-03:00;0001-01-01T00:00:00-02:00;0001-01-01T00:00:00-02:00;False;0.0;False;;False;0.0;Gerado automaticamente através do modulo PDV;0.0;;28.98;True;True;;;;;;;;;;;"[{""Id"": 1, ""Nome"": ""Grupo de Produtos Padrão - 01""}]";"[{""Codigo"": ""0204"", ""Unidade"": ""UN"", ""Descricao"": ""0204 - SUCO DE CAJA 1L - COM AÇUCAR"", ""Quantidade"": 1.0, ""ValorUnitario"": 12.99, ""ValorFrete"": 0.0, ""DescontoUnitario"": 0.0, ""ValorTotal"": 12.99, ""PesoKG"": 0.0, ""Comprimento"": 0.0, ""Altura"": 0.0, ""Largura"": 0.0, ""FreteGratis"": false, ""ValorUnitarioFrete"": 1.0, ""PrazoEntregaFrete"": 0, ""ComissaoVendedor"": 0.0, ""Seguro"": 0.0, ""Composicoes"": [], ""Atributos"": null, ""ProductGroupId"": 1, ""Categoria"": ""COM AÇUCAR"", ""CategoriaID"": ""6344371e5b452fbeceeea9ec""}, {""Codigo"": ""0208"", ""Unidade"": ""UN"", ""Descricao"": ""0208 - SUCO DE GRAVIOLA 1L - COM AÇUCAR"", ""Quantidade"": 1.0, ""ValorUnitario"": 15.99, ""ValorFrete"": 0.0, ""DescontoUnitario"": 0.0, ""ValorTotal"": 15.99, ""PesoKG"": 0.0, ""Comprimento"": 0.0, ""Altura"": 0.0, ""Largura"": 0.0, ""FreteGratis"": false, ""ValorUnitarioFrete"": 1.0, ""PrazoEntregaFrete"": 0, ""ComissaoVendedor"": 0.0, ""Seguro"": 0.0, ""Composicoes"": [], ""Atributos"": null, ""ProductGroupId"": 1, ""Categoria"": """", ""CategoriaID"": """"}]";;2026-10-01T12:14:51.592-03:00;"[{""FormaPagamento"": ""Cartão de Crédito"", ""DescricaoPagamento"": ""Pagamento recebido em Cartão de Crédito"", ""ValorPagamento"": 28.98, ""BandeiraCartao"": ""01"", ""NumeroTerminal"": null, ""DataTransacao"": ""2026-10-01T03:00:00Z"", ""CredenciadoraCartao"": ""STONE INSTITUICAO DE PAGAMENTO S.A"", ""CredenciadoraCNPJ"": ""16501555000157"", ""CV_NSU"": null, ""TipoIntegracao"": ""2"", ""CondicaoPagamento"": 1, ""Parcelas"": 1, ""PeriodoParcelas"": 1, ""Adiantamento"": 0.0, ""Quitar"": null}]";;0.0;21513;2026-10-01T12:14:52.521-03:00;21261041746969000274651000000215131320881542;https://app.sigecloud.com.br/danfenfce/28f81638-c595-4134-9287-9e27aa0e4112/6abe78ecaa0b5eef7cd999af?downloadpdf&printsize=80mm;http://nfce.sefaz.ma.gov.br/portal/consultarNFCe.jsp?p=21261041746969000274651000000215131320881542|2|1|1|15C6A159AD5D1721A03584963A4DDE65B677F897;;;0001-01-01T00:00:00-02:00;GRUPO_ITZ;GRUPO_ITZ_PDV ITZ 02_6abe78ebaa0b5eef7cd9997d
6abe7adeb36b21c5cbff4109;;99705210;PDV;64c94dd81e4b247fa20e0d65;TABELA B ITZ;64ef3f6a625d54b7a24c22af;PDV ITZ 02;Pedido Faturado;;Consumidor Final;2026-10-01T12:23:10.611-03:00;PDV ITZ 02;6566292f794a8ac8094d0928;659057a8395f2736400d9dbd;CONSUMIDOR NÃO IDENTIFICADO;659057a8395f2736400d9dbd;;;PDV02 ITZ;7b5491d8-dca5-4e4e-a6ca-42852b158e30;Receitas PDV;PIX;635ae864cd43d34b928b24c4;0;0;;;2026-10-01T12:23:10.692-03:00;0001-01-01T00:00:00-02:00;0001-01-01T00:00:00-02:00;False;0.0;False;;False;0.0;Gerado automaticamente através do modulo PDV;0.0;;24.99;True;True;;;;;;;;;;;"[{""Id"": 1, ""Nome"": ""Grupo de Produtos Padrão - 01""}]";"[{""Codigo"": ""0225"", ""Unidade"": ""UN"", ""Descricao"": ""0225 - SUCO DE MARACUJA 2L - COM AÇUCAR"", ""Quantidade"": 1.0, ""ValorUnitario"": 24.99, ""ValorFrete"": 0.0, ""DescontoUnitario"": 0.0, ""ValorTotal"": 24.99, ""PesoKG"": 0.0, ""Comprimento"": 0.0, ""Altura"": 0.0, ""Largura"": 0.0, ""FreteGratis"": false, ""ValorUnitarioFrete"": 1.0, ""PrazoEntregaFrete"": 0, ""ComissaoVendedor"": 0.0, ""Seguro"": 0.0, ""Composicoes"": [], ""Atributos"": null, ""ProductGroupId"": 1, ""Categoria"": ""COM AÇUCAR"", ""CategoriaID"": ""6344371e5b452fbeceeea9ec""}]";;2026-10-01T12:23:10.692-03:00;"[{""FormaPagamento"": ""PIX"", ""DescricaoPagamento"": ""Pagamento recebido em PIX"", ""ValorPagamento"": 24.99, ""BandeiraCartao"": """", ""NumeroTerminal"": null, ""DataTransacao"": ""2026-10-01T03:00:00Z"", ""CredenciadoraCartao"": null, ""CredenciadoraCNPJ"": null, ""CV_NSU"": null, ""TipoIntegracao"": null, ""CondicaoPagamento"": 0, ""Parcelas"": 1, ""PeriodoParcelas"": 30, ""Adiantamento"": 0.0, ""Quitar"": null}]";;0.0;21514;2026-10-01T12:23:11.534-03:00;21261041746969000274651000000215141691207472;https://app.sigecloud.com.br/danfenfce/28f81638-c595-4134-9287-9e27aa0e4112/6abe7adf9c74cd6eecf37fa3?downloadpdf&printsize=80mm;http://nfce.sefaz.ma.gov.br/portal/consultarNFCe.jsp?p=21261041746969000274651000000215141691207472|2|1|1|F814CB6CCC76CA42C4D7914891C59876BF340A8B;;;0001-01-01T00:00:00-02:00;GRUPO_ITZ;GRUPO_ITZ_PDV ITZ 02_6abe7adeb36b21c5cbff4109
6abe7ba1aa0b5eef7cd9f024;;99705212;PDV;64c94dd81e4b247fa20e0d65;TAB_CLUBE_VANTAG_ITZ;68fea7d7f52c56d996933227;PDV ITZ 02;Pedido Faturado;;Consumidor Final;2026-10-01T12:26:25.861-03:00;PDV ITZ 02;6566292f794a8ac8094d0928;6a4682a6a70f7a75637478d5;MATEUS CASSIANO BISPO CLUB MIX;6a4682a6a70f7a75637478d5;62358798304;;PDV02 ITZ;7b5491d8-dca5-4e4e-a6ca-42852b158e30;Receitas PDV;PIX;635ae864cd43d34b928b24c4;0;0;;;2026-10-01T12:26:25.926-03:00;0001-01-01T00:00:00-02:00;0001-01-01T00:00:00-02:00;False;0.0;False;;False;0.0;Gerado automaticamente através do modulo PDV;0.0;;15.99;True;True;;;Brasil;;;;DAVINOPOLES;;;;"[{""Id"": 1, ""Nome"": ""Grupo de Produtos Padrão - 01""}]";"[{""Codigo"": ""0209"", ""Unidade"": ""UN"", ""Descricao"": ""0209 - SUCO DE LARANJA 1L - COM AÇUCAR"", ""Quantidade"": 1.0, ""ValorUnitario"": 15.99, ""ValorFrete"": 0.0, ""DescontoUnitario"": 0.0, ""ValorTotal"": 15.99, ""PesoKG"": 0.0, ""Comprimento"": 0.0, ""Altura"": 0.0, ""Largura"": 0.0, ""FreteGratis"": false, ""ValorUnitarioFrete"": 1.0, ""PrazoEntregaFrete"": 0, ""ComissaoVendedor"": 0.0, ""Seguro"": 0.0, ""Composicoes"": [], ""Atributos"": null, ""ProductGroupId"": 1, ""Categoria"": ""COM AÇUCAR"", ""CategoriaID"": ""6344371e5b452fbeceeea9ec""}]";;2026-10-01T12:26:25.926-03:00;"[{""FormaPagamento"": ""PIX"", ""DescricaoPagamento"": ""Pagamento recebido em PIX"", ""ValorPagamento"": 15.99, ""BandeiraCartao"": """", ""NumeroTerminal"": null, ""DataTransacao"": ""2026-10-01T03:00:00Z"", ""CredenciadoraCartao"": null, ""CredenciadoraCNPJ"": null, ""CV_NSU"": null, ""TipoIntegracao"": null, ""CondicaoPagamento"": 0, ""Parcelas"": 1, ""PeriodoParcelas"": 30, ""Adiantamento"": 0.0, ""Quitar"": null}]";;0.0;21515;2026-10-01T12:26:27.023-03:00;21261041746969000274651000000215151285294482;https://app.sigecloud.com.br/danfenfce/28f81638-c595-4134-9287-9e27aa0e4112/6abe7ba3f408cfa759be30dd?downloadpdf&printsize=80mm;http://nfce.sefaz.ma.gov.br/portal/consultarNFCe.jsp?p=21261041746969000274651000000215151285294482|2|1|1|BD0E82F7E2B7B4D3B07B24BC83B20BC2B39AB969;;;0001-01-01T00:00:00-02:00;GRUPO_ITZ;GRUPO_ITZ_PDV ITZ 02_6abe7ba1aa0b5eef7cd9f024
6abe7e18aa0b5eef7cda2f78;;99705229;PDV;64c94dd81e4b247fa20e0d65;TAB_CLUBE_VANTAG_ITZ;68fea7d7f52c56d996933227;PDV ITZ 02;Pedido Faturado;;Consumidor Final;2026-10-01T12:36:56.18-03:00;PDV ITZ 02;6566292f794a8ac8094d0928;698b61e6235f3d1687412720;ULISSES VIEIRA COUTINHO DOS SANTOS;698b61e6235f3d1687412720;70889651353;;PDV02 ITZ;7b5491d8-dca5-4e4e-a6ca-42852b158e30;Receitas PDV;Dinheiro;5b648d1c3498afae6d5bfd89;0;0;;;2026-10-01T12:36:56.287-03:00;0001-01-01T00:00:00-02:00;0001-01-01T00:00:00-02:00;False;0.0;False;;False;0.0;Gerado automaticamente através do modulo PDV;0.0;;20.0;True;True;Buriticupu;2102325;Brasil;65393000;MA;21;;;S/N;;"[{""Id"": 1, ""Nome"": ""Grupo de Produtos Padrão - 01""}]";"[{""Codigo"": ""0239"", ""Unidade"": ""UN"", ""Descricao"": ""0239 - SUCO DE TAMARINDO 300ML - COM AÇUCAR"", ""Quantidade"": 1.0, ""ValorUnitario"": 4.49, ""ValorFrete"": 0.0, ""DescontoUnitario"": 0.10506599999999999, ""ValorTotal"": 4.38, ""PesoKG"": 0.0, ""Comprimento"": 0.0, ""Altura"": 0.0, ""Largura"": 0.0, ""FreteGratis"": false, ""ValorUnitarioFrete"": 1.0, ""PrazoEntregaFrete"": 0, ""ComissaoVendedor"": 0.0, ""Seguro"": 0.0, ""Composicoes"": [], ""Atributos"": null, ""ProductGroupId"": 1, ""Categoria"": ""COM AÇUCAR"", ""CategoriaID"": ""6344371e5b452fbeceeea9ec""}, {""Codigo"": ""0209"", ""Unidade"": ""UN"", ""Descricao"": ""0209 - SUCO DE LARANJA 1L - COM AÇUCAR"", ""Quantidade"": 1.0, ""ValorUnitario"": 15.99, ""ValorFrete"": 0.0, ""DescontoUnitario"": 0.37416599999999994, ""ValorTotal"": 15.62, ""PesoKG"": 0.0, ""Comprimento"": 0.0, ""Altura"": 0.0, ""Largura"": 0.0, ""FreteGratis"": false, ""ValorUnitarioFrete"": 1.0, ""PrazoEntregaFrete"": 0, ""ComissaoVendedor"": 0.0, ""Seguro"": 0.0, ""Composicoes"": [], ""Atributos"": null, ""ProductGroupId"": 1, ""Categoria"": ""COM AÇUCAR"", ""CategoriaID"": ""6344371e5b452fbeceeea9ec""}]";;2026-10-01T12:36:56.287-03:00;"[{""FormaPagamento"": ""Dinheiro"", ""DescricaoPagamento"": ""Pagamento recebido em Dinheiro"", ""ValorPagamento"": 20.0, ""BandeiraCartao"": """", ""NumeroTerminal"": null, ""DataTransacao"": ""2026-10-01T03:00:00Z"", ""CredenciadoraCartao"": null, ""CredenciadoraCNPJ"": null, ""CV_NSU"": null, ""TipoIntegracao"": null, ""CondicaoPagamento"": 0, ""Parcelas"": 1, ""PeriodoParcelas"": 30, ""Adiantamento"": 0.0, ""Quitar"": null}]";;0.0;21516;2026-10-01T12:36:57.523-03:00;21261041746969000274651000000215161603884161;https://app.sigecloud.com.br/danfenfce/28f81638-c595-4134-9287-9e27aa0e4112/6abe7e19aa0b5eef7cda2fad?downloadpdf&printsize=80mm;http://nfce.sefaz.ma.gov.br/portal/consultarNFCe.jsp?p=21261041746969000274651000000215161603884161|2|1|1|06DAA7B62D0873A401A0E277B71467CA53F42882;;;0001-01-01T00:00:00-02:00;GRUPO_ITZ;GRUPO_ITZ_PDV ITZ 02_6abe7e18aa0b5eef7cda2f78
6abe7effa93bcdf35ae0f881;;99705237;PDV;64c94dd81e4b247fa20e0d65;TAB_CLUBE_VANTAG_ITZ;68fea7d7f52c56d996933227;PDV ITZ 02;Pedido Faturado;;Consumidor Final;2026-10-01T12:40:47.869-03:00;PDV ITZ 02;6566292f794a8ac8094d0928;6a2889d32c6ca11bf9c63303;MARCOS AURELIO REGO - CLUB MIX;6a2889d32c6ca11bf9c63303;80412807300;;PDV02 ITZ;7b5491d8-dca5-4e4e-a6ca-42852b158e30;Receitas PDV;Cartão de Crédito;5b648d983498afae6d5c3601;1;0;;;2026-10-01T12:40:47.931-03:00;0001-01-01T00:00:00-02:00;0001-01-01T00:00:00-02:00;False;0.0;False;;False;0.0;Gerado automaticamente através do modulo PDV;0.0;;15.99;True;True;;;Brasil;;;;;;;;"[{""Id"": 1, ""Nome"": ""Grupo de Produtos Padrão - 01""}]";"[{""Codigo"": ""0209"", ""Unidade"": ""UN"", ""Descricao"": ""0209 - SUCO DE LARANJA 1L - COM AÇUCAR"", ""Quantidade"": 1.0, ""ValorUnitario"": 15.99, ""ValorFrete"": 0.0, ""DescontoUnitario"": 0.0, ""ValorTotal"": 15.99, ""PesoKG"": 0.0, ""Comprimento"": 0.0, ""Altura"": 0.0, ""Largura"": 0.0, ""FreteGratis"": false, ""ValorUnitarioFrete"": 1.0, ""PrazoEntregaFrete"": 0, ""ComissaoVendedor"": 0.0, ""Seguro"": 0.0, ""Composicoes"": [], ""Atributos"": null, ""ProductGroupId"": 1, ""Categoria"": ""COM AÇUCAR"", ""CategoriaID"": ""6344371e5b452fbeceeea9ec""}]";;2026-10-01T12:40:47.931-03:00;"[{""FormaPagamento"": ""Cartão de Crédito"", ""DescricaoPagamento"": ""Pagamento recebido em Cartão de Crédito"", ""ValorPagamento"": 15.99, ""BandeiraCartao"": ""01"", ""NumeroTerminal"": null, ""DataTransacao"": ""2026-10-01T03:00:00Z"", ""CredenciadoraCartao"": ""STONE INSTITUICAO DE PAGAMENTO S.A"", ""CredenciadoraCNPJ"": ""16501555000157"", ""CV_NSU"": null, ""TipoIntegracao"": ""2"", ""CondicaoPagamento"": 1, ""Parcelas"": 1, ""PeriodoParcelas"": 1, ""Adiantamento"": 0.0, ""Quitar"": null}]";;0.0;21517;2026-10-01T12:40:48.793-03:00;21261041746969000274651000000215171284895401;https://app.sigecloud.com.br/danfenfce/28f81638-c595-4134-9287-9e27aa0e4112/6abe7f01a93bcdf35ae0f893?downloadpdf&printsize=80mm;http://nfce.sefaz.ma.gov.br/portal/consultarNFCe.jsp?p=21261041746969000274651000000215171284895401|2|1|1|703042FB4F61C7E615428AE1849ACBADB6B65FF7;;;0001-01-01T00:00:00-02:00;GRUPO_ITZ;GRUPO_ITZ_PDV ITZ 02_6abe7effa93bcdf35ae0f881
6abe829a31195d99eada5862;;99705258;PDV;64c94dd81e4b247fa20e0d65;TABELA B ITZ;64ef3f6a625d54b7a24c22af;PDV ITZ 02;Pedido Faturado;;Consumidor Final;2026-10-01T12:56:10.433-03:00;PDV ITZ 02;6566292f794a8ac8094d0928;659057a8395f2736400d9dbd;CONSUMIDOR NÃO IDENTIFICADO;659057a8395f2736400d9dbd;;;PDV02 ITZ;7b5491d8-dca5-4e4e-a6ca-42852b158e30;Receitas PDV;Cartão de Débito;5b648d993498afae6d5c361b;0;0;;;2026-10-01T12:56:10.481-03:00;0001-01-01T00:00:00-02:00;0001-01-01T00:00:00-02:00;False;0.0;False;;False;0.0;Gerado automaticamente através do modulo PDV;0.0;;4.99;True;True;;;;;;;;;;;"[{""Id"": 1, ""Nome"": ""Grupo de Produtos Padrão - 01""}]";"[{""Codigo"": ""0332"", ""Unidade"": ""UN"", ""Descricao"": ""0332 - SUCO DE CAJU 300ML - SEM AÇUCAR"", ""Quantidade"": 1.0, ""ValorUnitario"": 4.99, ""ValorFrete"": 0.0, ""DescontoUnitario"": 0.0, ""ValorTotal"": 4.99, ""PesoKG"": 0.0, ""Comprimento"": 0.0, ""Altura"": 0.0, ""Largura"": 0.0, ""FreteGratis"": false, ""ValorUnitarioFrete"": 1.0, ""PrazoEntregaFrete"": 0, ""ComissaoVendedor"": 0.0, ""Seguro"": 0.0, ""Composicoes"": [], ""Atributos"": null, ""ProductGroupId"": 1, ""Categoria"": ""SEM AÇUCAR"", ""CategoriaID"": ""6525b5fade6325a32c55386b""}]";;2026-10-01T12:56:10.481-03:00;"[{""FormaPagamento"": ""Cartão de Débito"", ""DescricaoPagamento"": ""Pagamento recebido em Cartão de Débito"", ""ValorPagamento"": 4.99, ""BandeiraCartao"": ""01"", ""NumeroTerminal"": null, ""DataTransacao"": ""2026-10-01T03:00:00Z"", ""CredenciadoraCartao"": ""STONE INSTITUICAO DE PAGAMENTO S.A"", ""CredenciadoraCNPJ"": ""16501555000157"", ""CV_NSU"": null, ""TipoIntegracao"": ""2"", ""CondicaoPagamento"": 0, ""Parcelas"": 1, ""PeriodoParcelas"": 30, ""Adiantamento"": 0.0, ""Quitar"": null}]";;0.0;21518;2026-10-01T12:56:11.028-03:00;21261041746969000274651000000215181531647635;https://app.sigecloud.com.br/danfenfce/28f81638-c595-4134-9287-9e27aa0e4112/6abe829baa0b5eef7cda9349?downloadpdf&printsize=80mm;http://nfce.sefaz.ma.gov.br/portal/consultarNFCe.jsp?p=21261041746969000274651000000215181531647635|2|1|1|26C765870729BC6A1E70518825D904458F60E785;;;0001-01-01T00:00:00-02:00;GRUPO_ITZ;GRUPO_ITZ_PDV ITZ 02_6abe829a31195d99eada5862
6abe8390f408cfa759beeef9;;99705261;PDV;64c94dd81e4b247fa20e0d65;TABELA B ITZ;64ef3f6a625d54b7a24c22af;PDV ITZ 02;Pedido Faturado;;Consumidor Final;2026-10-01T13:00:15.972-03:00;PDV ITZ 02;6566292f794a8ac8094d0928;659057a8395f2736400d9dbd;CONSUMIDOR NÃO IDENTIFICADO;659057a8395f2736400d9dbd;;;PDV02 ITZ;7b5491d8-dca5-4e4e-a6ca-42852b158e30;Receitas PDV;Cartão de Débito;5b648d993498afae6d5c361b;0;0;;;2026-10-01T13:00:16.004-03:00;0001-01-01T00:00:00-02:00;0001-01-01T00:00:00-02:00;False;0.0;False;;False;0.0;Gerado automaticamente através do modulo PDV;0.0;;20.0;True;True;;;;;;;;;;;"[{""Id"": 1, ""Nome"": ""Grupo de Produtos Padrão - 01""}]";"[{""Codigo"": ""0216"", ""Unidade"": ""UN"", ""Descricao"": ""0216 - SUCO DE ACEROLA 2L - COM AÇUCAR"", ""Quantidade"": 1.0, ""ValorUnitario"": 23.99, ""ValorFrete"": 0.0, ""DescontoUnitario"": 3.989537, ""ValorTotal"": 20.0, ""PesoKG"": 0.0, ""Comprimento"": 0.0, ""Altura"": 0.0, ""Largura"": 0.0, ""FreteGratis"": false, ""ValorUnitarioFrete"": 1.0, ""PrazoEntregaFrete"": 0, ""ComissaoVendedor"": 0.0, ""Seguro"": 0.0, ""Composicoes"": [], ""Atributos"": null, ""ProductGroupId"": 1, ""Categoria"": ""COM AÇUCAR"", ""CategoriaID"": ""6344371e5b452fbeceeea9ec""}]";;2026-10-01T13:00:16.004-03:00;"[{""FormaPagamento"": ""Cartão de Débito"", ""DescricaoPagamento"": ""Pagamento recebido em Cartão de Débito"", ""ValorPagamento"": 20.0, ""BandeiraCartao"": ""02"", ""NumeroTerminal"": null, ""DataTransacao"": ""2026-10-01T03:00:00Z"", ""CredenciadoraCartao"": ""STONE INSTITUICAO DE PAGAMENTO S.A"", ""CredenciadoraCNPJ"": ""16501555000157"", ""CV_NSU"": null, ""TipoIntegracao"": ""2"", ""CondicaoPagamento"": 0, ""Parcelas"": 1, ""PeriodoParcelas"": 30, ""Adiantamento"": 0.0, ""Quitar"": null}]";;0.0;21519;2026-10-01T13:00:16.911-03:00;21261041746969000274651000000215191124886336;https://app.sigecloud.com.br/danfenfce/28f81638-c595-4134-9287-9e27aa0e4112/6abe8391f408cfa759beef18?downloadpdf&printsize=80mm;http://nfce.sefaz.ma.gov.br/portal/consultarNFCe.jsp?p=21261041746969000274651000000215191124886336|2|1|1|3AB7AE78E18EBD56555DED91884F17F756399AB0;;;0001-01-01T00:00:00-02:00;GRUPO_ITZ;GRUPO_ITZ_PDV ITZ 02_6abe8390f408cfa759beeef9
6abe4282aa0b5eef7cd47c86;;99704991;PDV;6777d2f0157c25ee305ee406;TABELA B ITZ;64ef3f6a625d54b7a24c22af;PDV ITZ 04;Pedido Faturado;;Consumidor Final;2026-10-01T08:22:42.35-03:00;PDV ITZ 04;6777cdd95c70fc5b587b2f39;659057a8395f2736400d9dbd;CONSUMIDOR NÃO IDENTIFICADO;659057a8395f2736400d9dbd;;;ATENDIMENTO04 ITZ;2ae983c7-1281-4886-8f86-4b3faa0760a3;Receitas PDV;PIX;635ae864cd43d34b928b24c4;0;0;;;2026-10-01T08:22:42.413-03:00;0001-01-01T00:00:00-02:00;0001-01-01T00:00:00-02:00;False;0.0;False;;False;0.0;Gerado automaticamente através do modulo PDV;0.0;;4.99;True;True;;;;;;;;;;;"[{""Id"": 1, ""Nome"": ""Grupo de Produtos Padrão - 01""}]";"[{""Codigo"": ""0233"", ""Unidade"": ""UN"", ""Descricao"": ""0233 - SUCO DE GOIABA 300ML - COM AÇUCAR"", ""Quantidade"": 1.0, ""ValorUnitario"": 4.99, ""ValorFrete"": 0.0, ""DescontoUnitario"": 0.0, ""ValorTotal"": 4.99, ""PesoKG"": 0.0, ""Comprimento"": 0.0, ""Altura"": 0.0, ""Largura"": 0.0, ""FreteGratis"": false, ""ValorUnitarioFrete"": 1.0, ""PrazoEntregaFrete"": 0, ""ComissaoVendedor"": 0.0, ""Seguro"": 0.0, ""Composicoes"": [], ""Atributos"": null, ""ProductGroupId"": 1, ""Categoria"": ""COM AÇUCAR"", ""CategoriaID"": ""6344371e5b452fbeceeea9ec""}]";;2026-10-01T08:22:42.413-03:00;"[{""FormaPagamento"": ""PIX"", ""DescricaoPagamento"": ""Pagamento recebido em PIX"", ""ValorPagamento"": 4.99, ""BandeiraCartao"": """", ""NumeroTerminal"": null, ""DataTransacao"": ""2026-10-01T03:00:00Z"", ""CredenciadoraCartao"": null, ""CredenciadoraCNPJ"": null, ""CV_NSU"": null, ""TipoIntegracao"": null, ""CondicaoPagamento"": 0, ""Parcelas"": 1, ""PeriodoParcelas"": 30, ""Adiantamento"": 0.0, ""Quitar"": null}]";;0.0;11882;2026-10-01T08:22:43.32-03:00;21261058370092000181650010000118821270044140;https://app.sigecloud.com.br/danfenfce/28f81638-c595-4134-9287-9e27aa0e4112/6abe4283b46e79de05cd4f74?downloadpdf&printsize=80mm;http://nfce.sefaz.ma.gov.br/portal/consultarNFCe.jsp?p=21261058370092000181650010000118821270044140|2|1|1|6630755C591120405E1AA9A09595E32FE1713614;;;0001-01-01T00:00:00-02:00;GRUPO_ITZ;GRUPO_ITZ_PDV ITZ 04_6abe4282aa0b5eef7cd47c86
6abe50619a755c33b3f33d36;;99705036;PDV;6777d2f0157c25ee305ee406;TABELA B ITZ;64ef3f6a625d54b7a24c22af;PDV ITZ 04;Pedido Faturado;;Consumidor Final;2026-10-01T09:21:53.291-03:00;PDV ITZ 04;6777cdd95c70fc5b587b2f39;659057a8395f2736400d9dbd;CONSUMIDOR NÃO IDENTIFICADO;659057a8395f2736400d9dbd;;;ATENDIMENTO04 ITZ;2ae983c7-1281-4886-8f86-4b3faa0760a3;Receitas PDV;Cartão de Débito;5b648d993498afae6d5c361b;0;0;;;2026-10-01T09:21:53.353-03:00;0001-01-01T00:00:00-02:00;0001-01-01T00:00:00-02:00;False;0.0;False;;False;0.0;Gerado automaticamente através do modulo PDV;0.0;;5.99;True;True;;;;;;;;;;;"[{""Id"": 1, ""Nome"": ""Grupo de Produtos Padrão - 01""}]";"[{""Codigo"": ""0237"", ""Unidade"": ""UN"", ""Descricao"": ""0237 - SUCO DE MARACUJA 300ML - COM AÇUCAR"", ""Quantidade"": 1.0, ""ValorUnitario"": 5.99, ""ValorFrete"": 0.0, ""DescontoUnitario"": 0.0, ""ValorTotal"": 5.99, ""PesoKG"": 0.0, ""Comprimento"": 0.0, ""Altura"": 0.0, ""Largura"": 0.0, ""FreteGratis"": false, ""ValorUnitarioFrete"": 1.0, ""PrazoEntregaFrete"": 0, ""ComissaoVendedor"": 0.0, ""Seguro"": 0.0, ""Composicoes"": [], ""Atributos"": null, ""ProductGroupId"": 1, ""Categoria"": ""COM AÇUCAR"", ""CategoriaID"": ""6344371e5b452fbeceeea9ec""}]";;2026-10-01T09:21:53.353-03:00;"[{""FormaPagamento"": ""Cartão de Débito"", ""DescricaoPagamento"": ""Pagamento recebido em Cartão de Débito"", ""ValorPagamento"": 5.99, ""BandeiraCartao"": ""02"", ""NumeroTerminal"": null, ""DataTransacao"": ""2026-10-01T03:00:00Z"", ""CredenciadoraCartao"": ""STONE INSTITUICAO DE PAGAMENTO S.A"", ""CredenciadoraCNPJ"": ""16501555000157"", ""CV_NSU"": null, ""TipoIntegracao"": ""2"", ""CondicaoPagamento"": 0, ""Parcelas"": 1, ""PeriodoParcelas"": 30, ""Adiantamento"": 0.0, ""Quitar"": null}]";;0.0;11883;2026-10-01T09:21:54.481-03:00;21261058370092000181650010000118831165773940;https://app.sigecloud.com.br/danfenfce/28f81638-c595-4134-9287-9e27aa0e4112/6abe5062aa0b5eef7cd599b8?downloadpdf&printsize=80mm;http://nfce.sefaz.ma.gov.br/portal/consultarNFCe.jsp?p=21261058370092000181650010000118831165773940|2|1|1|7697167873D4AE0FD561D4B2C92F8718F4CC7045;;;0001-01-01T00:00:00-02:00;GRUPO_ITZ;GRUPO_ITZ_PDV ITZ 04_6abe50619a755c33b3f33d36
6abe603baa0b5eef7cd7278f;;99705080;PDV;6777d2f0157c25ee305ee406;TABELA B ITZ;64ef3f6a625d54b7a24c22af;PDV ITZ 04;Pedido Faturado;;Consumidor Final;2026-10-01T10:29:31.33-03:00;PDV ITZ 04;6777cdd95c70fc5b587b2f39;659057a8395f2736400d9dbd;CONSUMIDOR NÃO IDENTIFICADO;659057a8395f2736400d9dbd;;;ATENDIMENTO04 ITZ;2ae983c7-1281-4886-8f86-4b3faa0760a3;Receitas PDV;PIX;635ae864cd43d34b928b24c4;0;0;;;2026-10-01T10:29:31.392-03:00;0001-01-01T00:00:00-02:00;0001-01-01T00:00:00-02:00;False;0.0;False;;False;0.0;Gerado automaticamente através do modulo PDV;0.0;;12.98;True;True;;;;;;;;;;;"[{""Id"": 1, ""Nome"": ""Grupo de Produtos Padrão - 01""}]";"[{""Codigo"": ""0236"", ""Unidade"": ""UN"", ""Descricao"": ""0236 - SUCO DE LARANJA 300ML - COM AÇUCAR"", ""Quantidade"": 1.0, ""ValorUnitario"": 6.99, ""ValorFrete"": 0.0, ""DescontoUnitario"": 0.0, ""ValorTotal"": 6.99, ""PesoKG"": 0.0, ""Comprimento"": 0.0, ""Altura"": 0.0, ""Largura"": 0.0, ""FreteGratis"": false, ""ValorUnitarioFrete"": 1.0, ""PrazoEntregaFrete"": 0, ""ComissaoVendedor"": 0.0, ""Seguro"": 0.0, ""Composicoes"": [], ""Atributos"": null, ""ProductGroupId"": 1, ""Categoria"": ""COM AÇUCAR"", ""CategoriaID"": ""6344371e5b452fbeceeea9ec""}, {""Codigo"": ""0237"", ""Unidade"": ""UN"", ""Descricao"": ""0237 - SUCO DE MARACUJA 300ML - COM AÇUCAR"", ""Quantidade"": 1.0, ""ValorUnitario"": 5.99, ""ValorFrete"": 0.0, ""DescontoUnitario"": 0.0, ""ValorTotal"": 5.99, ""PesoKG"": 0.0, ""Comprimento"": 0.0, ""Altura"": 0.0, ""Largura"": 0.0, ""FreteGratis"": false, ""ValorUnitarioFrete"": 1.0, ""PrazoEntregaFrete"": 0, ""ComissaoVendedor"": 0.0, ""Seguro"": 0.0, ""Composicoes"": [], ""Atributos"": null, ""ProductGroupId"": 1, ""Categoria"": ""COM AÇUCAR"", ""CategoriaID"": ""6344371e5b452fbeceeea9ec""}]";;2026-10-01T10:29:31.392-03:00;"[{""FormaPagamento"": ""PIX"", ""DescricaoPagamento"": ""Pagamento recebido em PIX"", ""ValorPagamento"": 12.98, ""BandeiraCartao"": """", ""NumeroTerminal"": null, ""DataTransacao"": ""2026-10-01T03:00:00Z"", ""CredenciadoraCartao"": null, ""CredenciadoraCNPJ"": null, ""CV_NSU"": null, ""TipoIntegracao"": null, ""CondicaoPagamento"": 0, ""Parcelas"": 1, ""PeriodoParcelas"": 30, ""Adiantamento"": 0.0, ""Quitar"": null}]";;0.0;11884;2026-10-01T10:29:32.832-03:00;21261058370092000181650010000118841034514116;https://app.sigecloud.com.br/danfenfce/28f81638-c595-4134-9287-9e27aa0e4112/6abe603d9a755c33b3f4b341?downloadpdf&printsize=80mm;http://nfce.sefaz.ma.gov.br/portal/consultarNFCe.jsp?p=21261058370092000181650010000118841034514116|2|1|1|EA720146779C164BDFD6DC0F49C7BFA798A43588;;;0001-01-01T00:00:00-02:00;GRUPO_ITZ;GRUPO_ITZ_PDV ITZ 04_6abe603baa0b5eef7cd7278f
6abe6071aa0b5eef7cd72e0e;;99705081;PDV;6777d2f0157c25ee305ee406;TABELA B ITZ;64ef3f6a625d54b7a24c22af;PDV ITZ 04;Pedido Faturado;;Consumidor Final;2026-10-01T10:30:25.047-03:00;PDV ITZ 04;6777cdd95c70fc5b587b2f39;659057a8395f2736400d9dbd;CONSUMIDOR NÃO IDENTIFICADO;659057a8395f2736400d9dbd;;;ATENDIMENTO04 ITZ;2ae983c7-1281-4886-8f86-4b3faa0760a3;Receitas PDV;Dinheiro;5b648d1c3498afae6d5bfd89;0;0;;;2026-10-01T10:30:25.11-03:00;0001-01-01T00:00:00-02:00;0001-01-01T00:00:00-02:00;False;0.0;False;;False;0.0;Gerado automaticamente através do modulo PDV;0.0;;14.0;True;True;;;;;;;;;;;"[{""Id"": 1, ""Nome"": ""Grupo de Produtos Padrão - 01""}]";"[{""Codigo"": ""683"", ""Unidade"": null, ""Descricao"": ""683 - AGUA DE COCO DA CANOA 900ML"", ""Quantidade"": 1.0, ""ValorUnitario"": 14.0, ""ValorFrete"": 0.0, ""DescontoUnitario"": 0.0, ""ValorTotal"": 14.0, ""PesoKG"": 0.0, ""Comprimento"": 0.0, ""Altura"": 0.0, ""Largura"": 0.0, ""FreteGratis"": false, ""ValorUnitarioFrete"": 1.0, ""PrazoEntregaFrete"": 0, ""ComissaoVendedor"": 0.0, ""Seguro"": 0.0, ""Composicoes"": [], ""Atributos"": null, ""ProductGroupId"": 1, ""Categoria"": """", ""CategoriaID"": null}]";;2026-10-01T10:30:25.11-03:00;"[{""FormaPagamento"": ""Dinheiro"", ""DescricaoPagamento"": ""Pagamento recebido em Dinheiro"", ""ValorPagamento"": 14.0, ""BandeiraCartao"": """", ""NumeroTerminal"": null, ""DataTransacao"": ""2026-10-01T03:00:00Z"", ""CredenciadoraCartao"": null, ""CredenciadoraCNPJ"": null, ""CV_NSU"": null, ""TipoIntegracao"": null, ""CondicaoPagamento"": 0, ""Parcelas"": 1, ""PeriodoParcelas"": 30, ""Adiantamento"": 0.0, ""Quitar"": null}]";;0.0;;2026-10-01T10:30:25.985-03:00;;;;;;0001-01-01T00:00:00-02:00;GRUPO_ITZ;GRUPO_ITZ_PDV ITZ 04_6abe6071aa0b5eef7cd72e0e
6abe6080f8094b3cf4b3d435;;99705082;PDV;6777d2f0157c25ee305ee406;TABELA B ITZ;64ef3f6a625d54b7a24c22af;PDV ITZ 04;Pedido Faturado;;Consumidor Final;2026-10-01T10:30:40.189-03:00;PDV ITZ 04;6777cdd95c70fc5b587b2f39;659057a8395f2736400d9dbd;CONSUMIDOR NÃO IDENTIFICADO;659057a8395f2736400d9dbd;;;ATENDIMENTO04 ITZ;2ae983c7-1281-4886-8f86-4b3faa0760a3;Receitas PDV;PIX;635ae864cd43d34b928b24c4;0;0;;;2026-10-01T10:30:40.236-03:00;0001-01-01T00:00:00-02:00;0001-01-01T00:00:00-02:00;False;0.0;False;;False;0.0;Gerado automaticamente através do modulo PDV;0.0;;16.99;True;True;;;;;;;;;;;"[{""Id"": 1, ""Nome"": ""Grupo de Produtos Padrão - 01""}]";"[{""Codigo"": ""0209"", ""Unidade"": ""UN"", ""Descricao"": ""0209 - SUCO DE LARANJA 1L - COM AÇUCAR"", ""Quantidade"": 1.0, ""ValorUnitario"": 16.99, ""ValorFrete"": 0.0, ""DescontoUnitario"": 0.0, ""ValorTotal"": 16.99, ""PesoKG"": 0.0, ""Comprimento"": 0.0, ""Altura"": 0.0, ""Largura"": 0.0, ""FreteGratis"": false, ""ValorUnitarioFrete"": 1.0, ""PrazoEntregaFrete"": 0, ""ComissaoVendedor"": 0.0, ""Seguro"": 0.0, ""Composicoes"": [], ""Atributos"": null, ""ProductGroupId"": 1, ""Categoria"": ""COM AÇUCAR"", ""CategoriaID"": ""6344371e5b452fbeceeea9ec""}]";;2026-10-01T10:30:40.236-03:00;"[{""FormaPagamento"": ""PIX"", ""DescricaoPagamento"": ""Pagamento recebido em PIX"", ""ValorPagamento"": 16.99, ""BandeiraCartao"": """", ""NumeroTerminal"": null, ""DataTransacao"": ""2026-10-01T03:00:00Z"", ""CredenciadoraCartao"": null, ""CredenciadoraCNPJ"": null, ""CV_NSU"": null, ""TipoIntegracao"": null, ""CondicaoPagamento"": 0, ""Parcelas"": 1, ""PeriodoParcelas"": 30, ""Adiantamento"": 0.0, ""Quitar"": null}]";;0.0;11885;2026-10-01T10:30:41.314-03:00;21261058370092000181650010000118851960328409;https://app.sigecloud.com.br/danfenfce/28f81638-c595-4134-9287-9e27aa0e4112/6abe60817064f37d849f2bbc?downloadpdf&printsize=80mm;http://nfce.sefaz.ma.gov.br/portal/consultarNFCe.jsp?p=21261058370092000181650010000118851960328409|2|1|1|4A61FB0EDD1903A0A01E966DEE4A48F758AA322A;;;0001-01-01T00:00:00-02:00;GRUPO_ITZ;GRUPO_ITZ_PDV ITZ 04_6abe6080f8094b3cf4b3d435
6abe6ee1f8094b3cf4b55925;;99705131;PDV;6777d2f0157c25ee305ee406;TABELA B ITZ;64ef3f6a625d54b7a24c22af;PDV ITZ 04;Pedido Faturado;;Consumidor Final;2026-10-01T11:32:01.39-03:00;PDV ITZ 04;6777cdd95c70fc5b587b2f39;659057a8395f2736400d9dbd;CONSUMIDOR NÃO IDENTIFICADO;659057a8395f2736400d9dbd;;;ATENDIMENTO04 ITZ;2ae983c7-1281-4886-8f86-4b3faa0760a3;Receitas PDV;Cartão de Débito;5b648d993498afae6d5c361b;0;0;;;2026-10-01T11:32:01.453-03:00;0001-01-01T00:00:00-02:00;0001-01-01T00:00:00-02:00;False;0.0;False;;False;0.0;Gerado automaticamente através do modulo PDV;0.0;;24.98;True;True;;;;;;;;;;;"[{""Id"": 1, ""Nome"": ""Grupo de Produtos Padrão - 01""}]";"[{""Codigo"": ""0211"", ""Unidade"": ""UN"", ""Descricao"": ""0211 - SUCO DE MARACUJA 1L - COM AÇUCAR"", ""Quantidade"": 1.0, ""ValorUnitario"": 13.99, ""ValorFrete"": 0.0, ""DescontoUnitario"": 0.0, ""ValorTotal"": 13.99, ""PesoKG"": 0.0, ""Comprimento"": 0.0, ""Altura"": 0.0, ""Largura"": 0.0, ""FreteGratis"": false, ""ValorUnitarioFrete"": 1.0, ""PrazoEntregaFrete"": 0, ""ComissaoVendedor"": 0.0, ""Seguro"": 0.0, ""Composicoes"": [], ""Atributos"": null, ""ProductGroupId"": 1, ""Categoria"": ""COM AÇUCAR"", ""CategoriaID"": ""6344371e5b452fbeceeea9ec""}, {""Codigo"": ""0205"", ""Unidade"": ""UN"", ""Descricao"": ""0205 - SUCO DE CAJU 1L - COM AÇUCAR"", ""Quantidade"": 1.0, ""ValorUnitario"": 10.99, ""ValorFrete"": 0.0, ""DescontoUnitario"": 0.0, ""ValorTotal"": 10.99, ""PesoKG"": 0.0, ""Comprimento"": 0.0, ""Altura"": 0.0, ""Largura"": 0.0, ""FreteGratis"": false, ""ValorUnitarioFrete"": 1.0, ""PrazoEntregaFrete"": 0, ""ComissaoVendedor"": 0.0, ""Seguro"": 0.0, ""Composicoes"": [], ""Atributos"": null, ""ProductGroupId"": 1, ""Categoria"": ""COM AÇUCAR"", ""CategoriaID"": ""6344371e5b452fbeceeea9ec""}]";;2026-10-01T11:32:01.453-03:00;"[{""FormaPagamento"": ""Cartão de Débito"", ""DescricaoPagamento"": ""Pagamento recebido em Cartão de Débito"", ""ValorPagamento"": 24.98, ""BandeiraCartao"": ""02"", ""NumeroTerminal"": null, ""DataTransacao"": ""2026-10-01T03:00:00Z"", ""CredenciadoraCartao"": ""STONE INSTITUICAO DE PAGAMENTO S.A"", ""CredenciadoraCNPJ"": ""16501555000157"", ""CV_NSU"": null, ""TipoIntegracao"": ""2"", ""CondicaoPagamento"": 0, ""Parcelas"": 1, ""PeriodoParcelas"": 30, ""Adiantamento"": 0.0, ""Quitar"": null}]";;0.0;11886;2026-10-01T11:32:03.801-03:00;21261058370092000181650010000118861525759547;https://app.sigecloud.com.br/danfenfce/28f81638-c595-4134-9287-9e27aa0e4112/6abe6ee4aa0b5eef7cd8aa56?downloadpdf&printsize=80mm;http://nfce.sefaz.ma.gov.br/portal/consultarNFCe.jsp?p=21261058370092000181650010000118861525759547|2|1|1|D269DD155A8FB048FF2E172D3B18DA953CA64436;;;0001-01-01T00:00:00-02:00;GRUPO_ITZ;GRUPO_ITZ_PDV ITZ 04_6abe6ee1f8094b3cf4b55925
6abe6f5baa0b5eef7cd8b62a;;99705134;PDV;6777d2f0157c25ee305ee406;TAB_CLUBE_VANTAG_ITZ;68fea7d7f52c56d996933227;PDV ITZ 04;Pedido Faturado;;Consumidor Final;2026-10-01T11:34:03.045-03:00;PDV ITZ 04;6777cdd95c70fc5b587b2f39;69dd56470d0d893ceb9cbc8c;REGIZANIA - CLUB MIX;69dd56470d0d893ceb9cbc8c;68079516391;;ATENDIMENTO04 ITZ;2ae983c7-1281-4886-8f86-4b3faa0760a3;Receitas PDV;Cartão de Crédito;5b648d983498afae6d5c3601;1;0;;;2026-10-01T11:34:03.107-03:00;0001-01-01T00:00:00-02:00;0001-01-01T00:00:00-02:00;False;0.0;False;;False;0.0;Gerado automaticamente através do modulo PDV;0.0;;25.98;True;True;;;Brasil;;;;;;;;"[{""Id"": 1, ""Nome"": ""Grupo de Produtos Padrão - 01""}]";"[{""Codigo"": ""0209"", ""Unidade"": ""UN"", ""Descricao"": ""0209 - SUCO DE LARANJA 1L - COM AÇUCAR"", ""Quantidade"": 1.0, ""ValorUnitario"": 15.99, ""ValorFrete"": 0.0, ""DescontoUnitario"": 0.0, ""ValorTotal"": 15.99, ""PesoKG"": 0.0, ""Comprimento"": 0.0, ""Altura"": 0.0, ""Largura"": 0.0, ""FreteGratis"": false, ""ValorUnitarioFrete"": 1.0, ""PrazoEntregaFrete"": 0, ""ComissaoVendedor"": 0.0, ""Seguro"": 0.0, ""Composicoes"": [], ""Atributos"": null, ""ProductGroupId"": 1, ""Categoria"": ""COM AÇUCAR"", ""CategoriaID"": ""6344371e5b452fbeceeea9ec""}, {""Codigo"": ""0207"", ""Unidade"": ""UN"", ""Descricao"": ""0207 - SUCO DE GOIABA 1L - COM AÇUCAR"", ""Quantidade"": 1.0, ""ValorUnitario"": 9.99, ""ValorFrete"": 0.0, ""DescontoUnitario"": 0.0, ""ValorTotal"": 9.99, ""PesoKG"": 0.0, ""Comprimento"": 0.0, ""Altura"": 0.0, ""Largura"": 0.0, ""FreteGratis"": false, ""ValorUnitarioFrete"": 1.0, ""PrazoEntregaFrete"": 0, ""ComissaoVendedor"": 0.0, ""Seguro"": 0.0, ""Composicoes"": [], ""Atributos"": null, ""ProductGroupId"": 1, ""Categoria"": ""COM AÇUCAR"", ""CategoriaID"": ""6344371e5b452fbeceeea9ec""}]";;2026-10-01T11:34:03.107-03:00;"[{""FormaPagamento"": ""Cartão de Crédito"", ""DescricaoPagamento"": ""Pagamento recebido em Cartão de Crédito"", ""ValorPagamento"": 25.98, ""BandeiraCartao"": ""02"", ""NumeroTerminal"": null, ""DataTransacao"": ""2026-10-01T03:00:00Z"", ""CredenciadoraCartao"": ""STONE INSTITUICAO DE PAGAMENTO S.A"", ""CredenciadoraCNPJ"": ""16501555000157"", ""CV_NSU"": null, ""TipoIntegracao"": ""2"", ""CondicaoPagamento"": 1, ""Parcelas"": 1, ""PeriodoParcelas"": 30, ""Adiantamento"": 0.0, ""Quitar"": null}]";;0.0;11887;2026-10-01T11:34:04.301-03:00;21261058370092000181650010000118871943013025;https://app.sigecloud.com.br/danfenfce/28f81638-c595-4134-9287-9e27aa0e4112/6abe6f5c665b4ec7798b07c4?downloadpdf&printsize=80mm;http://nfce.sefaz.ma.gov.br/portal/consultarNFCe.jsp?p=21261058370092000181650010000118871943013025|2|1|1|CE663F0DAA882E3163AF640EDDCC5EDFD2A78859;;;0001-01-01T00:00:00-02:00;GRUPO_ITZ;GRUPO_ITZ_PDV ITZ 04_6abe6f5baa0b5eef7cd8b62a
6abe6f928a2598004517ba63;;99705138;PDV;6777d2f0157c25ee305ee406;TABELA B ITZ;64ef3f6a625d54b7a24c22af;PDV ITZ 04;Pedido Faturado;;Consumidor Final;2026-10-01T11:34:58.077-03:00;PDV ITZ 04;6777cdd95c70fc5b587b2f39;659057a8395f2736400d9dbd;CONSUMIDOR NÃO IDENTIFICADO;659057a8395f2736400d9dbd;;;ATENDIMENTO04 ITZ;2ae983c7-1281-4886-8f86-4b3faa0760a3;Receitas PDV;Cartão de Débito;5b648d993498afae6d5c361b;0;0;;;2026-10-01T11:34:58.124-03:00;0001-01-01T00:00:00-02:00;0001-01-01T00:00:00-02:00;False;0.0;False;;False;0.0;Gerado automaticamente através do modulo PDV;0.0;;59.98;True;True;;;;;;;;;;;"[{""Id"": 1, ""Nome"": ""Grupo de Produtos Padrão - 01""}]";"[{""Codigo"": ""0324"", ""Unidade"": ""UN"", ""Descricao"": ""0324 - SUCO DE LARANJA 2L - SEM AÇUCAR"", ""Quantidade"": 2.0, ""ValorUnitario"": 29.99, ""ValorFrete"": 0.0, ""DescontoUnitario"": 0.0, ""ValorTotal"": 59.98, ""PesoKG"": 0.0, ""Comprimento"": 0.0, ""Altura"": 0.0, ""Largura"": 0.0, ""FreteGratis"": false, ""ValorUnitarioFrete"": 1.0, ""PrazoEntregaFrete"": 0, ""ComissaoVendedor"": 0.0, ""Seguro"": 0.0, ""Composicoes"": [], ""Atributos"": null, ""ProductGroupId"": 1, ""Categoria"": ""SEM AÇUCAR"", ""CategoriaID"": ""6525b5fade6325a32c55386b""}]";;2026-10-01T11:34:58.124-03:00;"[{""FormaPagamento"": ""Cartão de Débito"", ""DescricaoPagamento"": ""Pagamento recebido em Cartão de Débito"", ""ValorPagamento"": 59.98, ""BandeiraCartao"": ""02"", ""NumeroTerminal"": null, ""DataTransacao"": ""2026-10-01T03:00:00Z"", ""CredenciadoraCartao"": ""STONE INSTITUICAO DE PAGAMENTO S.A"", ""CredenciadoraCNPJ"": ""16501555000157"", ""CV_NSU"": null, ""TipoIntegracao"": ""2"", ""CondicaoPagamento"": 0, ""Parcelas"": 1, ""PeriodoParcelas"": 30, ""Adiantamento"": 0.0, ""Quitar"": null}]";;0.0;11888;2026-10-01T11:34:59.486-03:00;21261058370092000181650010000118881586463561;https://app.sigecloud.com.br/danfenfce/28f81638-c595-4134-9287-9e27aa0e4112/6abe6f93f8094b3cf4b56a4a?downloadpdf&printsize=80mm;http://nfce.sefaz.ma.gov.br/portal/consultarNFCe.jsp?p=21261058370092000181650010000118881586463561|2|1|1|25E182A531FDF728E1CE3EB57CF2238DF074DEC6;;;0001-01-01T00:00:00-02:00;GRUPO_ITZ;GRUPO_ITZ_PDV ITZ 04_6abe6f928a2598004517ba63
6abe72eb8a25980045180e22;;99705167;PDV;6777d2f0157c25ee305ee406;TABELA B ITZ;64ef3f6a625d54b7a24c22af;PDV ITZ 04;Pedido Faturado;;Consumidor Final;2026-10-01T11:49:15.503-03:00;PDV ITZ 04;6777cdd95c70fc5b587b2f39;659057a8395f2736400d9dbd;CONSUMIDOR NÃO IDENTIFICADO;659057a8395f2736400d9dbd;;;ATENDIMENTO04 ITZ;2ae983c7-1281-4886-8f86-4b3faa0760a3;Receitas PDV;Cartão de Débito;5b648d993498afae6d5c361b;0;0;;;2026-10-01T11:49:15.565-03:00;0001-01-01T00:00:00-02:00;0001-01-01T00:00:00-02:00;False;0.0;False;;False;0.0;Gerado automaticamente através do modulo PDV;0.0;;29.99;True;True;;;;;;;;;;;"[{""Id"": 1, ""Nome"": ""Grupo de Produtos Padrão - 01""}]";"[{""Codigo"": ""0224"", ""Unidade"": ""UN"", ""Descricao"": ""0224 - SUCO DE LARANJA 2L - COM AÇUCAR"", ""Quantidade"": 1.0, ""ValorUnitario"": 29.99, ""ValorFrete"": 0.0, ""DescontoUnitario"": 0.0, ""ValorTotal"": 29.99, ""PesoKG"": 0.0, ""Comprimento"": 0.0, ""Altura"": 0.0, ""Largura"": 0.0, ""FreteGratis"": false, ""ValorUnitarioFrete"": 1.0, ""PrazoEntregaFrete"": 0, ""ComissaoVendedor"": 0.0, ""Seguro"": 0.0, ""Composicoes"": [], ""Atributos"": null, ""ProductGroupId"": 1, ""Categoria"": ""COM AÇUCAR"", ""CategoriaID"": ""6344371e5b452fbeceeea9ec""}]";;2026-10-01T11:49:15.565-03:00;"[{""FormaPagamento"": ""Cartão de Débito"", ""DescricaoPagamento"": ""Descrição"", ""ValorPagamento"": 15.0, ""BandeiraCartao"": ""02"", ""NumeroTerminal"": null, ""DataTransacao"": ""2026-10-01T03:00:00Z"", ""CredenciadoraCartao"": ""STONE INSTITUICAO DE PAGAMENTO S.A"", ""CredenciadoraCNPJ"": ""16501555000157"", ""CV_NSU"": null, ""TipoIntegracao"": ""2"", ""CondicaoPagamento"": 0, ""Parcelas"": 1, ""PeriodoParcelas"": 30, ""Adiantamento"": 0.0, ""Quitar"": null}, {""FormaPagamento"": ""Cartão de Débito"", ""DescricaoPagamento"": ""Pagamento recebido em Cartão de Débito"", ""ValorPagamento"": 14.99, ""BandeiraCartao"": ""01"", ""NumeroTerminal"": null, ""DataTransacao"": ""2026-10-01T03:00:00Z"", ""CredenciadoraCartao"": ""STONE INSTITUICAO DE PAGAMENTO S.A"", ""CredenciadoraCNPJ"": ""16501555000157"", ""CV_NSU"": null, ""TipoIntegracao"": ""2"", ""CondicaoPagamento"": 0, ""Parcelas"": 1, ""PeriodoParcelas"": 30, ""Adiantamento"": 0.0, ""Quitar"": null}]";;0.0;11889;2026-10-01T11:49:16.896-03:00;21261058370092000181650010000118891072233788;https://app.sigecloud.com.br/danfenfce/28f81638-c595-4134-9287-9e27aa0e4112/6abe72ed7064f37d84a0f554?downloadpdf&printsize=80mm;http://nfce.sefaz.ma.gov.br/portal/consultarNFCe.jsp?p=21261058370092000181650010000118891072233788|2|1|1|1FE2A9B988541A7E400CCBE3BFB914EE7E963FCD;;;0001-01-01T00:00:00-02:00;GRUPO_ITZ;GRUPO_ITZ_PDV ITZ 04_6abe72eb8a25980045180e22
6abe784831195d99ead946ff;;99705193;PDV;6777d2f0157c25ee305ee406;TABELA B ITZ;64ef3f6a625d54b7a24c22af;PDV ITZ 04;Pedido Faturado;;Consumidor Final;2026-10-01T12:12:08.164-03:00;PDV ITZ 04;6777cdd95c70fc5b587b2f39;659057a8395f2736400d9dbd;CONSUMIDOR NÃO IDENTIFICADO;659057a8395f2736400d9dbd;;;ATENDIMENTO04 ITZ;2ae983c7-1281-4886-8f86-4b3faa0760a3;Receitas PDV;Dinheiro;5b648d1c3498afae6d5bfd89;0;0;;;2026-10-01T12:12:08.195-03:00;0001-01-01T00:00:00-02:00;0001-01-01T00:00:00-02:00;False;0.0;False;;False;0.0;Gerado automaticamente através do modulo PDV;0.0;;24.99;True;True;;;;;;;;;;;"[{""Id"": 1, ""Nome"": ""Grupo de Produtos Padrão - 01""}]";"[{""Codigo"": ""0225"", ""Unidade"": ""UN"", ""Descricao"": ""0225 - SUCO DE MARACUJA 2L - COM AÇUCAR"", ""Quantidade"": 1.0, ""ValorUnitario"": 24.99, ""ValorFrete"": 0.0, ""DescontoUnitario"": 0.0, ""ValorTotal"": 24.99, ""PesoKG"": 0.0, ""Comprimento"": 0.0, ""Altura"": 0.0, ""Largura"": 0.0, ""FreteGratis"": false, ""ValorUnitarioFrete"": 1.0, ""PrazoEntregaFrete"": 0, ""ComissaoVendedor"": 0.0, ""Seguro"": 0.0, ""Composicoes"": [], ""Atributos"": null, ""ProductGroupId"": 1, ""Categoria"": ""COM AÇUCAR"", ""CategoriaID"": ""6344371e5b452fbeceeea9ec""}]";;2026-10-01T12:12:08.195-03:00;"[{""FormaPagamento"": ""Dinheiro"", ""DescricaoPagamento"": ""Pagamento recebido em Dinheiro"", ""ValorPagamento"": 24.99, ""BandeiraCartao"": """", ""NumeroTerminal"": null, ""DataTransacao"": ""2026-10-01T03:00:00Z"", ""CredenciadoraCartao"": null, ""CredenciadoraCNPJ"": null, ""CV_NSU"": null, ""TipoIntegracao"": null, ""CondicaoPagamento"": 0, ""Parcelas"": 1, ""PeriodoParcelas"": 30, ""Adiantamento"": 0.0, ""Quitar"": null}]";;0.0;;2026-10-01T12:12:08.884-03:00;;;;;;0001-01-01T00:00:00-02:00;GRUPO_ITZ;GRUPO_ITZ_PDV ITZ 04_6abe784831195d99ead946ff
6abe78caf408cfa759bde41e;;99705196;PDV;6777d2f0157c25ee305ee406;TABELA B ITZ;64ef3f6a625d54b7a24c22af;PDV ITZ 04;Pedido Faturado;;Consumidor Final;2026-10-01T12:14:18.64-03:00;PDV ITZ 04;6777cdd95c70fc5b587b2f39;659057a8395f2736400d9dbd;CONSUMIDOR NÃO IDENTIFICADO;659057a8395f2736400d9dbd;;;ATENDIMENTO04 ITZ;2ae983c7-1281-4886-8f86-4b3faa0760a3;Receitas PDV;Cartão de Débito;5b648d993498afae6d5c361b;0;0;;;2026-10-01T12:14:18.671-03:00;0001-01-01T00:00:00-02:00;0001-01-01T00:00:00-02:00;False;0.0;False;;False;0.0;Gerado automaticamente através do modulo PDV;0.0;;39.99;True;True;;;;;;;;;;;"[{""Id"": 1, ""Nome"": ""Grupo de Produtos Padrão - 01""}]";"[{""Codigo"": ""0211"", ""Unidade"": ""UN"", ""Descricao"": ""0211 - SUCO DE MARACUJA 1L - COM AÇUCAR"", ""Quantidade"": 1.0, ""ValorUnitario"": 12.721, ""ValorFrete"": 0.0, ""DescontoUnitario"": 0.0, ""ValorTotal"": 12.72, ""PesoKG"": 0.0, ""Comprimento"": 0.0, ""Altura"": 0.0, ""Largura"": 0.0, ""FreteGratis"": false, ""ValorUnitarioFrete"": 1.0, ""PrazoEntregaFrete"": 0, ""ComissaoVendedor"": 0.0, ""Seguro"": 0.0, ""Composicoes"": [], ""Atributos"": null, ""ProductGroupId"": 1, ""Categoria"": ""COM AÇUCAR"", ""CategoriaID"": ""6344371e5b452fbeceeea9ec""}, {""Codigo"": ""0224"", ""Unidade"": ""UN"", ""Descricao"": ""0224 - SUCO DE LARANJA 2L - COM AÇUCAR"", ""Quantidade"": 1.0, ""ValorUnitario"": 27.269, ""ValorFrete"": 0.0, ""DescontoUnitario"": 0.0, ""ValorTotal"": 27.27, ""PesoKG"": 0.0, ""Comprimento"": 0.0, ""Altura"": 0.0, ""Largura"": 0.0, ""FreteGratis"": false, ""ValorUnitarioFrete"": 1.0, ""PrazoEntregaFrete"": 0, ""ComissaoVendedor"": 0.0, ""Seguro"": 0.0, ""Composicoes"": [], ""Atributos"": null, ""ProductGroupId"": 1, ""Categoria"": ""COM AÇUCAR"", ""CategoriaID"": ""6344371e5b452fbeceeea9ec""}]";;2026-10-01T12:14:18.671-03:00;"[{""FormaPagamento"": ""Cartão de Débito"", ""DescricaoPagamento"": ""Pagamento recebido em Cartão de Débito"", ""ValorPagamento"": 39.99, ""BandeiraCartao"": ""02"", ""NumeroTerminal"": null, ""DataTransacao"": ""2026-10-01T03:00:00Z"", ""CredenciadoraCartao"": ""STONE INSTITUICAO DE PAGAMENTO S.A"", ""CredenciadoraCNPJ"": ""16501555000157"", ""CV_NSU"": null, ""TipoIntegracao"": ""2"", ""CondicaoPagamento"": 0, ""Parcelas"": 1, ""PeriodoParcelas"": 30, ""Adiantamento"": 0.0, ""Quitar"": null}]";;0.0;11890;2026-10-01T12:14:20.393-03:00;21261058370092000181650010000118901153554437;https://app.sigecloud.com.br/danfenfce/28f81638-c595-4134-9287-9e27aa0e4112/6abe78cc31195d99ead957e9?downloadpdf&printsize=80mm;http://nfce.sefaz.ma.gov.br/portal/consultarNFCe.jsp?p=21261058370092000181650010000118901153554437|2|1|1|6BA1012F95E3B1F9F9C68B8095DC555A5409AAB4;;;0001-01-01T00:00:00-02:00;GRUPO_ITZ;GRUPO_ITZ_PDV ITZ 04_6abe78caf408cfa759bde41e
6abe7cafaa0b5eef7cda0de6;;99705215;PDV;6777d2f0157c25ee305ee406;TABELA B ITZ;64ef3f6a625d54b7a24c22af;PDV ITZ 04;Pedido Faturado;;Consumidor Final;2026-10-01T12:30:55.193-03:00;PDV ITZ 04;6777cdd95c70fc5b587b2f39;659057a8395f2736400d9dbd;CONSUMIDOR NÃO IDENTIFICADO;659057a8395f2736400d9dbd;;;ATENDIMENTO04 ITZ;2ae983c7-1281-4886-8f86-4b3faa0760a3;Receitas PDV;Dinheiro;5b648d1c3498afae6d5bfd89;0;0;;;2026-10-01T12:30:55.241-03:00;0001-01-01T00:00:00-02:00;0001-01-01T00:00:00-02:00;False;0.0;False;;False;0.0;Gerado automaticamente através do modulo PDV;0.0;;2.0;True;True;;;;;;;;;;;"[{""Id"": 1, ""Nome"": ""Grupo de Produtos Padrão - 01""}]";"[{""Codigo"": ""503"", ""Unidade"": """", ""Descricao"": ""503 - AGUA MINERAL 510ML"", ""Quantidade"": 1.0, ""ValorUnitario"": 2.0, ""ValorFrete"": 0.0, ""DescontoUnitario"": 0.0, ""ValorTotal"": 2.0, ""PesoKG"": 0.0, ""Comprimento"": 0.0, ""Altura"": 0.0, ""Largura"": 0.0, ""FreteGratis"": false, ""ValorUnitarioFrete"": 1.0, ""PrazoEntregaFrete"": 0, ""ComissaoVendedor"": 0.0, ""Seguro"": 0.0, ""Composicoes"": [], ""Atributos"": null, ""ProductGroupId"": 1, ""Categoria"": """", ""CategoriaID"": """"}]";;2026-10-01T12:30:55.241-03:00;"[{""FormaPagamento"": ""Dinheiro"", ""DescricaoPagamento"": ""Pagamento recebido em Dinheiro"", ""ValorPagamento"": 2.0, ""BandeiraCartao"": """", ""NumeroTerminal"": null, ""DataTransacao"": ""2026-10-01T03:00:00Z"", ""CredenciadoraCartao"": null, ""CredenciadoraCNPJ"": null, ""CV_NSU"": null, ""TipoIntegracao"": null, ""CondicaoPagamento"": 0, ""Parcelas"": 1, ""PeriodoParcelas"": 30, ""Adiantamento"": 0.0, ""Quitar"": null}]";;0.0;;2026-10-01T12:30:55.82-03:00;;;;;;0001-01-01T00:00:00-02:00;GRUPO_ITZ;GRUPO_ITZ_PDV ITZ 04_6abe7cafaa0b5eef7cda0de6
6abe7d9ca93bcdf35ae0d8d7;;99705224;PDV;6777d2f0157c25ee305ee406;TABELA B ITZ;64ef3f6a625d54b7a24c22af;PDV ITZ 04;Pedido Faturado;;Consumidor Final;2026-10-01T12:34:52.901-03:00;PDV ITZ 04;6777cdd95c70fc5b587b2f39;659057a8395f2736400d9dbd;CONSUMIDOR NÃO IDENTIFICADO;659057a8395f2736400d9dbd;;;ATENDIMENTO04 ITZ;2ae983c7-1281-4886-8f86-4b3faa0760a3;Receitas PDV;PIX;635ae864cd43d34b928b24c4;1;0;;;2026-10-01T12:34:52.963-03:00;0001-01-01T00:00:00-02:00;0001-01-01T00:00:00-02:00;False;0.0;False;;False;0.0;Gerado automaticamente através do modulo PDV;0.0;;24.99;True;True;;;;;;;;;;;"[{""Id"": 1, ""Nome"": ""Grupo de Produtos Padrão - 01""}]";"[{""Codigo"": ""0225"", ""Unidade"": ""UN"", ""Descricao"": ""0225 - SUCO DE MARACUJA 2L - COM AÇUCAR"", ""Quantidade"": 1.0, ""ValorUnitario"": 24.99, ""ValorFrete"": 0.0, ""DescontoUnitario"": 0.0, ""ValorTotal"": 24.99, ""PesoKG"": 0.0, ""Comprimento"": 0.0, ""Altura"": 0.0, ""Largura"": 0.0, ""FreteGratis"": false, ""ValorUnitarioFrete"": 1.0, ""PrazoEntregaFrete"": 0, ""ComissaoVendedor"": 0.0, ""Seguro"": 0.0, ""Composicoes"": [], ""Atributos"": null, ""ProductGroupId"": 1, ""Categoria"": ""COM AÇUCAR"", ""CategoriaID"": ""6344371e5b452fbeceeea9ec""}]";;2026-10-01T12:34:52.963-03:00;"[{""FormaPagamento"": ""PIX"", ""DescricaoPagamento"": ""Pagamento recebido em PIX"", ""ValorPagamento"": 24.99, ""BandeiraCartao"": """", ""NumeroTerminal"": null, ""DataTransacao"": ""2026-10-01T03:00:00Z"", ""CredenciadoraCartao"": null, ""CredenciadoraCNPJ"": null, ""CV_NSU"": null, ""TipoIntegracao"": null, ""CondicaoPagamento"": 1, ""Parcelas"": 1, ""PeriodoParcelas"": 30, ""Adiantamento"": 0.0, ""Quitar"": null}]";;0.0;11891;2026-10-01T12:34:53.777-03:00;21261058370092000181650010000118911650362045;https://app.sigecloud.com.br/danfenfce/28f81638-c595-4134-9287-9e27aa0e4112/6abe7d9e9c74cd6eecf3c620?downloadpdf&printsize=80mm;http://nfce.sefaz.ma.gov.br/portal/consultarNFCe.jsp?p=21261058370092000181650010000118911650362045|2|1|1|E1D2989D7C116111760970F95BF63E8BB5700C44;;;0001-01-01T00:00:00-02:00;GRUPO_ITZ;GRUPO_ITZ_PDV ITZ 04_6abe7d9ca93bcdf35ae0d8d7
6abe822baa0b5eef7cda88ac;;99705250;PDV;6777d2f0157c25ee305ee406;TAB_CLUBE_VANTAG_ITZ;68fea7d7f52c56d996933227;PDV ITZ 04;Pedido Faturado;;Consumidor Final;2026-10-01T12:54:19.803-03:00;PDV ITZ 04;6777cdd95c70fc5b587b2f39;659057a8395f2736400d9dbd;CONSUMIDOR NÃO IDENTIFICADO;659057a8395f2736400d9dbd;;;ATENDIMENTO04 ITZ;2ae983c7-1281-4886-8f86-4b3faa0760a3;Receitas PDV;PIX;635ae864cd43d34b928b24c4;0;0;;;2026-10-01T12:54:19.85-03:00;0001-01-01T00:00:00-02:00;0001-01-01T00:00:00-02:00;False;0.0;False;;False;0.0;Gerado automaticamente através do modulo PDV;0.0;;28.0;True;True;;;;;;;;;;;"[{""Id"": 1, ""Nome"": ""Grupo de Produtos Padrão - 01""}]";"[{""Codigo"": ""0204"", ""Unidade"": ""UN"", ""Descricao"": ""0204 - SUCO DE CAJA 1L - COM AÇUCAR"", ""Quantidade"": 1.0, ""ValorUnitario"": 11.99, ""ValorFrete"": 0.0, ""DescontoUnitario"": 2.11024, ""ValorTotal"": 9.88, ""PesoKG"": 0.0, ""Comprimento"": 0.0, ""Altura"": 0.0, ""Largura"": 0.0, ""FreteGratis"": false, ""ValorUnitarioFrete"": 1.0, ""PrazoEntregaFrete"": 0, ""ComissaoVendedor"": 0.0, ""Seguro"": 0.0, ""Composicoes"": [], ""Atributos"": null, ""ProductGroupId"": 1, ""Categoria"": ""COM AÇUCAR"", ""CategoriaID"": ""6344371e5b452fbeceeea9ec""}, {""Codigo"": ""0216"", ""Unidade"": ""UN"", ""Descricao"": ""0216 - SUCO DE ACEROLA 2L - COM AÇUCAR"", ""Quantidade"": 1.0, ""ValorUnitario"": 21.99, ""ValorFrete"": 0.0, ""DescontoUnitario"": 3.87024, ""ValorTotal"": 18.12, ""PesoKG"": 0.0, ""Comprimento"": 0.0, ""Altura"": 0.0, ""Largura"": 0.0, ""FreteGratis"": false, ""ValorUnitarioFrete"": 1.0, ""PrazoEntregaFrete"": 0, ""ComissaoVendedor"": 0.0, ""Seguro"": 0.0, ""Composicoes"": [], ""Atributos"": null, ""ProductGroupId"": 1, ""Categoria"": ""COM AÇUCAR"", ""CategoriaID"": ""6344371e5b452fbeceeea9ec""}]";;2026-10-01T12:54:19.85-03:00;"[{""FormaPagamento"": ""PIX"", ""DescricaoPagamento"": ""Pagamento recebido em PIX"", ""ValorPagamento"": 28.0, ""BandeiraCartao"": """", ""NumeroTerminal"": null, ""DataTransacao"": ""2026-10-01T03:00:00Z"", ""CredenciadoraCartao"": null, ""CredenciadoraCNPJ"": null, ""CV_NSU"": null, ""TipoIntegracao"": null, ""CondicaoPagamento"": 0, ""Parcelas"": 1, ""PeriodoParcelas"": 30, ""Adiantamento"": 0.0, ""Quitar"": null}]";;0.0;11892;2026-10-01T12:54:20.884-03:00;21261058370092000181650010000118921556481521;https://app.sigecloud.com.br/danfenfce/28f81638-c595-4134-9287-9e27aa0e4112/6abe822da93bcdf35ae13fbb?downloadpdf&printsize=80mm;http://nfce.sefaz.ma.gov.br/portal/consultarNFCe.jsp?p=21261058370092000181650010000118921556481521|2|1|1|6B198DE13C4E866E0DC585639FD0F270D12225D4;;;0001-01-01T00:00:00-02:00;GRUPO_ITZ;GRUPO_ITZ_PDV ITZ 04_6abe822baa0b5eef7cda88ac
6abe31f9f8094b3cf4afea3d;;99704950;PDV;6a18a385da5a520bbdcf82f5;TABELA_CODO_CLUBE;6a18ceac084826e8b59918fb;ESTOQUE CODO;Pedido Faturado;;Consumidor Final;2026-10-01T07:12:09.522-03:00;27.293.549 JOAO PAULO SANTANA ABREU;6a18a31f3568a1013fc4047d;6a2d5da8182bf87e3aa95b7a;ISAC FERREIRA SILVA CLUBE;6a2d5da8182bf87e3aa95b7a;06093562328;;CSM CODO;0e5e0497-a3c0-4221-bcdc-e722b7e2b621;Receitas PDV;Cartão de Crédito;5b648d983498afae6d5c3601;1;0;;;2026-10-01T07:12:09.553-03:00;0001-01-01T00:00:00-02:00;0001-01-01T00:00:00-02:00;False;0.0;False;;False;0.0;Gerado automaticamente através do modulo PDV;0.0;;27.0;True;True;;;Brasil;;;;;;;;"[{""Id"": 1, ""Nome"": ""Grupo de Produtos Padrão - 01""}]";"[{""Codigo"": ""0219"", ""Unidade"": ""UN"", ""Descricao"": ""0219 - SUCO DE CAJU 2L - COM AÇUCAR"", ""Quantidade"": 1.0, ""ValorUnitario"": 27.0, ""ValorFrete"": 0.0, ""DescontoUnitario"": 0.0, ""ValorTotal"": 27.0, ""PesoKG"": 0.0, ""Comprimento"": 0.0, ""Altura"": 0.0, ""Largura"": 0.0, ""FreteGratis"": false, ""ValorUnitarioFrete"": 1.0, ""PrazoEntregaFrete"": 0, ""ComissaoVendedor"": 0.0, ""Seguro"": 0.0, ""Composicoes"": [], ""Atributos"": null, ""ProductGroupId"": 1, ""Categoria"": ""COM AÇUCAR"", ""CategoriaID"": ""6344371e5b452fbeceeea9ec""}]";;2026-10-01T07:12:09.553-03:00;"[{""FormaPagamento"": ""Cartão de Crédito"", ""DescricaoPagamento"": ""Pagamento recebido em Cartão de Crédito"", ""ValorPagamento"": 27.0, ""BandeiraCartao"": ""01"", ""NumeroTerminal"": null, ""DataTransacao"": ""2026-10-01T03:00:00Z"", ""CredenciadoraCartao"": """", ""CredenciadoraCNPJ"": null, ""CV_NSU"": null, ""TipoIntegracao"": null, ""CondicaoPagamento"": 1, ""Parcelas"": 1, ""PeriodoParcelas"": 30, ""Adiantamento"": 0.0, ""Quitar"": null}]";;0.0;;2026-10-01T07:12:10.21-03:00;;;;;;0001-01-01T00:00:00-02:00;GRUPO_ITZ;GRUPO_ITZ_27.293.549 JOAO PAULO SANTANA ABREU_6abe31f9f8094b3cf4afea3d
6abe33f0aa0b5eef7cd37c19;;99704951;PDV;6a18a385da5a520bbdcf82f5;TABELA_CODO_CLUBE;6a18ceac084826e8b59918fb;ESTOQUE CODO;Pedido Faturado;;Consumidor Final;2026-10-01T07:20:32.65-03:00;27.293.549 JOAO PAULO SANTANA ABREU;6a18a31f3568a1013fc4047d;6abe33968a25980045125a7e;RAYANE SOUSA DE ALMEIDA CLUBE;6abe33968a25980045125a7e;08269606340;;CSM CODO;0e5e0497-a3c0-4221-bcdc-e722b7e2b621;Receitas PDV;PIX;635ae864cd43d34b928b24c4;0;0;;;2026-10-01T07:20:32.713-03:00;0001-01-01T00:00:00-02:00;0001-01-01T00:00:00-02:00;False;0.0;False;;False;0.0;Gerado automaticamente através do modulo PDV;0.0;;18.0;True;True;;;Brasil;;;;;;;;"[{""Id"": 1, ""Nome"": ""Grupo de Produtos Padrão - 01""}]";"[{""Codigo"": ""0211"", ""Unidade"": ""UN"", ""Descricao"": ""0211 - SUCO DE MARACUJA 1L - COM AÇUCAR"", ""Quantidade"": 1.0, ""ValorUnitario"": 18.0, ""ValorFrete"": 0.0, ""DescontoUnitario"": 0.0, ""ValorTotal"": 18.0, ""PesoKG"": 0.0, ""Comprimento"": 0.0, ""Altura"": 0.0, ""Largura"": 0.0, ""FreteGratis"": false, ""ValorUnitarioFrete"": 1.0, ""PrazoEntregaFrete"": 0, ""ComissaoVendedor"": 0.0, ""Seguro"": 0.0, ""Composicoes"": [], ""Atributos"": null, ""ProductGroupId"": 1, ""Categoria"": ""COM AÇUCAR"", ""CategoriaID"": ""6344371e5b452fbeceeea9ec""}]";;2026-10-01T07:20:32.713-03:00;"[{""FormaPagamento"": ""PIX"", ""DescricaoPagamento"": ""Pagamento recebido em PIX"", ""ValorPagamento"": 18.0, ""BandeiraCartao"": """", ""NumeroTerminal"": null, ""DataTransacao"": ""2026-10-01T03:00:00Z"", ""CredenciadoraCartao"": null, ""CredenciadoraCNPJ"": null, ""CV_NSU"": null, ""TipoIntegracao"": null, ""CondicaoPagamento"": 0, ""Parcelas"": 1, ""PeriodoParcelas"": 30, ""Adiantamento"": 0.0, ""Quitar"": null}]";;0.0;;2026-10-01T07:20:33.824-03:00;;;;;;0001-01-01T00:00:00-02:00;GRUPO_ITZ;GRUPO_ITZ_27.293.549 JOAO PAULO SANTANA ABREU_6abe33f0aa0b5eef7cd37c19
6abe4023a93bcdf35ada1253;;99704978;PDV;6a18a385da5a520bbdcf82f5;TABELA_CODO_CLUBE;6a18ceac084826e8b59918fb;ESTOQUE CODO;Pedido Faturado;;Consumidor Final;2026-10-01T08:12:35.747-03:00;27.293.549 JOAO PAULO SANTANA ABREU;6a18a31f3568a1013fc4047d;6a312edd775a27e4bd87c726;denyse de sousa palhano gereissat gomes clube;6a312edd775a27e4bd87c726;01231108312;;CSM CODO;0e5e0497-a3c0-4221-bcdc-e722b7e2b621;Receitas PDV;PIX;635ae864cd43d34b928b24c4;0;0;;;2026-10-01T08:12:35.826-03:00;0001-01-01T00:00:00-02:00;0001-01-01T00:00:00-02:00;False;0.0;False;;False;0.0;Gerado automaticamente através do modulo PDV;0.0;;5.5;True;True;;;Brasil;;;;;;;;"[{""Id"": 1, ""Nome"": ""Grupo de Produtos Padrão - 01""}]";"[{""Codigo"": ""0239"", ""Unidade"": ""UN"", ""Descricao"": ""0239 - SUCO DE TAMARINDO 300ML - COM AÇUCAR"", ""Quantidade"": 1.0, ""ValorUnitario"": 5.5, ""ValorFrete"": 0.0, ""DescontoUnitario"": 0.0, ""ValorTotal"": 5.5, ""PesoKG"": 0.0, ""Comprimento"": 0.0, ""Altura"": 0.0, ""Largura"": 0.0, ""FreteGratis"": false, ""ValorUnitarioFrete"": 1.0, ""PrazoEntregaFrete"": 0, ""ComissaoVendedor"": 0.0, ""Seguro"": 0.0, ""Composicoes"": [], ""Atributos"": null, ""ProductGroupId"": 1, ""Categoria"": ""COM AÇUCAR"", ""CategoriaID"": ""6344371e5b452fbeceeea9ec""}]";;2026-10-01T08:12:35.826-03:00;"[{""FormaPagamento"": ""PIX"", ""DescricaoPagamento"": ""Pagamento recebido em PIX"", ""ValorPagamento"": 5.5, ""BandeiraCartao"": """", ""NumeroTerminal"": null, ""DataTransacao"": ""2026-10-01T03:00:00Z"", ""CredenciadoraCartao"": null, ""CredenciadoraCNPJ"": null, ""CV_NSU"": null, ""TipoIntegracao"": null, ""CondicaoPagamento"": 0, ""Parcelas"": 1, ""PeriodoParcelas"": 30, ""Adiantamento"": 0.0, ""Quitar"": null}]";;0.0;;2026-10-01T08:12:36.736-03:00;;;;;;0001-01-01T00:00:00-02:00;GRUPO_ITZ;GRUPO_ITZ_27.293.549 JOAO PAULO SANTANA ABREU_6abe4023a93bcdf35ada1253
6abe40aede3d6305f93b0500;;99704981;PDV;6a18a385da5a520bbdcf82f5;TABELA_CODO_B2C;6a18a33b451bf91ff0fc9d61;ESTOQUE CODO;Pedido Faturado;;Consumidor Final;2026-10-01T08:14:54.093-03:00;27.293.549 JOAO PAULO SANTANA ABREU;6a18a31f3568a1013fc4047d;659057a8395f2736400d9dbd;CONSUMIDOR NÃO IDENTIFICADO;659057a8395f2736400d9dbd;;;CSM CODO;0e5e0497-a3c0-4221-bcdc-e722b7e2b621;Receitas PDV;Dinheiro;5b648d1c3498afae6d5bfd89;0;0;;;2026-10-01T08:14:54.156-03:00;0001-01-01T00:00:00-02:00;0001-01-01T00:00:00-02:00;False;0.0;False;;False;0.0;Gerado automaticamente através do modulo PDV;0.0;;23.0;True;True;;;;;;;;;;;"[{""Id"": 1, ""Nome"": ""Grupo de Produtos Padrão - 01""}]";"[{""Codigo"": ""123213633323587"", ""Unidade"": """", ""Descricao"": ""123213633323587 - MIX DE AMENDOINS 250G"", ""Quantidade"": 1.0, ""ValorUnitario"": 25.0, ""ValorFrete"": 0.0, ""DescontoUnitario"": 2.0, ""ValorTotal"": 23.0, ""PesoKG"": 0.0, ""Comprimento"": 0.0, ""Altura"": 0.0, ""Largura"": 0.0, ""FreteGratis"": false, ""ValorUnitarioFrete"": 1.0, ""PrazoEntregaFrete"": 0, ""ComissaoVendedor"": 0.0, ""Seguro"": 0.0, ""Composicoes"": [], ""Atributos"": null, ""ProductGroupId"": 1, ""Categoria"": """", ""CategoriaID"": """"}]";;2026-10-01T08:14:54.156-03:00;"[{""FormaPagamento"": ""Dinheiro"", ""DescricaoPagamento"": ""Pagamento recebido em Dinheiro"", ""ValorPagamento"": 23.0, ""BandeiraCartao"": """", ""NumeroTerminal"": null, ""DataTransacao"": ""2026-10-01T03:00:00Z"", ""CredenciadoraCartao"": null, ""CredenciadoraCNPJ"": null, ""CV_NSU"": null, ""TipoIntegracao"": null, ""CondicaoPagamento"": 0, ""Parcelas"": 1, ""PeriodoParcelas"": 30, ""Adiantamento"": 0.0, ""Quitar"": null}]";;0.0;;2026-10-01T08:14:54.766-03:00;;;;;;0001-01-01T00:00:00-02:00;GRUPO_ITZ;GRUPO_ITZ_27.293.549 JOAO PAULO SANTANA ABREU_6abe40aede3d6305f93b0500
6abe4a86a93bcdf35adacb05;;99705021;PDV;6a18a385da5a520bbdcf82f5;TABELA_CODO_CLUBE;6a18ceac084826e8b59918fb;ESTOQUE CODO;Pedido Faturado;;Consumidor Final;2026-10-01T08:56:53.784-03:00;27.293.549 JOAO PAULO SANTANA ABREU;6a18a31f3568a1013fc4047d;6abd71dfd2124d7d23cb7e1d;ELIANE MOREIRA DA SOUSA CLUBE;6abd71dfd2124d7d23cb7e1d;04906172393;;CSM CODO;0e5e0497-a3c0-4221-bcdc-e722b7e2b621;Receitas PDV;Dinheiro;5b648d1c3498afae6d5bfd89;0;0;;;2026-10-01T08:56:53.847-03:00;0001-01-01T00:00:00-02:00;0001-01-01T00:00:00-02:00;False;0.0;False;;False;0.0;Gerado automaticamente através do modulo PDV;0.0;;18.0;True;True;;;Brasil;;;;;;;;"[{""Id"": 1, ""Nome"": ""Grupo de Produtos Padrão - 01""}]";"[{""Codigo"": ""0211"", ""Unidade"": ""UN"", ""Descricao"": ""0211 - SUCO DE MARACUJA 1L - COM AÇUCAR"", ""Quantidade"": 1.0, ""ValorUnitario"": 18.0, ""ValorFrete"": 0.0, ""DescontoUnitario"": 0.0, ""ValorTotal"": 18.0, ""PesoKG"": 0.0, ""Comprimento"": 0.0, ""Altura"": 0.0, ""Largura"": 0.0, ""FreteGratis"": false, ""ValorUnitarioFrete"": 1.0, ""PrazoEntregaFrete"": 0, ""ComissaoVendedor"": 0.0, ""Seguro"": 0.0, ""Composicoes"": [], ""Atributos"": null, ""ProductGroupId"": 1, ""Categoria"": ""COM AÇUCAR"", ""CategoriaID"": ""6344371e5b452fbeceeea9ec""}]";;2026-10-01T08:56:53.847-03:00;"[{""FormaPagamento"": ""Dinheiro"", ""DescricaoPagamento"": ""Pagamento recebido em Dinheiro"", ""ValorPagamento"": 18.0, ""BandeiraCartao"": """", ""NumeroTerminal"": null, ""DataTransacao"": ""2026-10-01T03:00:00Z"", ""CredenciadoraCartao"": null, ""CredenciadoraCNPJ"": null, ""CV_NSU"": null, ""TipoIntegracao"": null, ""CondicaoPagamento"": 0, ""Parcelas"": 1, ""PeriodoParcelas"": 30, ""Adiantamento"": 0.0, ""Quitar"": null}]";;0.0;;2026-10-01T08:56:55.067-03:00;;;;;;0001-01-01T00:00:00-02:00;GRUPO_ITZ;GRUPO_ITZ_27.293.549 JOAO PAULO SANTANA ABREU_6abe4a86a93bcdf35adacb05
6abe50a3665b4ec779881e02;;99705038;PDV;6a18a385da5a520bbdcf82f5;TABELA_CODO_CLUBE;6a18ceac084826e8b59918fb;ESTOQUE CODO;Pedido Faturado;;Consumidor Final;2026-10-01T09:22:59.019-03:00;27.293.549 JOAO PAULO SANTANA ABREU;6a18a31f3568a1013fc4047d;6abe501e9a755c33b3f33649;JOSÉ FRANCISCO COUTINHO CLUBE;6abe501e9a755c33b3f33649;05557042385;santana.joaopaulo@gmail.com;CSM CODO;0e5e0497-a3c0-4221-bcdc-e722b7e2b621;Receitas PDV;Cartão de Crédito;5b648d983498afae6d5c3601;1;0;;;2026-10-01T09:22:59.081-03:00;0001-01-01T00:00:00-02:00;0001-01-01T00:00:00-02:00;False;0.0;False;;False;0.0;Gerado automaticamente através do modulo PDV;0.0;;45.0;True;True;;;Brasil;;;;;;;;"[{""Id"": 1, ""Nome"": ""Grupo de Produtos Padrão - 01""}]";"[{""Codigo"": ""123213633323652"", ""Unidade"": """", ""Descricao"": ""123213633323652 - PICOLÉ CARAMELLE MARACUJA"", ""Quantidade"": 1.0, ""ValorUnitario"": 12.0, ""ValorFrete"": 0.0, ""DescontoUnitario"": 0.0, ""ValorTotal"": 12.0, ""PesoKG"": 0.0, ""Comprimento"": 0.0, ""Altura"": 0.0, ""Largura"": 0.0, ""FreteGratis"": false, ""ValorUnitarioFrete"": 1.0, ""PrazoEntregaFrete"": 0, ""ComissaoVendedor"": 0.0, ""Seguro"": 0.0, ""Composicoes"": [], ""Atributos"": null, ""ProductGroupId"": 1, ""Categoria"": """", ""CategoriaID"": """"}, {""Codigo"": ""0224"", ""Unidade"": ""UN"", ""Descricao"": ""0224 - SUCO DE LARANJA 2L - COM AÇUCAR"", ""Quantidade"": 1.0, ""ValorUnitario"": 33.0, ""ValorFrete"": 0.0, ""DescontoUnitario"": 0.0, ""ValorTotal"": 33.0, ""PesoKG"": 0.0, ""Comprimento"": 0.0, ""Altura"": 0.0, ""Largura"": 0.0, ""FreteGratis"": false, ""ValorUnitarioFrete"": 1.0, ""PrazoEntregaFrete"": 0, ""ComissaoVendedor"": 0.0, ""Seguro"": 0.0, ""Composicoes"": [], ""Atributos"": null, ""ProductGroupId"": 1, ""Categoria"": ""COM AÇUCAR"", ""CategoriaID"": ""6344371e5b452fbeceeea9ec""}]";;2026-10-01T09:22:59.081-03:00;"[{""FormaPagamento"": ""Cartão de Crédito"", ""DescricaoPagamento"": ""Pagamento recebido em Cartão de Crédito"", ""ValorPagamento"": 45.0, ""BandeiraCartao"": ""01"", ""NumeroTerminal"": null, ""DataTransacao"": ""2026-10-01T03:00:00Z"", ""CredenciadoraCartao"": """", ""CredenciadoraCNPJ"": null, ""CV_NSU"": null, ""TipoIntegracao"": null, ""CondicaoPagamento"": 1, ""Parcelas"": 1, ""PeriodoParcelas"": 30, ""Adiantamento"": 0.0, ""Quitar"": null}]";;0.0;;2026-10-01T09:23:00.849-03:00;;;;;;0001-01-01T00:00:00-02:00;GRUPO_ITZ;GRUPO_ITZ_27.293.549 JOAO PAULO SANTANA ABREU_6abe50a3665b4ec779881e02
6abe535d665b4ec7798859c1;;99705046;PDV;6a18a385da5a520bbdcf82f5;TABELA_CODO_B2C;6a18a33b451bf91ff0fc9d61;ESTOQUE CODO;Pedido Faturado;;Consumidor Final;2026-10-01T09:34:37.823-03:00;27.293.549 JOAO PAULO SANTANA ABREU;6a18a31f3568a1013fc4047d;659057a8395f2736400d9dbd;CONSUMIDOR NÃO IDENTIFICADO;659057a8395f2736400d9dbd;;;CSM CODO;0e5e0497-a3c0-4221-bcdc-e722b7e2b621;Receitas PDV;Cartão de Débito;5b648d993498afae6d5c361b;0;0;;;2026-10-01T09:34:37.87-03:00;0001-01-01T00:00:00-02:00;0001-01-01T00:00:00-02:00;False;0.0;False;;False;0.0;Gerado automaticamente através do modulo PDV;0.0;;21.0;True;True;;;;;;;;;;;"[{""Id"": 1, ""Nome"": ""Grupo de Produtos Padrão - 01""}]";"[{""Codigo"": ""123213633323588"", ""Unidade"": """", ""Descricao"": ""123213633323588 - MIX DE AMENDOAS 250G"", ""Quantidade"": 1.0, ""ValorUnitario"": 21.0, ""ValorFrete"": 0.0, ""DescontoUnitario"": 0.0, ""ValorTotal"": 21.0, ""PesoKG"": 0.0, ""Comprimento"": 0.0, ""Altura"": 0.0, ""Largura"": 0.0, ""FreteGratis"": false, ""ValorUnitarioFrete"": 1.0, ""PrazoEntregaFrete"": 0, ""ComissaoVendedor"": 0.0, ""Seguro"": 0.0, ""Composicoes"": [], ""Atributos"": null, ""ProductGroupId"": 1, ""Categoria"": """", ""CategoriaID"": """"}]";;2026-10-01T09:34:37.87-03:00;"[{""FormaPagamento"": ""Cartão de Débito"", ""DescricaoPagamento"": ""Pagamento recebido em Cartão de Débito"", ""ValorPagamento"": 21.0, ""BandeiraCartao"": ""01"", ""NumeroTerminal"": null, ""DataTransacao"": ""2026-10-01T03:00:00Z"", ""CredenciadoraCartao"": """", ""CredenciadoraCNPJ"": null, ""CV_NSU"": null, ""TipoIntegracao"": null, ""CondicaoPagamento"": 0, ""Parcelas"": 1, ""PeriodoParcelas"": 30, ""Adiantamento"": 0.0, ""Quitar"": null}]";;0.0;;2026-10-01T09:34:38.451-03:00;;;;;;0001-01-01T00:00:00-02:00;GRUPO_ITZ;GRUPO_ITZ_27.293.549 JOAO PAULO SANTANA ABREU_6abe535d665b4ec7798859c1
6abe56daa93bcdf35adbf1f2;;99705060;PDV;6a18a385da5a520bbdcf82f5;TABELA_CODO_CLUBE;6a18ceac084826e8b59918fb;ESTOQUE CODO;Pedido Faturado;;Consumidor Final;2026-10-01T09:49:30.533-03:00;27.293.549 JOAO PAULO SANTANA ABREU;6a18a31f3568a1013fc4047d;6abe56c9f8094b3cf4b2db48;ADRIANO FROTA DA CRUZ CLUBE;6abe56c9f8094b3cf4b2db48;94787107100;;CSM CODO;0e5e0497-a3c0-4221-bcdc-e722b7e2b621;Receitas PDV;Cartão de Débito;5b648d993498afae6d5c361b;0;0;;;2026-10-01T09:49:30.611-03:00;0001-01-01T00:00:00-02:00;0001-01-01T00:00:00-02:00;False;0.0;False;;False;0.0;Gerado automaticamente através do modulo PDV;0.0;;16.0;True;True;;;Brasil;;;;;;;;"[{""Id"": 1, ""Nome"": ""Grupo de Produtos Padrão - 01""}]";"[{""Codigo"": ""0213"", ""Unidade"": ""UN"", ""Descricao"": ""0213 - SUCO DE TAMARINDO 1L - COM AÇUCAR"", ""Quantidade"": 1.0, ""ValorUnitario"": 16.0, ""ValorFrete"": 0.0, ""DescontoUnitario"": 0.0, ""ValorTotal"": 16.0, ""PesoKG"": 0.0, ""Comprimento"": 0.0, ""Altura"": 0.0, ""Largura"": 0.0, ""FreteGratis"": false, ""ValorUnitarioFrete"": 1.0, ""PrazoEntregaFrete"": 0, ""ComissaoVendedor"": 0.0, ""Seguro"": 0.0, ""Composicoes"": [], ""Atributos"": null, ""ProductGroupId"": 1, ""Categoria"": ""COM AÇUCAR"", ""CategoriaID"": ""6344371e5b452fbeceeea9ec""}]";;2026-10-01T09:49:30.611-03:00;"[{""FormaPagamento"": ""Cartão de Débito"", ""DescricaoPagamento"": ""Pagamento recebido em Cartão de Débito"", ""ValorPagamento"": 16.0, ""BandeiraCartao"": ""02"", ""NumeroTerminal"": null, ""DataTransacao"": ""2026-10-01T03:00:00Z"", ""CredenciadoraCartao"": """", ""CredenciadoraCNPJ"": null, ""CV_NSU"": null, ""TipoIntegracao"": null, ""CondicaoPagamento"": 0, ""Parcelas"": 1, ""PeriodoParcelas"": 30, ""Adiantamento"": 0.0, ""Quitar"": null}]";;0.0;;2026-10-01T09:49:31.378-03:00;;;;;;0001-01-01T00:00:00-02:00;GRUPO_ITZ;GRUPO_ITZ_27.293.549 JOAO PAULO SANTANA ABREU_6abe56daa93bcdf35adbf1f2
6abe5a44f8094b3cf4b32f96;;99705063;PDV;6a18a385da5a520bbdcf82f5;TABELA_CODO_CLUBE;6a18ceac084826e8b59918fb;ESTOQUE CODO;Pedido Faturado;;Consumidor Final;2026-10-01T10:04:04.776-03:00;27.293.549 JOAO PAULO SANTANA ABREU;6a18a31f3568a1013fc4047d;6abe59c49a755c33b3f4219e;DEBORAH RAIANE SANTOS DE ABREU MORAES CLUBE;6abe59c49a755c33b3f4219e;03432922388;;CSM CODO;0e5e0497-a3c0-4221-bcdc-e722b7e2b621;Receitas PDV;PIX;635ae864cd43d34b928b24c4;0;0;;;2026-10-01T10:04:04.808-03:00;0001-01-01T00:00:00-02:00;0001-01-01T00:00:00-02:00;False;0.0;False;;False;0.0;Gerado automaticamente através do modulo PDV;0.0;;18.0;True;True;;;Brasil;;;;;;;;"[{""Id"": 1, ""Nome"": ""Grupo de Produtos Padrão - 01""}]";"[{""Codigo"": ""0204"", ""Unidade"": ""UN"", ""Descricao"": ""0204 - SUCO DE CAJA 1L - COM AÇUCAR"", ""Quantidade"": 1.0, ""ValorUnitario"": 18.0, ""ValorFrete"": 0.0, ""DescontoUnitario"": 0.0, ""ValorTotal"": 18.0, ""PesoKG"": 0.0, ""Comprimento"": 0.0, ""Altura"": 0.0, ""Largura"": 0.0, ""FreteGratis"": false, ""ValorUnitarioFrete"": 1.0, ""PrazoEntregaFrete"": 0, ""ComissaoVendedor"": 0.0, ""Seguro"": 0.0, ""Composicoes"": [], ""Atributos"": null, ""ProductGroupId"": 1, ""Categoria"": ""COM AÇUCAR"", ""CategoriaID"": ""6344371e5b452fbeceeea9ec""}]";;2026-10-01T10:04:04.808-03:00;"[{""FormaPagamento"": ""PIX"", ""DescricaoPagamento"": ""Pagamento recebido em PIX"", ""ValorPagamento"": 18.0, ""BandeiraCartao"": """", ""NumeroTerminal"": null, ""DataTransacao"": ""2026-10-01T03:00:00Z"", ""CredenciadoraCartao"": null, ""CredenciadoraCNPJ"": null, ""CV_NSU"": null, ""TipoIntegracao"": null, ""CondicaoPagamento"": 0, ""Parcelas"": 1, ""PeriodoParcelas"": 30, ""Adiantamento"": 0.0, ""Quitar"": null}]";;0.0;;2026-10-01T10:04:05.59-03:00;;;;;;0001-01-01T00:00:00-02:00;GRUPO_ITZ;GRUPO_ITZ_27.293.549 JOAO PAULO SANTANA ABREU_6abe5a44f8094b3cf4b32f96
6abe6a039a755c33b3f5a0b9;;99705117;PDV;6a18a385da5a520bbdcf82f5;TABELA_CODO_CLUBE;6a18ceac084826e8b59918fb;ESTOQUE CODO;Pedido Faturado;;Consumidor Final;2026-10-01T11:11:15.5-03:00;27.293.549 JOAO PAULO SANTANA ABREU;6a18a31f3568a1013fc4047d;6abe695df408cfa759bc6fc5;KALIANNE MUNIZ DE SOUSA CLUBE;6abe695df408cfa759bc6fc5;02710467321;;CSM CODO;0e5e0497-a3c0-4221-bcdc-e722b7e2b621;Receitas PDV;PIX;635ae864cd43d34b928b24c4;0;0;;;2026-10-01T11:11:15.578-03:00;0001-01-01T00:00:00-02:00;0001-01-01T00:00:00-02:00;False;0.0;False;;False;0.0;Gerado automaticamente através do modulo PDV;0.0;;103.9;True;True;;;Brasil;;;;;;;;"[{""Id"": 1, ""Nome"": ""Grupo de Produtos Padrão - 01""}]";"[{""Codigo"": ""0203"", ""Unidade"": ""UN"", ""Descricao"": ""0203 - SUCO DE BACURI 1L - COM AÇUCAR"", ""Quantidade"": 1.0, ""ValorUnitario"": 18.0, ""ValorFrete"": 0.0, ""DescontoUnitario"": 0.0, ""ValorTotal"": 18.0, ""PesoKG"": 0.0, ""Comprimento"": 0.0, ""Altura"": 0.0, ""Largura"": 0.0, ""FreteGratis"": false, ""ValorUnitarioFrete"": 1.0, ""PrazoEntregaFrete"": 0, ""ComissaoVendedor"": 0.0, ""Seguro"": 0.0, ""Composicoes"": [], ""Atributos"": null, ""ProductGroupId"": 1, ""Categoria"": ""COM AÇUCAR"", ""CategoriaID"": ""6344371e5b452fbeceeea9ec""}, {""Codigo"": ""0209"", ""Unidade"": ""UN"", ""Descricao"": ""0209 - SUCO DE LARANJA 1L - COM AÇUCAR"", ""Quantidade"": 1.0, ""ValorUnitario"": 18.0, ""ValorFrete"": 0.0, ""DescontoUnitario"": 0.0, ""ValorTotal"": 18.0, ""PesoKG"": 0.0, ""Comprimento"": 0.0, ""Altura"": 0.0, ""Largura"": 0.0, ""FreteGratis"": false, ""ValorUnitarioFrete"": 1.0, ""PrazoEntregaFrete"": 0, ""ComissaoVendedor"": 0.0, ""Seguro"": 0.0, ""Composicoes"": [], ""Atributos"": null, ""ProductGroupId"": 1, ""Categoria"": ""COM AÇUCAR"", ""CategoriaID"": ""6344371e5b452fbeceeea9ec""}, {""Codigo"": ""0225"", ""Unidade"": ""UN"", ""Descricao"": ""0225 - SUCO DE MARACUJA 2L - COM AÇUCAR"", ""Quantidade"": 1.0, ""ValorUnitario"": 33.0, ""ValorFrete"": 0.0, ""DescontoUnitario"": 0.0, ""ValorTotal"": 33.0, ""PesoKG"": 0.0, ""Comprimento"": 0.0, ""Altura"": 0.0, ""Largura"": 0.0, ""FreteGratis"": false, ""ValorUnitarioFrete"": 1.0, ""PrazoEntregaFrete"": 0, ""ComissaoVendedor"": 0.0, ""Seguro"": 0.0, ""Composicoes"": [], ""Atributos"": null, ""ProductGroupId"": 1, ""Categoria"": ""COM AÇUCAR"", ""CategoriaID"": ""6344371e5b452fbeceeea9ec""}, {""Codigo"": ""123213633323178"", ""Unidade"": """", ""Descricao"": ""123213633323178 - AÇAI PREMIUM PEROLA DO PARÁ 1KG"", ""Quantidade"": 1.0, ""ValorUnitario"": 34.9, ""ValorFrete"": 0.0, ""DescontoUnitario"": 0.0, ""ValorTotal"": 34.9, ""PesoKG"": 0.0, ""Comprimento"": 0.0, ""Altura"": 0.0, ""Largura"": 0.0, ""FreteGratis"": false, ""ValorUnitarioFrete"": 1.0, ""PrazoEntregaFrete"": 0, ""ComissaoVendedor"": 0.0, ""Seguro"": 0.0, ""Composicoes"": [], ""Atributos"": null, ""ProductGroupId"": 1, ""Categoria"": """", ""CategoriaID"": """"}]";;2026-10-01T11:11:15.578-03:00;"[{""FormaPagamento"": ""PIX"", ""DescricaoPagamento"": ""Pagamento recebido em PIX"", ""ValorPagamento"": 103.9, ""BandeiraCartao"": """", ""NumeroTerminal"": null, ""DataTransacao"": ""2026-10-01T03:00:00Z"", ""CredenciadoraCartao"": null, ""CredenciadoraCNPJ"": null, ""CV_NSU"": null, ""TipoIntegracao"": null, ""CondicaoPagamento"": 0, ""Parcelas"": 1, ""PeriodoParcelas"": 30, ""Adiantamento"": 0.0, ""Quitar"": null}]";;0.0;;2026-10-01T11:11:17.127-03:00;;;;;;0001-01-01T00:00:00-02:00;GRUPO_ITZ;GRUPO_ITZ_27.293.549 JOAO PAULO SANTANA ABREU_6abe6a039a755c33b3f5a0b9
6abe6fcaaa0b5eef7cd8c1b2;;99705145;PDV;6a18a385da5a520bbdcf82f5;TABELA_CODO_CLUBE;6a18ceac084826e8b59918fb;ESTOQUE CODO;Pedido Faturado;;Consumidor Final;2026-10-01T11:35:54.296-03:00;27.293.549 JOAO PAULO SANTANA ABREU;6a18a31f3568a1013fc4047d;6abe6f9a9a755c33b3f62eef;MARCOS VINICIUS REIS CLUBE;6abe6f9a9a755c33b3f62eef;61926715322;santana.joaopaulo@gmail.com;CSM CODO;0e5e0497-a3c0-4221-bcdc-e722b7e2b621;Receitas PDV;Dinheiro;5b648d1c3498afae6d5bfd89;0;0;;;2026-10-01T11:35:54.374-03:00;0001-01-01T00:00:00-02:00;0001-01-01T00:00:00-02:00;False;0.0;False;;False;0.0;Gerado automaticamente através do modulo PDV;0.0;;70.0;True;True;;;Brasil;;;;;;;;"[{""Id"": 1, ""Nome"": ""Grupo de Produtos Padrão - 01""}]";"[{""Codigo"": ""0232"", ""Unidade"": ""UN"", ""Descricao"": ""0232 - SUCO DE CAJU 300ML - COM AÇUCAR"", ""Quantidade"": 1.0, ""ValorUnitario"": 6.5, ""ValorFrete"": 0.0, ""DescontoUnitario"": 0.26715000000000005, ""ValorTotal"": 6.23, ""PesoKG"": 0.0, ""Comprimento"": 0.0, ""Altura"": 0.0, ""Largura"": 0.0, ""FreteGratis"": false, ""ValorUnitarioFrete"": 1.0, ""PrazoEntregaFrete"": 0, ""ComissaoVendedor"": 0.0, ""Seguro"": 0.0, ""Composicoes"": [], ""Atributos"": null, ""ProductGroupId"": 1, ""Categoria"": ""COM AÇUCAR"", ""CategoriaID"": ""6344371e5b452fbeceeea9ec""}, {""Codigo"": ""0226"", ""Unidade"": ""UN"", ""Descricao"": ""0226 - SUCO DE TAMARINDO 2L - COM AÇUCAR"", ""Quantidade"": 1.0, ""ValorUnitario"": 29.0, ""ValorFrete"": 0.0, ""DescontoUnitario"": 1.1919000000000002, ""ValorTotal"": 27.81, ""PesoKG"": 0.0, ""Comprimento"": 0.0, ""Altura"": 0.0, ""Largura"": 0.0, ""FreteGratis"": false, ""ValorUnitarioFrete"": 1.0, ""PrazoEntregaFrete"": 0, ""ComissaoVendedor"": 0.0, ""Seguro"": 0.0, ""Composicoes"": [], ""Atributos"": null, ""ProductGroupId"": 1, ""Categoria"": ""COM AÇUCAR"", ""CategoriaID"": ""6344371e5b452fbeceeea9ec""}, {""Codigo"": ""0218"", ""Unidade"": ""UN"", ""Descricao"": ""0218 - SUCO DE CAJA 2L - COM AÇUCAR"", ""Quantidade"": 1.0, ""ValorUnitario"": 37.5, ""ValorFrete"": 0.0, ""DescontoUnitario"": 1.5412500000000002, ""ValorTotal"": 35.96, ""PesoKG"": 0.0, ""Comprimento"": 0.0, ""Altura"": 0.0, ""Largura"": 0.0, ""FreteGratis"": false, ""ValorUnitarioFrete"": 1.0, ""PrazoEntregaFrete"": 0, ""ComissaoVendedor"": 0.0, ""Seguro"": 0.0, ""Composicoes"": [], ""Atributos"": null, ""ProductGroupId"": 1, ""Categoria"": ""COM AÇUCAR"", ""CategoriaID"": ""6344371e5b452fbeceeea9ec""}]";;2026-10-01T11:35:54.374-03:00;"[{""FormaPagamento"": ""Dinheiro"", ""DescricaoPagamento"": ""Pagamento recebido em Dinheiro"", ""ValorPagamento"": 70.0, ""BandeiraCartao"": """", ""NumeroTerminal"": null, ""DataTransacao"": ""2026-10-01T03:00:00Z"", ""CredenciadoraCartao"": null, ""CredenciadoraCNPJ"": null, ""CV_NSU"": null, ""TipoIntegracao"": null, ""CondicaoPagamento"": 0, ""Parcelas"": 1, ""PeriodoParcelas"": 30, ""Adiantamento"": 0.0, ""Quitar"": null}]";;0.0;;2026-10-01T11:35:55.313-03:00;;;;;;0001-01-01T00:00:00-02:00;GRUPO_ITZ;GRUPO_ITZ_27.293.549 JOAO PAULO SANTANA ABREU_6abe6fcaaa0b5eef7cd8c1b2
6abe722bf8094b3cf4b5a938;;99705160;PDV;6a18a385da5a520bbdcf82f5;TABELA_CODO_CLUBE;6a18ceac084826e8b59918fb;ESTOQUE CODO;Pedido Faturado;;Consumidor Final;2026-10-01T11:46:03.61-03:00;27.293.549 JOAO PAULO SANTANA ABREU;6a18a31f3568a1013fc4047d;6ab7e5097d7b80d34d93fc0e;FILIPE SILVA DA SILVEIRA CLUBE;6ab7e5097d7b80d34d93fc0e;04542707121;;CSM CODO;0e5e0497-a3c0-4221-bcdc-e722b7e2b621;Receitas PDV;Cartão de Débito;5b648d993498afae6d5c361b;0;0;;;2026-10-01T11:46:03.641-03:00;0001-01-01T00:00:00-02:00;0001-01-01T00:00:00-02:00;False;0.0;False;;False;0.0;Gerado automaticamente através do modulo PDV;0.0;;51.0;True;True;;;Brasil;;;;NOVO MILENIO;;;;"[{""Id"": 1, ""Nome"": ""Grupo de Produtos Padrão - 01""}]";"[{""Codigo"": ""0203"", ""Unidade"": ""UN"", ""Descricao"": ""0203 - SUCO DE BACURI 1L - COM AÇUCAR"", ""Quantidade"": 1.0, ""ValorUnitario"": 18.0, ""ValorFrete"": 0.0, ""DescontoUnitario"": 0.0, ""ValorTotal"": 18.0, ""PesoKG"": 0.0, ""Comprimento"": 0.0, ""Altura"": 0.0, ""Largura"": 0.0, ""FreteGratis"": false, ""ValorUnitarioFrete"": 1.0, ""PrazoEntregaFrete"": 0, ""ComissaoVendedor"": 0.0, ""Seguro"": 0.0, ""Composicoes"": [], ""Atributos"": null, ""ProductGroupId"": 1, ""Categoria"": ""COM AÇUCAR"", ""CategoriaID"": ""6344371e5b452fbeceeea9ec""}, {""Codigo"": ""0224"", ""Unidade"": ""UN"", ""Descricao"": ""0224 - SUCO DE LARANJA 2L - COM AÇUCAR"", ""Quantidade"": 1.0, ""ValorUnitario"": 33.0, ""ValorFrete"": 0.0, ""DescontoUnitario"": 0.0, ""ValorTotal"": 33.0, ""PesoKG"": 0.0, ""Comprimento"": 0.0, ""Altura"": 0.0, ""Largura"": 0.0, ""FreteGratis"": false, ""ValorUnitarioFrete"": 1.0, ""PrazoEntregaFrete"": 0, ""ComissaoVendedor"": 0.0, ""Seguro"": 0.0, ""Composicoes"": [], ""Atributos"": null, ""ProductGroupId"": 1, ""Categoria"": ""COM AÇUCAR"", ""CategoriaID"": ""6344371e5b452fbeceeea9ec""}]";;2026-10-01T11:46:03.641-03:00;"[{""FormaPagamento"": ""Cartão de Débito"", ""DescricaoPagamento"": ""Pagamento recebido em Cartão de Débito"", ""ValorPagamento"": 51.0, ""BandeiraCartao"": ""02"", ""NumeroTerminal"": null, ""DataTransacao"": ""2026-10-01T03:00:00Z"", ""CredenciadoraCartao"": """", ""CredenciadoraCNPJ"": null, ""CV_NSU"": null, ""TipoIntegracao"": null, ""CondicaoPagamento"": 0, ""Parcelas"": 1, ""PeriodoParcelas"": 30, ""Adiantamento"": 0.0, ""Quitar"": null}]";;0.0;;2026-10-01T11:46:04.533-03:00;;;;;;0001-01-01T00:00:00-02:00;GRUPO_ITZ;GRUPO_ITZ_27.293.549 JOAO PAULO SANTANA ABREU_6abe722bf8094b3cf4b5a938
6abe791ff408cfa759bdeece;;99705199;PDV;6a18a385da5a520bbdcf82f5;TABELA_CODO_CLUBE;6a18ceac084826e8b59918fb;ESTOQUE CODO;Pedido Faturado;;Consumidor Final;2026-10-01T12:15:43.037-03:00;27.293.549 JOAO PAULO SANTANA ABREU;6a18a31f3568a1013fc4047d;6a8080e1005c71143506766a;JULIANA MOREIRA NOGUEIRA CLUBE;6a8080e1005c71143506766a;60414192303;;CSM CODO;0e5e0497-a3c0-4221-bcdc-e722b7e2b621;Receitas PDV;Dinheiro;5b648d1c3498afae6d5bfd89;0;0;;;2026-10-01T12:15:43.068-03:00;0001-01-01T00:00:00-02:00;0001-01-01T00:00:00-02:00;False;0.0;False;;False;0.0;Gerado automaticamente através do modulo PDV;0.0;;64.0;True;True;;;Brasil;;;;;;;;"[{""Id"": 1, ""Nome"": ""Grupo de Produtos Padrão - 01""}]";"[{""Codigo"": ""0203"", ""Unidade"": ""UN"", ""Descricao"": ""0203 - SUCO DE BACURI 1L - COM AÇUCAR"", ""Quantidade"": 1.0, ""ValorUnitario"": 18.0, ""ValorFrete"": 0.0, ""DescontoUnitario"": 0.0, ""ValorTotal"": 18.0, ""PesoKG"": 0.0, ""Comprimento"": 0.0, ""Altura"": 0.0, ""Largura"": 0.0, ""FreteGratis"": false, ""ValorUnitarioFrete"": 1.0, ""PrazoEntregaFrete"": 0, ""ComissaoVendedor"": 0.0, ""Seguro"": 0.0, ""Composicoes"": [], ""Atributos"": null, ""ProductGroupId"": 1, ""Categoria"": ""COM AÇUCAR"", ""CategoriaID"": ""6344371e5b452fbeceeea9ec""}, {""Codigo"": ""0225"", ""Unidade"": ""UN"", ""Descricao"": ""0225 - SUCO DE MARACUJA 2L - COM AÇUCAR"", ""Quantidade"": 1.0, ""ValorUnitario"": 33.0, ""ValorFrete"": 0.0, ""DescontoUnitario"": 0.0, ""ValorTotal"": 33.0, ""PesoKG"": 0.0, ""Comprimento"": 0.0, ""Altura"": 0.0, ""Largura"": 0.0, ""FreteGratis"": false, ""ValorUnitarioFrete"": 1.0, ""PrazoEntregaFrete"": 0, ""ComissaoVendedor"": 0.0, ""Seguro"": 0.0, ""Composicoes"": [], ""Atributos"": null, ""ProductGroupId"": 1, ""Categoria"": ""COM AÇUCAR"", ""CategoriaID"": ""6344371e5b452fbeceeea9ec""}, {""Codigo"": ""0232"", ""Unidade"": ""UN"", ""Descricao"": ""0232 - SUCO DE CAJU 300ML - COM AÇUCAR"", ""Quantidade"": 2.0, ""ValorUnitario"": 6.5, ""ValorFrete"": 0.0, ""DescontoUnitario"": 0.0, ""ValorTotal"": 13.0, ""PesoKG"": 0.0, ""Comprimento"": 0.0, ""Altura"": 0.0, ""Largura"": 0.0, ""FreteGratis"": false, ""ValorUnitarioFrete"": 1.0, ""PrazoEntregaFrete"": 0, ""ComissaoVendedor"": 0.0, ""Seguro"": 0.0, ""Composicoes"": [], ""Atributos"": null, ""ProductGroupId"": 1, ""Categoria"": ""COM AÇUCAR"", ""CategoriaID"": ""6344371e5b452fbeceeea9ec""}]";;2026-10-01T12:15:43.068-03:00;"[{""FormaPagamento"": ""Dinheiro"", ""DescricaoPagamento"": ""Descrição"", ""ValorPagamento"": 18.0, ""BandeiraCartao"": """", ""NumeroTerminal"": null, ""DataTransacao"": ""2026-10-01T03:00:00Z"", ""CredenciadoraCartao"": null, ""CredenciadoraCNPJ"": null, ""CV_NSU"": null, ""TipoIntegracao"": null, ""CondicaoPagamento"": 0, ""Parcelas"": 1, ""PeriodoParcelas"": 30, ""Adiantamento"": 0.0, ""Quitar"": null}, {""FormaPagamento"": ""PIX"", ""DescricaoPagamento"": ""Pagamento recebido em PIX"", ""ValorPagamento"": 46.0, ""BandeiraCartao"": """", ""NumeroTerminal"": null, ""DataTransacao"": ""2026-10-01T03:00:00Z"", ""CredenciadoraCartao"": null, ""CredenciadoraCNPJ"": null, ""CV_NSU"": null, ""TipoIntegracao"": null, ""CondicaoPagamento"": 0, ""Parcelas"": 1, ""PeriodoParcelas"": 30, ""Adiantamento"": 0.0, ""Quitar"": null}]";;0.0;;2026-10-01T12:15:44.148-03:00;;;;;;0001-01-01T00:00:00-02:00;GRUPO_ITZ;GRUPO_ITZ_27.293.549 JOAO PAULO SANTANA ABREU_6abe791ff408cfa759bdeece
6abe7933b36b21c5cbff1268;;99705201;PDV;6a18a385da5a520bbdcf82f5;TABELA_CODO_CLUBE;6a18ceac084826e8b59918fb;ESTOQUE CODO;Pedido Faturado;;Consumidor Final;2026-10-01T12:16:03.006-03:00;27.293.549 JOAO PAULO SANTANA ABREU;6a18a31f3568a1013fc4047d;6aa4294e9d15344f29681e24;MONICA FURTADO DE ALMEIDA LEONARDO CLUBE;6aa4294e9d15344f29681e24;00310405351;;CSM CODO;0e5e0497-a3c0-4221-bcdc-e722b7e2b621;Receitas PDV;PIX;635ae864cd43d34b928b24c4;0;0;;;2026-10-01T12:16:03.1-03:00;0001-01-01T00:00:00-02:00;0001-01-01T00:00:00-02:00;False;0.0;False;;False;0.0;Gerado automaticamente através do modulo PDV;0.0;;81.0;True;True;;;Brasil;;;;;;;;"[{""Id"": 1, ""Nome"": ""Grupo de Produtos Padrão - 01""}]";"[{""Codigo"": ""123213633322705"", ""Unidade"": """", ""Descricao"": ""123213633322705 - IOGURTE NATURAL 300ML"", ""Quantidade"": 1.0, ""ValorUnitario"": 8.0, ""ValorFrete"": 0.0, ""DescontoUnitario"": 0.0, ""ValorTotal"": 8.0, ""PesoKG"": 0.0, ""Comprimento"": 0.0, ""Altura"": 0.0, ""Largura"": 0.0, ""FreteGratis"": false, ""ValorUnitarioFrete"": 1.0, ""PrazoEntregaFrete"": 0, ""ComissaoVendedor"": 0.0, ""Seguro"": 0.0, ""Composicoes"": [], ""Atributos"": null, ""ProductGroupId"": 1, ""Categoria"": """", ""CategoriaID"": """"}, {""Codigo"": ""0233"", ""Unidade"": ""UN"", ""Descricao"": ""0233 - SUCO DE GOIABA 300ML - COM AÇUCAR"", ""Quantidade"": 1.0, ""ValorUnitario"": 5.0, ""ValorFrete"": 0.0, ""DescontoUnitario"": 0.0, ""ValorTotal"": 5.0, ""PesoKG"": 0.0, ""Comprimento"": 0.0, ""Altura"": 0.0, ""Largura"": 0.0, ""FreteGratis"": false, ""ValorUnitarioFrete"": 1.0, ""PrazoEntregaFrete"": 0, ""ComissaoVendedor"": 0.0, ""Seguro"": 0.0, ""Composicoes"": [], ""Atributos"": null, ""ProductGroupId"": 1, ""Categoria"": ""COM AÇUCAR"", ""CategoriaID"": ""6344371e5b452fbeceeea9ec""}, {""Codigo"": ""0202"", ""Unidade"": ""UN"", ""Descricao"": ""0202 - SUCO DE ACEROLA 1L - COM AÇUCAR"", ""Quantidade"": 1.0, ""ValorUnitario"": 21.0, ""ValorFrete"": 0.0, ""DescontoUnitario"": 0.0, ""ValorTotal"": 21.0, ""PesoKG"": 0.0, ""Comprimento"": 0.0, ""Altura"": 0.0, ""Largura"": 0.0, ""FreteGratis"": false, ""ValorUnitarioFrete"": 1.0, ""PrazoEntregaFrete"": 0, ""ComissaoVendedor"": 0.0, ""Seguro"": 0.0, ""Composicoes"": [], ""Atributos"": null, ""ProductGroupId"": 1, ""Categoria"": ""COM AÇUCAR"", ""CategoriaID"": ""6344371e5b452fbeceeea9ec""}, {""Codigo"": ""0209"", ""Unidade"": ""UN"", ""Descricao"": ""0209 - SUCO DE LARANJA 1L - COM AÇUCAR"", ""Quantidade"": 1.0, ""ValorUnitario"": 18.0, ""ValorFrete"": 0.0, ""DescontoUnitario"": 0.0, ""ValorTotal"": 18.0, ""PesoKG"": 0.0, ""Comprimento"": 0.0, ""Altura"": 0.0, ""Largura"": 0.0, ""FreteGratis"": false, ""ValorUnitarioFrete"": 1.0, ""PrazoEntregaFrete"": 0, ""ComissaoVendedor"": 0.0, ""Seguro"": 0.0, ""Composicoes"": [], ""Atributos"": null, ""ProductGroupId"": 1, ""Categoria"": ""COM AÇUCAR"", ""CategoriaID"": ""6344371e5b452fbeceeea9ec""}, {""Codigo"": ""0222"", ""Unidade"": ""UN"", ""Descricao"": ""0222 - SUCO DE GOIABA 2L - COM AÇUCAR"", ""Quantidade"": 1.0, ""ValorUnitario"": 29.0, ""ValorFrete"": 0.0, ""DescontoUnitario"": 0.0, ""ValorTotal"": 29.0, ""PesoKG"": 0.0, ""Comprimento"": 0.0, ""Altura"": 0.0, ""Largura"": 0.0, ""FreteGratis"": false, ""ValorUnitarioFrete"": 1.0, ""PrazoEntregaFrete"": 0, ""ComissaoVendedor"": 0.0, ""Seguro"": 0.0, ""Composicoes"": [], ""Atributos"": null, ""ProductGroupId"": 1, ""Categoria"": ""COM AÇUCAR"", ""CategoriaID"": ""6344371e5b452fbeceeea9ec""}]";;2026-10-01T12:16:03.1-03:00;"[{""FormaPagamento"": ""PIX"", ""DescricaoPagamento"": ""Pagamento recebido em PIX"", ""ValorPagamento"": 81.0, ""BandeiraCartao"": """", ""NumeroTerminal"": null, ""DataTransacao"": ""2026-10-01T03:00:00Z"", ""CredenciadoraCartao"": null, ""CredenciadoraCNPJ"": null, ""CV_NSU"": null, ""TipoIntegracao"": null, ""CondicaoPagamento"": 0, ""Parcelas"": 1, ""PeriodoParcelas"": 30, ""Adiantamento"": 0.0, ""Quitar"": null}]";;0.0;;2026-10-01T12:16:04.571-03:00;;;;;;0001-01-01T00:00:00-02:00;GRUPO_ITZ;GRUPO_ITZ_27.293.549 JOAO PAULO SANTANA ABREU_6abe7933b36b21c5cbff1268
6abe7abd31195d99ead98fb5;;99705209;PDV;6a18a385da5a520bbdcf82f5;TABELA_CODO_CLUBE;6a18ceac084826e8b59918fb;ESTOQUE CODO;Pedido Faturado;;Consumidor Final;2026-10-01T12:22:37.319-03:00;27.293.549 JOAO PAULO SANTANA ABREU;6a18a31f3568a1013fc4047d;659057a8395f2736400d9dbd;CONSUMIDOR NÃO IDENTIFICADO;659057a8395f2736400d9dbd;;;CSM CODO;0e5e0497-a3c0-4221-bcdc-e722b7e2b621;Receitas PDV;PIX;635ae864cd43d34b928b24c4;0;0;;;2026-10-01T12:22:37.35-03:00;0001-01-01T00:00:00-02:00;0001-01-01T00:00:00-02:00;False;0.0;False;;False;0.0;Gerado automaticamente através do modulo PDV;0.0;;11.0;True;True;;;;;;;;;;;"[{""Id"": 1, ""Nome"": ""Grupo de Produtos Padrão - 01""}]";"[{""Codigo"": ""0232"", ""Unidade"": ""UN"", ""Descricao"": ""0232 - SUCO DE CAJU 300ML - COM AÇUCAR"", ""Quantidade"": 2.0, ""ValorUnitario"": 6.5, ""ValorFrete"": 0.0, ""DescontoUnitario"": 0.9997000000000001, ""ValorTotal"": 11.0, ""PesoKG"": 0.0, ""Comprimento"": 0.0, ""Altura"": 0.0, ""Largura"": 0.0, ""FreteGratis"": false, ""ValorUnitarioFrete"": 1.0, ""PrazoEntregaFrete"": 0, ""ComissaoVendedor"": 0.0, ""Seguro"": 0.0, ""Composicoes"": [], ""Atributos"": null, ""ProductGroupId"": 1, ""Categoria"": ""COM AÇUCAR"", ""CategoriaID"": ""6344371e5b452fbeceeea9ec""}]";;2026-10-01T12:22:37.35-03:00;"[{""FormaPagamento"": ""PIX"", ""DescricaoPagamento"": ""Pagamento recebido em PIX"", ""ValorPagamento"": 11.0, ""BandeiraCartao"": """", ""NumeroTerminal"": null, ""DataTransacao"": ""2026-10-01T03:00:00Z"", ""CredenciadoraCartao"": null, ""CredenciadoraCNPJ"": null, ""CV_NSU"": null, ""TipoIntegracao"": null, ""CondicaoPagamento"": 0, ""Parcelas"": 1, ""PeriodoParcelas"": 30, ""Adiantamento"": 0.0, ""Quitar"": null}]";;0.0;;2026-10-01T12:22:37.991-03:00;;;;;;0001-01-01T00:00:00-02:00;GRUPO_ITZ;GRUPO_ITZ_27.293.549 JOAO PAULO SANTANA ABREU_6abe7abd31195d99ead98fb5
6abe7cfeaa0b5eef7cda1556;;99705216;PDV;6a18a385da5a520bbdcf82f5;TABELA_CODO_B2C;6a18a33b451bf91ff0fc9d61;ESTOQUE CODO;Pedido Faturado;;Consumidor Final;2026-10-01T12:32:14.701-03:00;27.293.549 JOAO PAULO SANTANA ABREU;6a18a31f3568a1013fc4047d;659057a8395f2736400d9dbd;CONSUMIDOR NÃO IDENTIFICADO;659057a8395f2736400d9dbd;;;CSM CODO;0e5e0497-a3c0-4221-bcdc-e722b7e2b621;Receitas PDV;Cartão de Débito;5b648d993498afae6d5c361b;0;0;;;2026-10-01T12:32:14.779-03:00;0001-01-01T00:00:00-02:00;0001-01-01T00:00:00-02:00;False;0.0;False;;False;0.0;Gerado automaticamente através do modulo PDV;0.0;;44.0;True;True;;;;;;;;;;;"[{""Id"": 1, ""Nome"": ""Grupo de Produtos Padrão - 01""}]";"[{""Codigo"": ""123213633323653"", ""Unidade"": """", ""Descricao"": ""123213633323653 - PICOLÉ CARAMELLE MORANGO COM LEITE CONDENSADO"", ""Quantidade"": 1.0, ""ValorUnitario"": 12.0, ""ValorFrete"": 0.0, ""DescontoUnitario"": 0.0, ""ValorTotal"": 12.0, ""PesoKG"": 0.0, ""Comprimento"": 0.0, ""Altura"": 0.0, ""Largura"": 0.0, ""FreteGratis"": false, ""ValorUnitarioFrete"": 1.0, ""PrazoEntregaFrete"": 0, ""ComissaoVendedor"": 0.0, ""Seguro"": 0.0, ""Composicoes"": [], ""Atributos"": null, ""ProductGroupId"": 1, ""Categoria"": """", ""CategoriaID"": """"}, {""Codigo"": ""123213633322705"", ""Unidade"": """", ""Descricao"": ""123213633322705 - IOGURTE NATURAL 300ML"", ""Quantidade"": 4.0, ""ValorUnitario"": 8.0, ""ValorFrete"": 0.0, ""DescontoUnitario"": 0.0, ""ValorTotal"": 32.0, ""PesoKG"": 0.0, ""Comprimento"": 0.0, ""Altura"": 0.0, ""Largura"": 0.0, ""FreteGratis"": false, ""ValorUnitarioFrete"": 1.0, ""PrazoEntregaFrete"": 0, ""ComissaoVendedor"": 0.0, ""Seguro"": 0.0, ""Composicoes"": [], ""Atributos"": null, ""ProductGroupId"": 1, ""Categoria"": """", ""CategoriaID"": """"}]";;2026-10-01T12:32:14.779-03:00;"[{""FormaPagamento"": ""Cartão de Débito"", ""DescricaoPagamento"": ""Pagamento recebido em Cartão de Débito"", ""ValorPagamento"": 44.0, ""BandeiraCartao"": ""01"", ""NumeroTerminal"": null, ""DataTransacao"": ""2026-10-01T03:00:00Z"", ""CredenciadoraCartao"": """", ""CredenciadoraCNPJ"": null, ""CV_NSU"": null, ""TipoIntegracao"": null, ""CondicaoPagamento"": 0, ""Parcelas"": 1, ""PeriodoParcelas"": 30, ""Adiantamento"": 0.0, ""Quitar"": null}]";;0.0;;2026-10-01T12:32:15.472-03:00;;;;;;0001-01-01T00:00:00-02:00;GRUPO_ITZ;GRUPO_ITZ_27.293.549 JOAO PAULO SANTANA ABREU_6abe7cfeaa0b5eef7cda1556
6abe836da93bcdf35ae15abf;;99705260;PDV;6a18a385da5a520bbdcf82f5;TABELA_CODO_CLUBE;6a18ceac084826e8b59918fb;ESTOQUE CODO;Pedido Faturado;;Consumidor Final;2026-10-01T12:59:41.292-03:00;27.293.549 JOAO PAULO SANTANA ABREU;6a18a31f3568a1013fc4047d;64d11b27b30877ef28263add;Lucas Barros CLUBE;64d11b27b30877ef28263add;00208931325;;CSM CODO;0e5e0497-a3c0-4221-bcdc-e722b7e2b621;Receitas PDV;Cartão de Débito;5b648d993498afae6d5c361b;0;0;;;2026-10-01T12:59:41.34-03:00;0001-01-01T00:00:00-02:00;0001-01-01T00:00:00-02:00;False;0.0;False;;False;0.0;Gerado automaticamente através do modulo PDV;0.0;;39.0;True;True;;;Brasil;;;;;;;;"[{""Id"": 1, ""Nome"": ""Grupo de Produtos Padrão - 01""}]";"[{""Codigo"": ""0209"", ""Unidade"": ""UN"", ""Descricao"": ""0209 - SUCO DE LARANJA 1L - COM AÇUCAR"", ""Quantidade"": 1.0, ""ValorUnitario"": 18.0, ""ValorFrete"": 0.0, ""DescontoUnitario"": 0.0, ""ValorTotal"": 18.0, ""PesoKG"": 0.0, ""Comprimento"": 0.0, ""Altura"": 0.0, ""Largura"": 0.0, ""FreteGratis"": false, ""ValorUnitarioFrete"": 1.0, ""PrazoEntregaFrete"": 0, ""ComissaoVendedor"": 0.0, ""Seguro"": 0.0, ""Composicoes"": [], ""Atributos"": null, ""ProductGroupId"": 1, ""Categoria"": ""COM AÇUCAR"", ""CategoriaID"": ""6344371e5b452fbeceeea9ec""}, {""Codigo"": ""0202"", ""Unidade"": ""UN"", ""Descricao"": ""0202 - SUCO DE ACEROLA 1L - COM AÇUCAR"", ""Quantidade"": 1.0, ""ValorUnitario"": 21.0, ""ValorFrete"": 0.0, ""DescontoUnitario"": 0.0, ""ValorTotal"": 21.0, ""PesoKG"": 0.0, ""Comprimento"": 0.0, ""Altura"": 0.0, ""Largura"": 0.0, ""FreteGratis"": false, ""ValorUnitarioFrete"": 1.0, ""PrazoEntregaFrete"": 0, ""ComissaoVendedor"": 0.0, ""Seguro"": 0.0, ""Composicoes"": [], ""Atributos"": null, ""ProductGroupId"": 1, ""Categoria"": ""COM AÇUCAR"", ""CategoriaID"": ""6344371e5b452fbeceeea9ec""}]";;2026-10-01T12:59:41.34-03:00;"[{""FormaPagamento"": ""Cartão de Débito"", ""DescricaoPagamento"": ""Pagamento recebido em Cartão de Débito"", ""ValorPagamento"": 39.0, ""BandeiraCartao"": ""01"", ""NumeroTerminal"": null, ""DataTransacao"": ""2026-10-01T03:00:00Z"", ""CredenciadoraCartao"": """", ""CredenciadoraCNPJ"": null, ""CV_NSU"": null, ""TipoIntegracao"": null, ""CondicaoPagamento"": 0, ""Parcelas"": 1, ""PeriodoParcelas"": 30, ""Adiantamento"": 0.0, ""Quitar"": null}]";;0.0;;2026-10-01T12:59:42.856-03:00;;;;;;0001-01-01T00:00:00-02:00;GRUPO_ITZ;GRUPO_ITZ_27.293.549 JOAO PAULO SANTANA ABREU_6abe836da93bcdf35ae15abf
6abe3f81de3d6305f93ae78e;;99704975;PDV;6a186de126515a6c8fa1abf8;TABELA_TUNTUM_B2C;6a186e8ada5a520bbdc66203;TUNTUM;Pedido Faturado;;Consumidor Final;2026-10-01T08:09:53.679-03:00;66.983.624 CLAUDIA DANIELLY CISIRNANDO SILVA FERREIRA;6a186da1da5a520bbdc62989;659057a8395f2736400d9dbd;CONSUMIDOR NÃO IDENTIFICADO;659057a8395f2736400d9dbd;;;CSM TUNTUM;4269669a-4472-436c-879e-b8303b33651c;Receitas PDV;Dinheiro;5b648d1c3498afae6d5bfd89;0;0;;;2026-10-01T08:09:53.847-03:00;0001-01-01T00:00:00-02:00;0001-01-01T00:00:00-02:00;False;0.0;False;;False;0.0;Gerado automaticamente através do modulo PDV;0.0;;30.0;True;True;;;;;;;;;;;"[{""Id"": 1, ""Nome"": ""Grupo de Produtos Padrão - 01""}]";"[{""Codigo"": ""0222"", ""Unidade"": ""UN"", ""Descricao"": ""0222 - SUCO DE GOIABA 2L - COM AÇUCAR"", ""Quantidade"": 1.0, ""ValorUnitario"": 32.0, ""ValorFrete"": 0.0, ""DescontoUnitario"": 2.0, ""ValorTotal"": 30.0, ""PesoKG"": 0.0, ""Comprimento"": 0.0, ""Altura"": 0.0, ""Largura"": 0.0, ""FreteGratis"": false, ""ValorUnitarioFrete"": 1.0, ""PrazoEntregaFrete"": 0, ""ComissaoVendedor"": 0.0, ""Seguro"": 0.0, ""Composicoes"": [], ""Atributos"": null, ""ProductGroupId"": 1, ""Categoria"": ""COM AÇUCAR"", ""CategoriaID"": ""6344371e5b452fbeceeea9ec""}]";;2026-10-01T08:09:53.847-03:00;"[{""FormaPagamento"": ""Dinheiro"", ""DescricaoPagamento"": ""Pagamento recebido em Dinheiro"", ""ValorPagamento"": 30.0, ""BandeiraCartao"": """", ""NumeroTerminal"": null, ""DataTransacao"": ""2026-10-01T03:00:00Z"", ""CredenciadoraCartao"": null, ""CredenciadoraCNPJ"": null, ""CV_NSU"": null, ""TipoIntegracao"": null, ""CondicaoPagamento"": 0, ""Parcelas"": 1, ""PeriodoParcelas"": 30, ""Adiantamento"": 0.0, ""Quitar"": null}]";;0.0;;2026-10-01T08:09:54.911-03:00;;;;;;0001-01-01T00:00:00-02:00;GRUPO_ITZ;GRUPO_ITZ_66.983.624 CLAUDIA DANIELLY CISIRNANDO SILVA FERREIRA_6abe3f81de3d6305f93ae78e
6abe3faac35bacdceceee508;;99704976;PDV;6a186de126515a6c8fa1abf8;TAB_TUNTUM_CLUBE;6a186ee4084826e8b58c4417;TUNTUM;Pedido Faturado;;Consumidor Final;2026-10-01T08:10:34.776-03:00;66.983.624 CLAUDIA DANIELLY CISIRNANDO SILVA FERREIRA;6a186da1da5a520bbdc62989;659057a8395f2736400d9dbd;CONSUMIDOR NÃO IDENTIFICADO;659057a8395f2736400d9dbd;;;CSM TUNTUM;4269669a-4472-436c-879e-b8303b33651c;Receitas PDV;Dinheiro;5b648d1c3498afae6d5bfd89;0;0;;;2026-10-01T08:10:34.838-03:00;0001-01-01T00:00:00-02:00;0001-01-01T00:00:00-02:00;False;0.0;False;;False;0.0;Gerado automaticamente através do modulo PDV;0.0;;7.0;True;True;;;;;;;;;;;"[{""Id"": 1, ""Nome"": ""Grupo de Produtos Padrão - 01""}]";"[{""Codigo"": ""0237"", ""Unidade"": ""UN"", ""Descricao"": ""0237 - SUCO DE MARACUJA 300ML - COM AÇUCAR"", ""Quantidade"": 1.0, ""ValorUnitario"": 7.0, ""ValorFrete"": 0.0, ""DescontoUnitario"": 0.0, ""ValorTotal"": 7.0, ""PesoKG"": 0.0, ""Comprimento"": 0.0, ""Altura"": 0.0, ""Largura"": 0.0, ""FreteGratis"": false, ""ValorUnitarioFrete"": 1.0, ""PrazoEntregaFrete"": 0, ""ComissaoVendedor"": 0.0, ""Seguro"": 0.0, ""Composicoes"": [], ""Atributos"": null, ""ProductGroupId"": 1, ""Categoria"": ""COM AÇUCAR"", ""CategoriaID"": ""6344371e5b452fbeceeea9ec""}]";;2026-10-01T08:10:34.838-03:00;"[{""FormaPagamento"": ""Dinheiro"", ""DescricaoPagamento"": ""Pagamento recebido em Dinheiro"", ""ValorPagamento"": 7.0, ""BandeiraCartao"": """", ""NumeroTerminal"": null, ""DataTransacao"": ""2026-10-01T03:00:00Z"", ""CredenciadoraCartao"": null, ""CredenciadoraCNPJ"": null, ""CV_NSU"": null, ""TipoIntegracao"": null, ""CondicaoPagamento"": 0, ""Parcelas"": 1, ""PeriodoParcelas"": 30, ""Adiantamento"": 0.0, ""Quitar"": null}]";;0.0;;2026-10-01T08:10:35.699-03:00;;;;;;0001-01-01T00:00:00-02:00;GRUPO_ITZ;GRUPO_ITZ_66.983.624 CLAUDIA DANIELLY CISIRNANDO SILVA FERREIRA_6abe3faac35bacdceceee508
6abe4715de3d6305f93b7a2a;;99705010;PDV;6a186de126515a6c8fa1abf8;TAB_TUNTUM_CLUBE;6a186ee4084826e8b58c4417;TUNTUM;Pedido Faturado;;Consumidor Final;2026-10-01T08:42:13.776-03:00;66.983.624 CLAUDIA DANIELLY CISIRNANDO SILVA FERREIRA;6a186da1da5a520bbdc62989;659057a8395f2736400d9dbd;CONSUMIDOR NÃO IDENTIFICADO;659057a8395f2736400d9dbd;;;CSM TUNTUM;4269669a-4472-436c-879e-b8303b33651c;Receitas PDV;PIX;635ae864cd43d34b928b24c4;0;0;;;2026-10-01T08:42:13.823-03:00;0001-01-01T00:00:00-02:00;0001-01-01T00:00:00-02:00;False;0.0;False;;False;0.0;Gerado automaticamente através do modulo PDV;0.0;;33.0;True;True;;;;;;;;;;;"[{""Id"": 1, ""Nome"": ""Grupo de Produtos Padrão - 01""}]";"[{""Codigo"": ""0225"", ""Unidade"": ""UN"", ""Descricao"": ""0225 - SUCO DE MARACUJA 2L - COM AÇUCAR"", ""Quantidade"": 1.0, ""ValorUnitario"": 33.0, ""ValorFrete"": 0.0, ""DescontoUnitario"": 0.0, ""ValorTotal"": 33.0, ""PesoKG"": 0.0, ""Comprimento"": 0.0, ""Altura"": 0.0, ""Largura"": 0.0, ""FreteGratis"": false, ""ValorUnitarioFrete"": 1.0, ""PrazoEntregaFrete"": 0, ""ComissaoVendedor"": 0.0, ""Seguro"": 0.0, ""Composicoes"": [], ""Atributos"": null, ""ProductGroupId"": 1, ""Categoria"": ""COM AÇUCAR"", ""CategoriaID"": ""6344371e5b452fbeceeea9ec""}]";;2026-10-01T08:42:13.823-03:00;"[{""FormaPagamento"": ""PIX"", ""DescricaoPagamento"": ""Pagamento recebido em PIX"", ""ValorPagamento"": 33.0, ""BandeiraCartao"": """", ""NumeroTerminal"": null, ""DataTransacao"": ""2026-10-01T03:00:00Z"", ""CredenciadoraCartao"": null, ""CredenciadoraCNPJ"": null, ""CV_NSU"": null, ""TipoIntegracao"": null, ""CondicaoPagamento"": 0, ""Parcelas"": 1, ""PeriodoParcelas"": 30, ""Adiantamento"": 0.0, ""Quitar"": null}]";;0.0;;2026-10-01T08:42:14.809-03:00;;;;;;0001-01-01T00:00:00-02:00;GRUPO_ITZ;GRUPO_ITZ_66.983.624 CLAUDIA DANIELLY CISIRNANDO SILVA FERREIRA_6abe4715de3d6305f93b7a2a
6abe4e0df8094b3cf4b20b88;;99705028;PDV;6a186de126515a6c8fa1abf8;TAB_TUNTUM_CLUBE;6a186ee4084826e8b58c4417;TUNTUM;Pedido Faturado;;Consumidor Final;2026-10-01T09:11:57.857-03:00;66.983.624 CLAUDIA DANIELLY CISIRNANDO SILVA FERREIRA;6a186da1da5a520bbdc62989;659057a8395f2736400d9dbd;CONSUMIDOR NÃO IDENTIFICADO;659057a8395f2736400d9dbd;;;CSM TUNTUM;4269669a-4472-436c-879e-b8303b33651c;Receitas PDV;PIX;635ae864cd43d34b928b24c4;0;0;;;2026-10-01T09:11:57.889-03:00;0001-01-01T00:00:00-02:00;0001-01-01T00:00:00-02:00;False;0.0;False;;False;0.0;Gerado automaticamente através do modulo PDV;0.0;;65.0;True;True;;;;;;;;;;;"[{""Id"": 1, ""Nome"": ""Grupo de Produtos Padrão - 01""}]";"[{""Codigo"": ""0243"", ""Unidade"": ""UN"", ""Descricao"": ""0243 - SUCO DE ACEROLA 5L - COM AÇUCAR"", ""Quantidade"": 1.0, ""ValorUnitario"": 80.0, ""ValorFrete"": 0.0, ""DescontoUnitario"": 15.0, ""ValorTotal"": 65.0, ""PesoKG"": 0.0, ""Comprimento"": 0.0, ""Altura"": 0.0, ""Largura"": 0.0, ""FreteGratis"": false, ""ValorUnitarioFrete"": 1.0, ""PrazoEntregaFrete"": 0, ""ComissaoVendedor"": 0.0, ""Seguro"": 0.0, ""Composicoes"": [], ""Atributos"": null, ""ProductGroupId"": 1, ""Categoria"": ""COM AÇUCAR"", ""CategoriaID"": ""6344371e5b452fbeceeea9ec""}]";;2026-10-01T09:11:57.889-03:00;"[{""FormaPagamento"": ""PIX"", ""DescricaoPagamento"": ""Pagamento recebido em PIX"", ""ValorPagamento"": 65.0, ""BandeiraCartao"": """", ""NumeroTerminal"": null, ""DataTransacao"": ""2026-10-01T03:00:00Z"", ""CredenciadoraCartao"": null, ""CredenciadoraCNPJ"": null, ""CV_NSU"": null, ""TipoIntegracao"": null, ""CondicaoPagamento"": 0, ""Parcelas"": 1, ""PeriodoParcelas"": 30, ""Adiantamento"": 0.0, ""Quitar"": null}]";;0.0;;2026-10-01T09:11:58.624-03:00;;;;;;0001-01-01T00:00:00-02:00;GRUPO_ITZ;GRUPO_ITZ_66.983.624 CLAUDIA DANIELLY CISIRNANDO SILVA FERREIRA_6abe4e0df8094b3cf4b20b88
6abe55a08a25980045151eaf;;99705055;PDV;6a186de126515a6c8fa1abf8;TAB_TUNTUM_CLUBE;6a186ee4084826e8b58c4417;TUNTUM;Pedido Faturado;;Consumidor Final;2026-10-01T09:44:16.121-03:00;66.983.624 CLAUDIA DANIELLY CISIRNANDO SILVA FERREIRA;6a186da1da5a520bbdc62989;659057a8395f2736400d9dbd;CONSUMIDOR NÃO IDENTIFICADO;659057a8395f2736400d9dbd;;;CSM TUNTUM;4269669a-4472-436c-879e-b8303b33651c;Receitas PDV;Dinheiro;5b648d1c3498afae6d5bfd89;0;0;;;2026-10-01T09:44:16.215-03:00;0001-01-01T00:00:00-02:00;0001-01-01T00:00:00-02:00;False;0.0;False;;False;0.0;Gerado automaticamente através do modulo PDV;0.0;;33.0;True;True;;;;;;;;;;;"[{""Id"": 1, ""Nome"": ""Grupo de Produtos Padrão - 01""}]";"[{""Codigo"": ""0225"", ""Unidade"": ""UN"", ""Descricao"": ""0225 - SUCO DE MARACUJA 2L - COM AÇUCAR"", ""Quantidade"": 1.0, ""ValorUnitario"": 33.0, ""ValorFrete"": 0.0, ""DescontoUnitario"": 0.0, ""ValorTotal"": 33.0, ""PesoKG"": 0.0, ""Comprimento"": 0.0, ""Altura"": 0.0, ""Largura"": 0.0, ""FreteGratis"": false, ""ValorUnitarioFrete"": 1.0, ""PrazoEntregaFrete"": 0, ""ComissaoVendedor"": 0.0, ""Seguro"": 0.0, ""Composicoes"": [], ""Atributos"": null, ""ProductGroupId"": 1, ""Categoria"": ""COM AÇUCAR"", ""CategoriaID"": ""6344371e5b452fbeceeea9ec""}]";;2026-10-01T09:44:16.215-03:00;"[{""FormaPagamento"": ""Dinheiro"", ""DescricaoPagamento"": ""Pagamento recebido em Dinheiro"", ""ValorPagamento"": 33.0, ""BandeiraCartao"": """", ""NumeroTerminal"": null, ""DataTransacao"": ""2026-10-01T03:00:00Z"", ""CredenciadoraCartao"": null, ""CredenciadoraCNPJ"": null, ""CV_NSU"": null, ""TipoIntegracao"": null, ""CondicaoPagamento"": 0, ""Parcelas"": 1, ""PeriodoParcelas"": 30, ""Adiantamento"": 0.0, ""Quitar"": null}]";;0.0;;2026-10-01T09:44:18.484-03:00;;;;;;0001-01-01T00:00:00-02:00;GRUPO_ITZ;GRUPO_ITZ_66.983.624 CLAUDIA DANIELLY CISIRNANDO SILVA FERREIRA_6abe55a08a25980045151eaf
6abe562a7064f37d849e3b94;;99705058;PDV;6a186de126515a6c8fa1abf8;TAB_TUNTUM_CLUBE;6a186ee4084826e8b58c4417;TUNTUM;Pedido Faturado;;Consumidor Final;2026-10-01T09:46:34.364-03:00;66.983.624 CLAUDIA DANIELLY CISIRNANDO SILVA FERREIRA;6a186da1da5a520bbdc62989;659057a8395f2736400d9dbd;CONSUMIDOR NÃO IDENTIFICADO;659057a8395f2736400d9dbd;;;CSM TUNTUM;4269669a-4472-436c-879e-b8303b33651c;Receitas PDV;Dinheiro;5b648d1c3498afae6d5bfd89;0;0;;;2026-10-01T09:46:34.428-03:00;0001-01-01T00:00:00-02:00;0001-01-01T00:00:00-02:00;False;0.0;False;;False;0.0;Gerado automaticamente através do modulo PDV;0.0;;30.0;True;True;;;;;;;;;;;"[{""Id"": 1, ""Nome"": ""Grupo de Produtos Padrão - 01""}]";"[{""Codigo"": ""0224"", ""Unidade"": ""UN"", ""Descricao"": ""0224 - SUCO DE LARANJA 2L - COM AÇUCAR"", ""Quantidade"": 1.0, ""ValorUnitario"": 33.0, ""ValorFrete"": 0.0, ""DescontoUnitario"": 2.9997, ""ValorTotal"": 30.0, ""PesoKG"": 0.0, ""Comprimento"": 0.0, ""Altura"": 0.0, ""Largura"": 0.0, ""FreteGratis"": false, ""ValorUnitarioFrete"": 1.0, ""PrazoEntregaFrete"": 0, ""ComissaoVendedor"": 0.0, ""Seguro"": 0.0, ""Composicoes"": [], ""Atributos"": null, ""ProductGroupId"": 1, ""Categoria"": ""COM AÇUCAR"", ""CategoriaID"": ""6344371e5b452fbeceeea9ec""}]";;2026-10-01T09:46:34.428-03:00;"[{""FormaPagamento"": ""Dinheiro"", ""DescricaoPagamento"": ""Pagamento recebido em Dinheiro"", ""ValorPagamento"": 30.0, ""BandeiraCartao"": """", ""NumeroTerminal"": null, ""DataTransacao"": ""2026-10-01T03:00:00Z"", ""CredenciadoraCartao"": null, ""CredenciadoraCNPJ"": null, ""CV_NSU"": null, ""TipoIntegracao"": null, ""CondicaoPagamento"": 0, ""Parcelas"": 1, ""PeriodoParcelas"": 30, ""Adiantamento"": 0.0, ""Quitar"": null}]";;0.0;;2026-10-01T09:46:35.147-03:00;;;;;;0001-01-01T00:00:00-02:00;GRUPO_ITZ;GRUPO_ITZ_66.983.624 CLAUDIA DANIELLY CISIRNANDO SILVA FERREIRA_6abe562a7064f37d849e3b94
6abe564ab21659cd59f16891;;99705059;PDV;6a186de126515a6c8fa1abf8;TABELA_TUNTUM_B2C;6a186e8ada5a520bbdc66203;TUNTUM;Pedido Faturado;;Consumidor Final;2026-10-01T09:47:06.758-03:00;66.983.624 CLAUDIA DANIELLY CISIRNANDO SILVA FERREIRA;6a186da1da5a520bbdc62989;659057a8395f2736400d9dbd;CONSUMIDOR NÃO IDENTIFICADO;659057a8395f2736400d9dbd;;;CSM TUNTUM;4269669a-4472-436c-879e-b8303b33651c;Receitas PDV;PIX;635ae864cd43d34b928b24c4;0;0;;;2026-10-01T09:47:06.821-03:00;0001-01-01T00:00:00-02:00;0001-01-01T00:00:00-02:00;False;0.0;False;;False;0.0;Gerado automaticamente através do modulo PDV;0.0;;12.5;True;True;;;;;;;;;;;"[{""Id"": 1, ""Nome"": ""Grupo de Produtos Padrão - 01""}]";"[{""Codigo"": ""123213633322826"", ""Unidade"": """", ""Descricao"": ""123213633322826 - DORITOS NACHO 32G"", ""Quantidade"": 1.0, ""ValorUnitario"": 6.5, ""ValorFrete"": 0.0, ""DescontoUnitario"": 0.0, ""ValorTotal"": 6.5, ""PesoKG"": 0.0, ""Comprimento"": 0.0, ""Altura"": 0.0, ""Largura"": 0.0, ""FreteGratis"": false, ""ValorUnitarioFrete"": 1.0, ""PrazoEntregaFrete"": 0, ""ComissaoVendedor"": 0.0, ""Seguro"": 0.0, ""Composicoes"": [], ""Atributos"": null, ""ProductGroupId"": 1, ""Categoria"": """", ""CategoriaID"": """"}, {""Codigo"": ""0233"", ""Unidade"": ""UN"", ""Descricao"": ""0233 - SUCO DE GOIABA 300ML - COM AÇUCAR"", ""Quantidade"": 1.0, ""ValorUnitario"": 6.0, ""ValorFrete"": 0.0, ""DescontoUnitario"": 0.0, ""ValorTotal"": 6.0, ""PesoKG"": 0.0, ""Comprimento"": 0.0, ""Altura"": 0.0, ""Largura"": 0.0, ""FreteGratis"": false, ""ValorUnitarioFrete"": 1.0, ""PrazoEntregaFrete"": 0, ""ComissaoVendedor"": 0.0, ""Seguro"": 0.0, ""Composicoes"": [], ""Atributos"": null, ""ProductGroupId"": 1, ""Categoria"": ""COM AÇUCAR"", ""CategoriaID"": ""6344371e5b452fbeceeea9ec""}]";;2026-10-01T09:47:06.821-03:00;"[{""FormaPagamento"": ""PIX"", ""DescricaoPagamento"": ""Pagamento recebido em PIX"", ""ValorPagamento"": 12.5, ""BandeiraCartao"": """", ""NumeroTerminal"": null, ""DataTransacao"": ""2026-10-01T03:00:00Z"", ""CredenciadoraCartao"": null, ""CredenciadoraCNPJ"": null, ""CV_NSU"": null, ""TipoIntegracao"": null, ""CondicaoPagamento"": 0, ""Parcelas"": 1, ""PeriodoParcelas"": 30, ""Adiantamento"": 0.0, ""Quitar"": null}]";;0.0;;2026-10-01T09:47:07.716-03:00;;;;;;0001-01-01T00:00:00-02:00;GRUPO_ITZ;GRUPO_ITZ_66.983.624 CLAUDIA DANIELLY CISIRNANDO SILVA FERREIRA_6abe564ab21659cd59f16891
6abe66f3b36b21c5cbfd579a;;99705106;PDV;6a186de126515a6c8fa1abf8;TABELA_TUNTUM_B2C;6a186e8ada5a520bbdc66203;TUNTUM;Pedido Faturado;;Consumidor Final;2026-10-01T10:58:11.042-03:00;66.983.624 CLAUDIA DANIELLY CISIRNANDO SILVA FERREIRA;6a186da1da5a520bbdc62989;659057a8395f2736400d9dbd;CONSUMIDOR NÃO IDENTIFICADO;659057a8395f2736400d9dbd;;;CSM TUNTUM;4269669a-4472-436c-879e-b8303b33651c;Receitas PDV;Cartão de Débito;5b648d993498afae6d5c361b;0;0;;;2026-10-01T10:58:11.12-03:00;0001-01-01T00:00:00-02:00;0001-01-01T00:00:00-02:00;False;0.0;False;;False;0.0;Gerado automaticamente através do modulo PDV;0.0;;36.0;True;True;;;;;;;;;;;"[{""Id"": 1, ""Nome"": ""Grupo de Produtos Padrão - 01""}]";"[{""Codigo"": ""0225"", ""Unidade"": ""UN"", ""Descricao"": ""0225 - SUCO DE MARACUJA 2L - COM AÇUCAR"", ""Quantidade"": 1.0, ""ValorUnitario"": 36.0, ""ValorFrete"": 0.0, ""DescontoUnitario"": 0.0, ""ValorTotal"": 36.0, ""PesoKG"": 0.0, ""Comprimento"": 0.0, ""Altura"": 0.0, ""Largura"": 0.0, ""FreteGratis"": false, ""ValorUnitarioFrete"": 1.0, ""PrazoEntregaFrete"": 0, ""ComissaoVendedor"": 0.0, ""Seguro"": 0.0, ""Composicoes"": [], ""Atributos"": null, ""ProductGroupId"": 1, ""Categoria"": ""COM AÇUCAR"", ""CategoriaID"": ""6344371e5b452fbeceeea9ec""}]";;2026-10-01T10:58:11.12-03:00;"[{""FormaPagamento"": ""Cartão de Débito"", ""DescricaoPagamento"": ""Pagamento recebido em Cartão de Débito"", ""ValorPagamento"": 36.0, ""BandeiraCartao"": ""02"", ""NumeroTerminal"": null, ""DataTransacao"": ""2026-10-01T03:00:00Z"", ""CredenciadoraCartao"": """", ""CredenciadoraCNPJ"": null, ""CV_NSU"": null, ""TipoIntegracao"": null, ""CondicaoPagamento"": 0, ""Parcelas"": 1, ""PeriodoParcelas"": 30, ""Adiantamento"": 0.0, ""Quitar"": null}]";;0.0;;2026-10-01T10:58:11.948-03:00;;;;;;0001-01-01T00:00:00-02:00;GRUPO_ITZ;GRUPO_ITZ_66.983.624 CLAUDIA DANIELLY CISIRNANDO SILVA FERREIRA_6abe66f3b36b21c5cbfd579a
6abe7f0131195d99ead9ffec;;99705238;PDV;6a186de126515a6c8fa1abf8;TABELA_TUNTUM_B2C;6a186e8ada5a520bbdc66203;TUNTUM;Pedido Faturado;;Consumidor Final;2026-10-01T12:40:49.569-03:00;66.983.624 CLAUDIA DANIELLY CISIRNANDO SILVA FERREIRA;6a186da1da5a520bbdc62989;659057a8395f2736400d9dbd;CONSUMIDOR NÃO IDENTIFICADO;659057a8395f2736400d9dbd;;;CSM TUNTUM;4269669a-4472-436c-879e-b8303b33651c;Receitas PDV;Dinheiro;5b648d1c3498afae6d5bfd89;0;0;;;2026-10-01T12:40:49.6-03:00;0001-01-01T00:00:00-02:00;0001-01-01T00:00:00-02:00;False;0.0;False;;False;0.0;Gerado automaticamente através do modulo PDV;0.0;;18.0;True;True;;;;;;;;;;;"[{""Id"": 1, ""Nome"": ""Grupo de Produtos Padrão - 01""}]";"[{""Codigo"": ""0213"", ""Unidade"": ""UN"", ""Descricao"": ""0213 - SUCO DE TAMARINDO 1L - COM AÇUCAR"", ""Quantidade"": 1.0, ""ValorUnitario"": 18.0, ""ValorFrete"": 0.0, ""DescontoUnitario"": 0.0, ""ValorTotal"": 18.0, ""PesoKG"": 0.0, ""Comprimento"": 0.0, ""Altura"": 0.0, ""Largura"": 0.0, ""FreteGratis"": false, ""ValorUnitarioFrete"": 1.0, ""PrazoEntregaFrete"": 0, ""ComissaoVendedor"": 0.0, ""Seguro"": 0.0, ""Composicoes"": [], ""Atributos"": null, ""ProductGroupId"": 1, ""Categoria"": ""COM AÇUCAR"", ""CategoriaID"": ""6344371e5b452fbeceeea9ec""}]";;2026-10-01T12:40:49.6-03:00;"[{""FormaPagamento"": ""Dinheiro"", ""DescricaoPagamento"": ""Pagamento recebido em Dinheiro"", ""ValorPagamento"": 18.0, ""BandeiraCartao"": """", ""NumeroTerminal"": null, ""DataTransacao"": ""2026-10-01T03:00:00Z"", ""CredenciadoraCartao"": null, ""CredenciadoraCNPJ"": null, ""CV_NSU"": null, ""TipoIntegracao"": null, ""CondicaoPagamento"": 0, ""Parcelas"": 1, ""PeriodoParcelas"": 30, ""Adiantamento"": 0.0, ""Quitar"": null}]";;0.0;;2026-10-01T12:40:50.382-03:00;;;;;;0001-01-01T00:00:00-02:00;GRUPO_ITZ;GRUPO_ITZ_66.983.624 CLAUDIA DANIELLY CISIRNANDO SILVA FERREIRA_6abe7f0131195d99ead9ffec
6abe7f19b36b21c5cbffae8f;;99705239;PDV;6a186de126515a6c8fa1abf8;TABELA_TUNTUM_B2C;6a186e8ada5a520bbdc66203;TUNTUM;Pedido Faturado;;Consumidor Final;2026-10-01T12:41:13.75-03:00;66.983.624 CLAUDIA DANIELLY CISIRNANDO SILVA FERREIRA;6a186da1da5a520bbdc62989;659057a8395f2736400d9dbd;CONSUMIDOR NÃO IDENTIFICADO;659057a8395f2736400d9dbd;;;CSM TUNTUM;4269669a-4472-436c-879e-b8303b33651c;Receitas PDV;Dinheiro;5b648d1c3498afae6d5bfd89;0;0;;;2026-10-01T12:41:13.797-03:00;0001-01-01T00:00:00-02:00;0001-01-01T00:00:00-02:00;False;0.0;False;;False;0.0;Gerado automaticamente através do modulo PDV;0.0;;20.0;True;True;;;;;;;;;;;"[{""Id"": 1, ""Nome"": ""Grupo de Produtos Padrão - 01""}]";"[{""Codigo"": ""0211"", ""Unidade"": ""UN"", ""Descricao"": ""0211 - SUCO DE MARACUJA 1L - COM AÇUCAR"", ""Quantidade"": 1.0, ""ValorUnitario"": 20.0, ""ValorFrete"": 0.0, ""DescontoUnitario"": 0.0, ""ValorTotal"": 20.0, ""PesoKG"": 0.0, ""Comprimento"": 0.0, ""Altura"": 0.0, ""Largura"": 0.0, ""FreteGratis"": false, ""ValorUnitarioFrete"": 1.0, ""PrazoEntregaFrete"": 0, ""ComissaoVendedor"": 0.0, ""Seguro"": 0.0, ""Composicoes"": [], ""Atributos"": null, ""ProductGroupId"": 1, ""Categoria"": ""COM AÇUCAR"", ""CategoriaID"": ""6344371e5b452fbeceeea9ec""}]";;2026-10-01T12:41:13.797-03:00;"[{""FormaPagamento"": ""Dinheiro"", ""DescricaoPagamento"": ""Pagamento recebido em Dinheiro"", ""ValorPagamento"": 20.0, ""BandeiraCartao"": """", ""NumeroTerminal"": null, ""DataTransacao"": ""2026-10-01T03:00:00Z"", ""CredenciadoraCartao"": null, ""CredenciadoraCNPJ"": null, ""CV_NSU"": null, ""TipoIntegracao"": null, ""CondicaoPagamento"": 0, ""Parcelas"": 1, ""PeriodoParcelas"": 30, ""Adiantamento"": 0.0, ""Quitar"": null}]";;0.0;;2026-10-01T12:41:14.502-03:00;;;;;;0001-01-01T00:00:00-02:00;GRUPO_ITZ;GRUPO_ITZ_66.983.624 CLAUDIA DANIELLY CISIRNANDO SILVA FERREIRA_6abe7f19b36b21c5cbffae8f
6abe8664a93bcdf35ae1aaf3;;99705272;PDV;6a186de126515a6c8fa1abf8;TAB_TUNTUM_CLUBE;6a186ee4084826e8b58c4417;TUNTUM;Pedido Faturado;;Consumidor Final;2026-10-01T13:12:20.183-03:00;66.983.624 CLAUDIA DANIELLY CISIRNANDO SILVA FERREIRA;6a186da1da5a520bbdc62989;6a208dbc1a1df16e170722bb;ERICA PATRICIA CLUBE TUNTUM;6a208dbc1a1df16e170722bb;60220629340;;CSM TUNTUM;4269669a-4472-436c-879e-b8303b33651c;Receitas PDV;PIX;635ae864cd43d34b928b24c4;0;0;;;2026-10-01T13:12:20.246-03:00;0001-01-01T00:00:00-02:00;0001-01-01T00:00:00-02:00;False;0.0;False;;False;0.0;Gerado automaticamente através do modulo PDV;0.0;;70.0;True;True;;;Brasil;;;;;;;;"[{""Id"": 1, ""Nome"": ""Grupo de Produtos Padrão - 01""}]";"[{""Codigo"": ""0202"", ""Unidade"": ""UN"", ""Descricao"": ""0202 - SUCO DE ACEROLA 1L - COM AÇUCAR"", ""Quantidade"": 1.0, ""ValorUnitario"": 21.0, ""ValorFrete"": 0.0, ""DescontoUnitario"": 0.0, ""ValorTotal"": 21.0, ""PesoKG"": 0.0, ""Comprimento"": 0.0, ""Altura"": 0.0, ""Largura"": 0.0, ""FreteGratis"": false, ""ValorUnitarioFrete"": 1.0, ""PrazoEntregaFrete"": 0, ""ComissaoVendedor"": 0.0, ""Seguro"": 0.0, ""Composicoes"": [], ""Atributos"": null, ""ProductGroupId"": 1, ""Categoria"": ""COM AÇUCAR"", ""CategoriaID"": ""6344371e5b452fbeceeea9ec""}, {""Codigo"": ""0205"", ""Unidade"": ""UN"", ""Descricao"": ""0205 - SUCO DE CAJU 1L - COM AÇUCAR"", ""Quantidade"": 1.0, ""ValorUnitario"": 16.0, ""ValorFrete"": 0.0, ""DescontoUnitario"": 0.0, ""ValorTotal"": 16.0, ""PesoKG"": 0.0, ""Comprimento"": 0.0, ""Altura"": 0.0, ""Largura"": 0.0, ""FreteGratis"": false, ""ValorUnitarioFrete"": 1.0, ""PrazoEntregaFrete"": 0, ""ComissaoVendedor"": 0.0, ""Seguro"": 0.0, ""Composicoes"": [], ""Atributos"": null, ""ProductGroupId"": 1, ""Categoria"": ""COM AÇUCAR"", ""CategoriaID"": ""6344371e5b452fbeceeea9ec""}, {""Codigo"": ""0224"", ""Unidade"": ""UN"", ""Descricao"": ""0224 - SUCO DE LARANJA 2L - COM AÇUCAR"", ""Quantidade"": 1.0, ""ValorUnitario"": 33.0, ""ValorFrete"": 0.0, ""DescontoUnitario"": 0.0, ""ValorTotal"": 33.0, ""PesoKG"": 0.0, ""Comprimento"": 0.0, ""Altura"": 0.0, ""Largura"": 0.0, ""FreteGratis"": false, ""ValorUnitarioFrete"": 1.0, ""PrazoEntregaFrete"": 0, ""ComissaoVendedor"": 0.0, ""Seguro"": 0.0, ""Composicoes"": [], ""Atributos"": null, ""ProductGroupId"": 1, ""Categoria"": ""COM AÇUCAR"", ""CategoriaID"": ""6344371e5b452fbeceeea9ec""}]";;2026-10-01T13:12:20.246-03:00;"[{""FormaPagamento"": ""PIX"", ""DescricaoPagamento"": ""Pagamento recebido em PIX"", ""ValorPagamento"": 70.0, ""BandeiraCartao"": """", ""NumeroTerminal"": null, ""DataTransacao"": ""2026-10-01T03:00:00Z"", ""CredenciadoraCartao"": null, ""CredenciadoraCNPJ"": null, ""CV_NSU"": null, ""TipoIntegracao"": null, ""CondicaoPagamento"": 0, ""Parcelas"": 1, ""PeriodoParcelas"": 30, ""Adiantamento"": 0.0, ""Quitar"": null}]";;0.0;;2026-10-01T13:12:21.686-03:00;;;;;;0001-01-01T00:00:00-02:00;GRUPO_ITZ;GRUPO_ITZ_66.983.624 CLAUDIA DANIELLY CISIRNANDO SILVA FERREIRA_6abe8664a93bcdf35ae1aaf3
